tree
version=v4
num_class=1
num_tree_per_iteration=1
label_index=0
max_feature_idx=17
objective=binary sigmoid:1
feature_names=time_to_migrate_s n_bonding_trades n_buys n_sells n_buyers n_sellers buy_sol sell_sol net_flow_sol buy_sell_ratio sniper_buy_share top_holder_share price_return_pre mcap_at_t_sol hour_of_day hour_sin hour_cos creator_prior_mints_24h
feature_infos=[0:113217] [0:14704] [0:9829] [0:6944] [0:1565] [0:1287] [0:1410.163529363] [0:1258.082185066] [-53.727891119999981:170.6554423739999] [0:87968322.030000001] [0:1] [0:1] [-0.99989990791431116:115.24313725118233] [0.0028095684115233446:3250.0411160628796] [0:23] [-1:1] [-1:1] [0:882]
tree_sizes=1671 1697 1707 1699 1709 1705 1710 1704 1723 1724 1736 1720 1723 1715 1718 1721 1718 1719 1718 1712 1729 1716 1722 1712 1705 1725 1725 1718 1716 1713 1714 1717 1730 1727 1723 1725 1714 1733 1718 1715 1721 1725 1729 1709 1722 1715 1720 1703 1713 1727 1706 1714 1706 1723 1721 1724 1718 1712 1707 1733 1737 1723 1741 1714 1719 1718 1734 1718 1735 1710 1716 1724 1734 1716 1708 1732 1721 1723 1726 1713 1718 1722 1727 1734 1706 1730 1747 1727 1732 1728 1722 1702 1718 1711 1726 1723 1725 1712 1717 1726

Tree=0
num_leaves=15
num_cat=0
split_feature=13 4 13 0 0 8 0 0 17 8 4 6 0 16
split_gain=7773.66 1103.8 353.053 111.053 129.409 89.2823 72.8475 60.7062 47.7382 72.241 51.1535 66.2041 45.5066 45.1273
threshold=27.958993477632809 5.5000000000000009 7.6268778420864605 0.99950000000000017 1.0015000000000003 3.0007453710000003 0.99950000000000017 1.2095000000000002 1.0000000180025095e-35 85.005359595500011 625.50000000000011 344.95636615700005 14.193500000000002 -0.9159756150367534
decision_type=2 2 2 2 2 2 2 2 2 2 2 2 2 2
left_child=2 3 -1 -2 -5 13 -3 -6 9 -8 -11 -12 -10 -4
right_child=1 6 5 4 7 -7 8 -9 12 10 11 -13 -14 -15
leaf_value=-1.683115936624294 -1.5921854163981233 -1.5060242694184942 -1.5726802993264766 -1.377003493926257 -1.6030849906331963 -1.4301963425689661 -1.3825368006118361 -1.5087436000271275 -1.5549182770504271 -1.4051891787567785 -1.6390209633113848 -1.4471106921057602 -1.4130483631945621 -1.6168910733232227
leaf_weight=231.66945558786392 56.681688219308853 15.508743986487387 67.086401581764221 16.439399570226669 21.365389406681061 6.9483449608087531 557.4003621339798 84.456456735730171 5.8024259358644477 86.817896604537964 5.3667716085910788 27.632335886359215 218.63305680453777 413.39410138130188
leaf_count=1675 327 68 366 38 127 22 1338 374 30 240 35 95 632 2549
internal_value=-1.50455 -1.42074 -1.6323 -1.53434 -1.50752 -1.60814 -1.39858 -1.52779 -1.39673 -1.39011 -1.42533 -1.47832 -1.41672 -1.61072
internal_weight=1815.2 1096.1 719.098 178.943 122.261 487.429 917.162 105.822 901.653 677.217 119.817 32.9991 224.435 480.481
internal_count=7916 3304 4612 866 539 2937 2438 501 2370 1708 370 130 662 2915
is_linear=0
shrinkage=1


Tree=1
num_leaves=15
num_cat=0
split_feature=12 12 0 0 4 0 10 16 12 15 1 2 15 16
split_gain=5870.58 496.676 261.286 159.945 57.9284 86.2818 63.8308 46.4182 38.2754 39.1857 30.6897 30.5225 30.2712 30.0662
threshold=0.01460708952406631 -0.54055632513247243 1.2655000000000001 0.99950000000000017 6.5000000000000009 1.0015000000000003 0.46011021279426306 -0.9159756150367534 13.63091204589619 0.78656609248549325 66.500000000000014 14.500000000000002 0.25881904510252091 0.60355339059327384
decision_type=2 2 2 2 2 2 2 2 2 2 2 2 2 2
left_child=1 -1 7 12 5 -5 10 -3 9 -7 11 -6 -2 -4
right_child=3 2 13 4 6 8 -8 -9 -10 -11 -12 -13 -14 -15
leaf_value=-0.052886937101463263 0.0008298803812706462 0.053337933835468067 0.12677719611379903 0.19570566460497407 0.22488154743875355 -0.0074070265654270001 0.21141640418765864 0.012658496958778038 0.15219274838694791 0.16084607113276214 0.18380417924440628 0.11483802198458848 0.11296277367092776 0.058726145577258838
leaf_weight=236.92029342055321 12.392561137676241 82.780659899115562 69.018156751990318 31.514747649431229 7.9646273851394644 14.183061853051191 232.13265053927898 458.7266733199358 10.687847465276716 4.57734291255474 745.94396084547043 30.173280492424965 11.702091947197912 21.221933856606483
leaf_count=1764 73 432 255 66 13 83 431 2775 32 14 1747 106 47 102
internal_value=0.106037 0.00885075 0.0320039 0.182696 0.185546 0.138205 0.188386 0.0188772 0.0766703 0.033645 0.181567 0.137819 0.0552897 0.110774
internal_weight=1969.94 868.668 631.747 1101.27 1077.18 60.963 1016.21 541.507 29.4483 18.7604 784.082 38.1379 24.0947 90.2401
internal_count=7940 5328 3564 2612 2492 195 2297 3207 129 97 1866 119 120 357
is_linear=0
shrinkage=0.05


Tree=2
num_leaves=15
num_cat=0
split_feature=12 12 0 0 11 4 11 8 0 17 8 16 10 5
split_gain=4402.49 476.088 169.353 110.903 82.2458 58.8973 67.1032 50.1761 47.0255 41.8227 36.4693 36.2542 24.999 24.6484
threshold=0.01460708952406631 -0.73097753731019566 0.70250000000000001 0.76400000000000012 0.39233617299405105 5.5000000000000009 0.54241611843508408 2.0900007830000003 1.2655000000000001 1.0000000180025095e-35 85.005359563000013 -0.9159756150367534 0.10950958805933349 709.00000000000011
decision_type=2 2 2 2 2 2 2 2 2 2 2 2 2 2
left_child=1 -1 11 -2 -4 6 -5 12 -9 10 -7 -3 -6 -11
right_child=3 2 4 5 7 9 -8 8 -10 13 -12 -13 -14 -15
leaf_value=-0.054123281204121458 -0.0098564981439779945 0.049310791906715168 0.20566651942822378 -0.029448404996059191 -0.060216137894697333 0.17009004744399386 0.13088243362211258 0.035828419392750888 0.097841344149520712 0.13905037978528967 0.14378359120402326 0.011343754921542396 0.10028325951682426 0.19910110237949785
leaf_weight=216.97355157136917 9.8939325809478742 73.828236669301987 11.404946908354757 8.0798590928316099 10.776465624570845 747.06223759055138 33.935068100690842 47.520043566823006 85.711585134267807 253.63733901083469 159.95685936510563 423.83999419212341 3.1310404241085044 18.322459280490875
leaf_count=1687 58 371 25 51 77 1366 95 258 319 627 384 2553 12 27
internal_value=0.0959539 0.0100832 0.0313128 0.15687 0.0763156 0.158221 0.100049 0.0662895 0.075723 0.160294 0.165451 0.0169761 -0.0240824 0.143096
internal_weight=2104.07 873.186 656.212 1230.89 158.544 1220.99 42.0149 147.139 133.232 1178.98 907.019 497.668 13.9075 271.96
internal_count=7910 5302 3615 2608 691 2550 146 666 577 2404 1750 2924 89 654
is_linear=0
shrinkage=0.05


Tree=3
num_leaves=15
num_cat=0
split_feature=12 13 0 2 11 0 0 16 12 10 4 0 16 0
split_gain=3483.47 421.731 156.796 86.1681 51.1262 39.7587 49.1688 34.8897 29.03 23.5772 20.9532 19.4776 26.8983 21.3447
threshold=1.0000000180025095e-35 15.253228729903539 1.2655000000000001 6.5000000000000009 0.53437473914088907 0.99950000000000017 1.0315000000000001 -0.78656609248549325 13.695645020319921 0.42036924032394768 29.500000000000004 0.73850000000000005 0.37940952255126048 0.7915000000000002
decision_type=2 2 2 2 2 2 2 2 2 2 2 2 2 2
left_child=1 -1 7 4 -2 -6 -7 -3 -8 10 -5 -9 13 -13
right_child=3 2 -4 9 5 6 8 11 -10 -11 -12 12 -14 -15
leaf_value=-0.051579661730066187 -0.0033544314221166278 0.040810132287024792 0.087888963761726197 0.10520849819323662 0.00018436369069214147 0.15125559176701117 0.01938905998311527 0.0080480022588165657 0.14006037968198057 0.1518632258143412 0.13749121510975809 0.17835590077937108 -0.016375688203844382 0.054912191723370862
leaf_weight=222.52654237300158 13.172637924551962 129.75813660025597 93.92539256811142 53.236326217651367 8.1560563296079618 39.5228531062603 15.239745721220972 395.13853201270103 7.40608887374401 295.01942919194698 900.00724449753761 4.2558095455169704 11.438201248645781 19.765097379684448
leaf_count=1780 77 662 328 137 44 67 70 2379 16 480 1744 13 70 98
internal_value=0.08527 0.0078806 0.0281035 0.136222 0.0870465 0.10398 0.117597 0.0180825 0.0588534 0.139511 0.135688 0.0112336 0.0467323 0.0767828
internal_weight=2208.57 876.808 654.281 1331.76 83.4974 70.3247 62.1687 560.356 22.6458 1248.26 953.244 430.598 35.4591 24.0209
internal_count=7965 5330 3550 2635 274 197 153 3222 86 2361 1881 2560 181 111
is_linear=0
shrinkage=0.05


Tree=4
num_leaves=15
num_cat=0
split_feature=13 11 12 0 8 0 15 14 1 0 0 16 12 6
split_gain=2838.82 279.074 248.475 48.2282 47.1808 41.2291 30.2048 26.0429 22.2589 37.1401 33.4612 20.824 20.5927 36.9472
threshold=27.958993477632809 0.99681048294243479 -0.73097753731019566 0.85350000000000004 3.0007453710000003 1.2655000000000001 -0.60355339059327362 4.5000000000000009 6.5000000000000009 1.0315000000000001 1.3235000000000003 0.78656609248549303 13.695814078352688 191.52291835050002
decision_type=2 2 2 2 2 2 2 2 2 2 2 2 2 2
left_child=2 3 -1 -2 6 11 -4 -8 9 -5 -11 -3 -10 -14
right_child=1 5 4 8 -6 -7 7 -9 12 10 -12 -13 13 -15
leaf_value=-0.052824184517739362 0.043169259961752367 0.035078391334702884 -0.0096723109113373961 0.12497264455682784 0.1242011350893486 0.077418483653829834 -0.00082363992289401352 0.027570621075232477 0.12760944397217575 -0.032078233193963628 0.08555411587129319 -0.060922876292352796 0.02268119214141312 0.11587141176383409
leaf_weight=199.32206419110298 19.156698226928711 73.658287912607193 130.75191261619329 48.439305946230888 9.3721424937248212 87.476595878601074 119.83816400170326 247.61119300127029 1075.8293327093124 8.1346527338027972 23.538728296756744 6.1178987175226203 11.120839387178419 243.99817849695683
leaf_count=1671 86 372 821 95 23 293 735 1354 1831 46 75 42 40 478
internal_value=0.0779069 0.114824 -0.00551931 0.12197 0.0130571 0.0537115 0.0109663 0.0183103 0.12304 0.0974437 0.0553427 0.0277162 0.124581 0.111809
internal_weight=2304.37 1597.47 706.895 1430.22 507.573 167.253 498.201 367.449 1411.06 80.1127 31.6734 79.7762 1330.95 255.119
internal_count=7962 3358 4604 2651 2933 707 2910 2089 2565 216 121 414 2349 518
is_linear=0
shrinkage=0.05


Tree=5
num_leaves=15
num_cat=0
split_feature=12 12 0 0 3 9 2 0 0 17 4 7 10 10
split_gain=2270.58 364.686 107.207 59.5471 34.5425 35.4497 33.5786 37.2055 38.9958 27.6699 27.0727 60.2037 24.0196 22.8586
threshold=1.0000000180025095e-35 -0.73097753731019566 0.70250000000000001 0.81300000000000006 112.50000000000001 1.8599971969481282 6.5000000000000009 1.0315000000000001 1.3595000000000004 3.5000000000000004 352.50000000000006 106.01174762300001 0.014919599659256693 0.025691558329907899
decision_type=2 2 2 2 2 2 2 2 2 2 2 2 2 2
left_child=1 -1 -3 -2 5 -4 7 -5 -9 10 -8 -12 -11 -6
right_child=3 2 4 6 13 -7 9 8 -10 12 11 -13 -14 -15
leaf_value=-0.052264757394078522 -7.1603725617109569e-05 0.01377429973217951 0.12113094587667375 0.10570879652763759 -0.060915445089354182 0.055839632986741231 0.12121802675799381 -0.062421656144612848 0.068457694790782883 0.071720115335577747 0.0027879456638276053 0.10887836379099479 0.10781066537536484 0.064309021073183106
leaf_weight=193.57564520090818 12.224517971277235 509.0231918990612 24.49130804091692 50.144822865724564 9.460882715880869 137.53873859345913 753.07864625751972 7.6115979999303844 22.559878572821617 69.391334891319275 13.824030160903929 409.36473427712917 137.36103941500187 5.9275215938687316
leaf_count=1687 65 2913 65 99 67 541 1124 49 73 173 51 720 254 24
internal_value=0.0719131 0.00834745 0.02544 0.109823 0.0589096 0.0657086 0.110741 0.0793116 0.0354397 0.112567 0.115532 0.105413 0.0956978 -0.0126797
internal_weight=2355.58 880.017 686.442 1475.56 177.418 162.03 1463.34 80.3163 30.1715 1383.02 1176.27 423.189 206.752 15.3884
internal_count=7905 5297 3610 2608 697 606 2543 221 122 2322 1895 771 427 91
is_linear=0
shrinkage=0.05


Tree=6
num_leaves=15
num_cat=0
split_feature=12 12 0 0 11 2 0 16 12 15 4 11 10 1
split_gain=1998.17 341.532 103.502 51.2403 39.9104 51.5587 25.9061 21.6027 19.8325 19.6644 18.8149 39.2001 16.297 18.7714
threshold=0.01460708952406631 -0.73097753731019566 0.70250000000000001 0.85350000000000004 0.39233617299405105 101.50000000000001 1.2655000000000001 -0.9159756150367534 13.516393745320803 0.91597561503675362 5.5000000000000009 0.53784985950177233 0.42036924032394768 8.5000000000000018
decision_type=2 2 2 2 2 2 2 2 2 2 2 2 2 2
left_child=1 -1 7 8 -4 6 -6 -3 -2 -9 11 -5 -12 -14
right_child=3 2 4 10 5 -7 -8 9 -10 -11 12 -13 13 -15
leaf_value=-0.053026996518827141 -0.061991014120373424 0.035525586398850291 0.13348135511580164 -0.029545042287521285 0.03017307589612311 -0.03337927442573408 0.073062150696836109 0.0027157939093533342 0.051936191728093765 0.031870748927753642 0.10042768177740923 0.091138190380526618 0.091005804268189897 0.11841194829551123
leaf_weight=185.6331784799695 5.3992243558168438 80.455837413668633 15.001361876726149 7.9040599614381781 54.928947240114212 17.309776052832603 98.070285022258759 366.11194443702698 13.060120880603789 68.686157584190369 1105.5094536244869 45.250419974327087 79.524479895830154 291.5148661583662
leaf_count=1686 35 377 26 48 264 107 300 2182 51 371 1858 102 148 366
internal_value=0.0671467 0.00727293 0.023251 0.10142 0.0552976 0.0484109 0.0576643 0.0117255 0.0186133 0.00732148 0.102419 0.0731926 0.103471 0.112538
internal_weight=2434.36 886.197 700.564 1548.16 185.31 170.309 152.999 515.254 18.4593 434.798 1529.7 53.1545 1476.55 371.039
internal_count=7921 5313 3627 2608 697 671 564 2930 86 2553 2522 150 2372 514
is_linear=0
shrinkage=0.05


Tree=7
num_leaves=15
num_cat=0
split_feature=12 13 0 16 0 6 8 1 6 6 5 0 10 10
split_gain=1630.23 324.068 96.4369 37.834 32.0607 23.762 19.7014 17.6973 39.7795 14.5488 15.8391 19.0019 26.5579 14.884
threshold=0.01460708952406631 9.8509615434083617 1.2655000000000001 -0.9159756150367534 0.99950000000000017 85.005359063500023 84.772253798500003 218.50000000000003 112.66082086200002 85.005359060500012 46.500000000000007 37.081500000000005 0.17440315204386361 0.094024948967569938
decision_type=2 2 2 2 2 2 2 2 2 2 2 2 2 2
left_child=1 -1 3 -3 5 6 -2 -4 -9 13 -11 12 -12 -6
right_child=4 2 7 -5 9 -7 -8 8 -10 10 11 -13 -14 -15
leaf_value=-0.051219682844153208 0.066310528181016667 0.043392237028558524 0.070625069426023687 0.0092917022203069383 0.057797417142676437 0.10020510256869118 -0.03970120411981462 -0.039506612981857148 0.13094847251473518 0.10336298267601035 0.090398412313898086 0.093085239984781298 -0.021016907712827188 0.089706320318140798
leaf_weight=181.53636779636145 7.6279940605163636 97.989147275686264 109.48932237923145 478.69898870587349 51.349443376064301 10.469522088766096 10.300739258527754 10.877359814941881 4.9943564832210532 452.70576453953981 13.564779892563822 911.95569281280041 8.8305906206369382 126.76354943215847
leaf_count=1705 26 431 311 2743 121 24 58 67 8 624 22 1468 30 237
internal_value=0.0628008 0.00832814 0.0237261 0.015086 0.0930042 0.0403533 0.00540276 0.0634724 0.0141305 0.0939595 0.095687 0.0919678 0.0464669 0.0805071
internal_weight=2477.15 883.586 702.049 576.688 1593.57 28.3983 17.9287 125.361 15.8717 1565.17 1387.06 934.351 22.3954 178.113
internal_count=7875 5265 3560 3174 2610 108 84 386 75 2502 2144 1520 52 358
is_linear=0
shrinkage=0.05


Tree=8
num_leaves=15
num_cat=0
split_feature=13 13 11 0 8 16 0 15 2 15 17 8 4 9
split_gain=1443.64 202.436 148.425 33.954 28.998 24.9111 20.325 20.1181 18.8737 16.2613 15.9161 24.112 18.3764 32.8898
threshold=27.958993477632809 7.6268778420864605 0.98373137375451936 0.99950000000000017 3.0007453710000003 0.78656609248549303 0.70250000000000001 0.91597561503675362 101.50000000000001 0.12940952255126045 1.0000000180025095e-35 85.005359372000001 625.50000000000011 1.3266148857901925
decision_type=2 2 2 2 2 2 2 2 2 2 2 2 2 2
left_child=1 -1 3 -2 7 6 -4 8 -3 -7 11 -5 -13 -14
right_child=2 4 5 10 -6 9 -8 -9 -10 -11 -12 12 13 -15
leaf_value=-0.050443842771791973 0.036880116307176629 0.0082625782011857257 0.0030045346980196075 0.094010924178406466 0.093260311676706606 -0.065770157013909883 0.052957803354245485 0.035281414647449098 -0.059569989156640572 0.027075056497250186 0.078643378491077193 0.083736737236430769 0.067405556516958995 -0.040925822400421641
leaf_weight=169.88339687138796 33.794188976287842 436.01517561078072 23.456318229436874 954.47403353452682 10.832924947142599 8.3999780714511889 154.41245560348034 71.226187825202942 10.501631058752535 10.753247424960135 383.48290184140205 206.13393554091454 47.044763624668121 8.2324026525020582
leaf_count=1666 123 2458 126 1344 24 49 506 369 80 41 678 334 93 35
internal_value=0.0581925 -0.00296267 0.0815313 0.0864769 0.0122977 0.0405361 0.0463703 0.0106037 0.00666722 -0.0136438 0.0875249 0.0903261 0.0768718 0.0512718
internal_weight=2528.64 698.459 1830.18 1633.16 528.576 197.022 177.869 517.743 446.517 19.1532 1599.37 1215.89 261.411 55.2772
internal_count=7926 4597 3329 2607 2931 722 632 2907 2538 90 2484 1806 462 128
is_linear=0
shrinkage=0.05


Tree=9
num_leaves=15
num_cat=0
split_feature=12 12 0 0 0 16 15 4 0 16 10 14 4 16
split_gain=1302.73 243.493 63.7845 36.2041 20.4829 24.1213 20.8978 19.3498 32.5826 23.0298 21.3357 18.636 18.4179 20.1745
threshold=0.01460708952406631 -0.54055632513247243 0.70250000000000001 0.85350000000000004 0.5375000000000002 -0.78656609248549325 0.91597561503675362 6.5000000000000009 1.0315000000000001 0.37940952255126048 0.42036924032394768 3.5000000000000004 29.500000000000004 0.78656609248549303
decision_type=2 2 2 2 2 2 2 2 2 2 2 2 2 2
left_child=1 -1 4 -2 5 -3 -7 8 -5 -10 12 -4 13 -9
right_child=3 2 11 7 -6 6 -8 10 9 -11 -12 -13 -14 -15
leaf_value=-0.048972513411456794 0.0077482356291880654 0.029607271390362046 8.2963328745207785e-05 0.082030728138893186 -0.061866662123913951 -0.0013625353348625886 0.028619061216086518 0.064966361759196886 0.045256999685462068 -0.043860067236801151 0.092037477946118426 0.048884374433047176 0.079657737130836292 -0.010006837782129229
leaf_weight=173.3261955678463 17.455520302057266 118.27864201366901 22.331069752573967 57.429332599043846 10.175196602940558 330.38361266255379 70.528109848499298 48.697745218873024 28.153117775917053 9.7636769413948041 365.78741446137428 157.7967885658145 1115.7593669295311 10.999577879905699
leaf_count=1741 81 555 94 96 66 1970 361 92 86 46 451 525 1735 35
internal_value=0.0531991 0.00415501 0.0171338 0.0793755 0.0083887 0.00976558 0.00391181 0.0801395 0.0582809 0.0223091 0.0814917 0.0428343 0.07821 0.0511521
internal_weight=2536.87 882.82 709.493 1654.05 529.366 519.19 400.912 1636.59 95.3461 37.9168 1541.24 180.128 1175.46 59.6973
internal_count=7934 5312 3571 2622 2952 2886 2331 2541 228 132 2313 619 1862 127
is_linear=0
shrinkage=0.05


Tree=10
num_leaves=15
num_cat=0
split_feature=13 12 4 8 15 16 0 15 17 16 0 16 15 0
split_gain=1144.01 176.591 115.055 25.6105 23.3367 20.7194 20.0063 18.9808 14.9799 29.3675 18.8208 13.9404 16.4684 13.2466
threshold=27.958993477632809 -0.65241903286834568 4.5000000000000009 2.648434299000002 -0.60355339059327362 -0.78656609248549325 0.85350000000000004 -0.37940952255126059 12.500000000000002 0.91597561503675351 26.092000000000002 -0.60355339059327384 -0.9159756150367534 1.2655000000000001
decision_type=2 2 2 2 2 2 2 2 2 2 2 2 2 2
left_child=1 -1 4 5 13 -3 -4 -6 -8 10 -10 -7 -13 -2
right_child=2 3 6 -5 7 11 8 -9 9 -11 -12 12 -14 -15
leaf_value=-0.049653355137938095 0.030318984372513465 0.026583948686402209 0.021950053047318077 0.077657934597719164 -0.031131936993154388 -0.028983716650613653 0.077396288741305386 0.030121986924223479 -0.00048934242676899257 -0.016488149163965543 0.072924685614790249 -0.019632321970881241 0.0098208728024822608 0.074776349810277962
leaf_weight=163.60882695019245 26.123201236128807 116.13130639493465 17.315252229571342 13.535569608211516 14.11408658325672 32.137081205844879 1500.9461159855127 121.66922634840012 9.480263337492941 11.513368412852286 110.33162704110146 55.948233842849731 312.81287393718958 46.724696680903435
leaf_count=1727 106 540 73 32 70 206 2222 460 28 36 181 353 1777 110
internal_value=0.0505281 -0.00423972 0.0709877 0.00976435 0.0360035 0.00798693 0.0754123 0.0237549 0.0759795 0.0597861 0.0671157 0.00259979 0.00535225 0.058834
internal_weight=2552.39 694.174 1858.22 530.565 208.631 517.029 1649.59 135.783 1632.27 131.325 119.812 400.898 368.761 72.8479
internal_count=7921 4635 3286 2908 746 2876 2540 530 2467 245 209 2336 2130 216
is_linear=0
shrinkage=0.05


Tree=11
num_leaves=15
num_cat=0
split_feature=8 13 4 5 16 0 0 12 0 16 14 17 8 4
split_gain=985.695 174.188 105.9 28.9187 27.2625 24.538 22.2319 20.7246 32.3809 17.6646 17.0392 15.4192 20.4344 24.3617
threshold=2.0900007830000003 27.952914903533649 4.5000000000000009 52.500000000000007 0.78656609248549303 0.99950000000000017 0.70250000000000001 1.0000000180025095e-35 0.70250000000000001 -0.9159756150367534 3.5000000000000004 1.0000000180025095e-35 85.005359372000001 625.50000000000011
decision_type=2 2 2 2 2 2 2 2 2 2 2 2 2 2
left_child=1 -1 4 7 6 -4 -2 8 9 -3 -8 12 -7 -14
right_child=2 3 5 -5 -6 11 10 -9 -10 -11 -12 -13 13 -15
leaf_value=-0.04937731524351123 -0.0075470046179653459 0.029669551461423218 0.023193381936963086 0.095957689860513562 -0.02557114560692747 0.07748660595348042 -0.031824905033517696 -0.079759582950720456 0.090040681235717068 0.0038697940061718258 0.048159538028627033 0.062790983691578608 0.069563731913326238 0.032105110163838303
leaf_weight=158.71688248217106 23.310934543609619 78.398861333727837 26.891353845596313 9.6598242819309217 18.50824747979641 965.5089365541935 6.9595762640237799 6.5452458709478369 12.26774090528488 431.53157971799374 153.93399982154369 397.70924918353558 208.97035498917103 54.784835144877434
leaf_count=1718 129 333 97 11 91 1307 32 29 23 2483 472 694 319 127
internal_value=0.0473498 -0.00334452 0.0663848 0.0102256 0.0322757 0.0705656 0.038088 0.0086593 0.00976754 0.00783636 0.0446997 0.0713486 0.0741172 0.0617832
internal_weight=2553.7 697.12 1856.58 538.403 202.713 1653.86 184.205 528.743 522.198 509.93 160.894 1626.97 1229.26 263.755
internal_count=7865 4597 3268 2879 724 2544 633 2868 2839 2816 504 2447 1753 446
is_linear=0
shrinkage=0.05


Tree=12
num_leaves=15
num_cat=0
split_feature=13 12 11 0 8 15 12 0 14 15 14 14 11 9
split_gain=865.005 166.566 98.0696 31.5729 30.5627 23.0477 21.6978 20.3033 18.0429 18.744 16.8901 19.0056 16.7353 25.8377
threshold=27.958993477632809 -0.54055632513247243 0.95342327348578826 0.81300000000000006 2.648434299000002 -0.78656609248549292 13.695814013182984 1.2655000000000001 4.5000000000000009 -0.60355339059327362 19.500000000000004 3.5000000000000004 0.53974761214589451 86.849402375405916
decision_type=2 2 2 2 2 2 2 2 2 2 2 2 2 2
left_child=1 -1 3 5 8 -2 7 10 -3 -10 11 -4 13 -5
right_child=2 4 6 12 -6 -7 -8 -9 9 -11 -12 -13 -14 -15
leaf_value=-0.048758717735655571 0.068055522883527772 -0.0086276918430644965 -0.06215738889214515 0.066852347639656695 0.08266360240486012 -0.0646820448788301 -0.056749731778903745 0.04796691760238693 -0.0018057378004212067 0.021392059043873826 -0.062437149059914515 0.029094496545718079 0.076845956879749641 0.039128143372490744
leaf_weight=152.38733506947756 5.6123564839363098 117.13400707393885 6.1323026269674292 1220.9337696582079 14.31932085752487 7.8364188224077207 6.7065784633159629 122.81271974742413 130.05483143776655 263.51387474685907 6.2291967868804923 82.096031248569489 381.22651091217995 90.249947652220726
leaf_count=1727 18 707 40 1814 27 46 23 312 787 1302 40 332 510 201
internal_value=0.0458715 -0.00273817 0.0629345 0.0670187 0.0106193 -0.00928886 0.0318283 0.0345624 0.00859926 0.0137263 0.0171341 0.022752 0.067625 0.0649441
internal_weight=2607.25 677.409 1929.84 1705.86 525.022 13.4488 223.977 217.27 510.703 393.569 94.4575 88.2283 1692.41 1311.18
internal_count=7886 4550 3336 2589 2823 64 747 724 2796 2089 412 372 2525 2015
is_linear=0
shrinkage=0.05


Tree=13
num_leaves=15
num_cat=0
split_feature=12 13 0 4 0 0 15 16 0 16 0 10 15 2
split_gain=780.581 190.082 37.1666 25.6981 21.3752 21.8021 23.3764 20.3438 15.6518 15.0709 13.4074 13.2437 12.6379 12.3071
threshold=0.01460708952406631 7.6268778420864605 1.2095000000000002 6.5000000000000009 1.0315000000000001 0.99950000000000017 1.0000000180025095e-35 0.78656609248549303 1.4650000000000001 -0.9159756150367534 1.9240000000000002 0.48035421019805064 0.60355339059327384 8.5000000000000018
decision_type=2 2 2 2 2 2 2 2 2 2 2 2 2 2
left_child=1 -1 9 4 5 6 -2 8 -6 -3 12 -5 -4 -13
right_child=3 2 10 11 7 -7 -8 -9 -10 -11 -12 13 -14 -15
leaf_value=-0.047813324735705723 -0.065022440465092021 0.027196581341123301 0.069006364037351428 0.062215275736959043 -0.023912958762205446 0.071913234921591462 0.061787557127670506 -0.069999264280871901 0.047806284876320611 0.0062977132816961073 0.024991902296409293 0.052414066977907695 0.018175040838331286 0.077101256188308931
leaf_weight=141.0726081058383 6.7714181095361692 104.4773214161396 46.024199992418289 1258.1735464632511 10.805328533053396 53.711762920022011 7.8441947251558304 6.4099454730749121 25.703607186675072 494.85607209056616 84.63527150452137 60.477628529071808 16.652098640799522 305.50881537795067
leaf_count=1684 40 428 105 1894 46 75 27 33 58 2749 292 106 53 356
internal_value=0.0435503 0.0054145 0.0154715 0.063058 0.0398097 0.0571801 0.00303644 0.0121558 0.02658 0.00994086 0.0379727 0.0646504 0.0555013 0.0730218
internal_weight=2623.12 887.718 746.645 1735.41 111.246 68.3274 14.6156 42.9189 36.5089 599.333 147.312 1624.16 62.6763 365.986
internal_count=7946 5311 3627 2635 279 142 67 137 104 3177 450 2356 158 462
is_linear=0
shrinkage=0.05


Tree=14
num_leaves=15
num_cat=0
split_feature=13 13 2 0 8 16 8 11 12 10 14 3 7 4
split_gain=664.785 150.592 88.8479 18.0727 17.708 15.7864 24.3399 15.0235 25.784 17.6595 14.0737 13.7189 13.2215 12.581
threshold=27.958993477632809 7.6268778420864605 6.5000000000000009 0.70250000000000001 3.0007453710000003 0.78656609248549303 84.151711752499992 0.95342327348578826 7.8840740547322152 0.48035421019805064 13.500000000000002 152.50000000000003 10.676369104000001 37.500000000000007
decision_type=2 2 2 2 2 2 2 2 2 2 2 2 2 2
left_child=1 -1 3 10 11 -5 -7 9 -9 13 -2 12 -3 -4
right_child=2 4 7 5 -6 6 -8 8 -10 -11 -12 -13 -14 -15
leaf_value=-0.047351147623091665 0.015918336990831079 0.010019745709193478 0.041296287209090649 0.040774161827032411 0.067403843440095687 0.074274746870807623 -0.020099004365267365 0.063790752556268746 -0.043128460572202536 0.072090980182544603 -0.061006957829456768 -0.058920689719959618 0.093114886745677916 0.060740837219419801
leaf_weight=136.75663876533508 22.579309910535816 523.77943214774132 89.579308792948723 237.84757427871227 13.705813571810721 9.2890063375234586 25.831064015626907 14.425440832972528 9.2572285979986173 347.41090665757656 8.0712036266922933 7.1554294824600211 4.8312145099043837 1165.9034626632929
leaf_count=1698 111 2823 171 651 26 15 118 22 29 426 55 60 18 1707
internal_value=0.0418678 -0.000401277 0.0568954 0.032066 0.011284 0.0361537 0.00486217 0.0615301 0.0219975 0.0621142 -0.00433841 0.00984831 0.0107792 0.0593535
internal_weight=2616.42 686.229 1930.19 303.618 549.472 272.968 35.1201 1626.58 23.6827 1602.89 30.6505 535.766 528.611 1255.48
internal_count=7930 4625 3305 950 2927 784 133 2355 51 2304 166 2901 2841 1878
is_linear=0
shrinkage=0.05


Tree=15
num_leaves=15
num_cat=0
split_feature=12 12 4 0 15 0 0 17 8 4 7 10 14 12
split_gain=637.673 175.416 29.0458 24.3766 19.3062 22.2003 23.4145 18.7545 19.9129 27.2483 37.8028 17.5837 16.9883 12.8305
threshold=0.01460708952406631 -0.73097753731019566 6.5000000000000009 1.3235000000000003 0.25881904510252091 0.99950000000000017 1.0315000000000001 1.0000000180025095e-35 85.005359372000001 625.50000000000011 263.04397899200006 0.051376232267592574 4.5000000000000009 4.1350110621046889
decision_type=2 2 2 2 2 2 2 2 2 2 2 2 2 2
left_child=1 -1 4 12 5 -2 -7 8 -4 -10 -11 13 -3 -9
right_child=2 3 7 -5 -6 6 -8 11 9 10 -12 -13 -14 -15
leaf_value=-0.05060550186924228 -0.064716861362856745 -0.0076665973837955915 0.064270278858901519 0.032240721893711272 0.053807238637627292 0.059844758805196477 -0.011304211954584807 0.068401464897442837 0.056664164987908633 -0.080274128531313507 0.035090583594885101 0.059176634708584044 0.012752371171916433 0.032624028622869894
leaf_weight=128.39251267164946 8.4372919872403127 128.6942695081234 919.27418141067028 131.02437704056501 46.051157221198082 22.619558230042458 23.657556876540184 29.332473829388618 222.27852465212345 8.4279610216617566 45.099784016609192 185.43136622011662 488.60755465179682 172.00226531922817
leaf_count=1666 51 764 1203 396 92 35 87 40 330 36 87 273 2440 335
internal_value=0.0379644 0.00338901 0.0559798 0.012653 0.0299515 0.00987303 0.0234723 0.0576379 0.060735 0.048952 0.0169264 0.0480678 0.00849545 0.0378364
internal_weight=2559.33 876.719 1682.61 748.326 100.766 54.7144 46.2771 1581.85 1195.08 275.806 53.5277 386.766 617.302 201.335
internal_count=7835 5266 2569 3600 265 173 122 2304 1656 453 123 648 3204 375
is_linear=0
shrinkage=0.05


Tree=16
num_leaves=15
num_cat=0
split_feature=12 13 0 4 2 11 17 8 14 4 11 0 15 4
split_gain=561.547 156.354 30.0728 17.4632 15.0794 26.1672 12.5924 20.3978 19.307 17.723 21.4295 21.361 15.5203 13.9252
threshold=0.01460708952406631 7.6268778420864605 1.2655000000000001 4.5000000000000009 101.50000000000001 0.47857903760463966 1.0000000180025095e-35 85.005359372000001 1.0000000180025095e-35 8.5000000000000018 0.5181884242952336 0.85350000000000004 0.37940952255126054 625.50000000000011
decision_type=2 2 2 2 2 2 2 2 2 2 2 2 2 2
left_child=1 -1 -3 -2 -4 -6 7 9 -8 10 12 -12 -5 -9
right_child=3 2 4 6 5 -7 8 13 -10 -11 11 -13 -14 -15
leaf_value=-0.046276805285448919 0.0049171914450408969 0.0089577273501542567 0.04071619941328479 -0.04518335929026724 0.086024762014125011 -0.036302395326484903 -0.014745020517298339 0.050797676909007272 0.048875258800741103 0.063112951519696744 -0.01927260097712968 0.056221920506949442 0.06266174988516604 0.0233338957100022
leaf_weight=126.11634520441294 17.86830660700798 624.49321042746305 126.01915687322617 10.536774903535841 5.9536489844322231 16.453081123530865 12.293900191783903 215.28803938627243 397.56446917355061 861.15247294306755 10.070567131042479 134.65312179923058 4.8817367255687705 58.750653877854347
leaf_count=1699 58 3233 315 55 14 101 33 332 646 1097 45 213 10 128
internal_value=0.0373764 0.00534314 0.0137659 0.0540902 0.0339961 -0.00379908 0.0546055 0.0570224 0.0469669 0.0602726 0.0449986 0.0509687 -0.0110379 0.0449098
internal_weight=2622.1 899.035 772.919 1723.06 148.426 22.4067 1705.19 1295.33 409.858 1021.29 160.142 144.724 15.4185 274.039
internal_count=7979 5362 3663 2617 430 115 2559 1880 679 1420 323 258 65 460
is_linear=0
shrinkage=0.05


Tree=17
num_leaves=15
num_cat=0
split_feature=13 13 11 0 0 16 11 0 10 4 11 1 0 11
split_gain=477.222 117.735 64.9573 13.0108 14.8434 21.6534 12.6095 15.94 13.0395 18.5118 15.8875 15.5308 16.1034 16.255
threshold=27.958993477632809 7.6268778420864605 0.99681048294243479 23.922000000000004 1.3595000000000004 0.60355339059327384 0.025140952790422378 0.99950000000000017 0.36166090769889853 29.500000000000004 0.5486112110653204 9.5000000000000018 1.0315000000000001 0.53974761214589451
decision_type=2 2 2 2 2 2 2 2 2 2 2 2 2 2
left_child=1 -1 6 4 5 -4 -2 -8 9 10 -9 12 -10 -14
right_child=2 -3 3 -5 -6 -7 7 8 11 -11 -12 -13 13 -15
leaf_value=-0.045649592924569084 0.071410951752224519 0.0089417195469356937 0.017796089680064558 -0.047838975131888492 0.038758982465216113 -0.063036955107284354 0.016000121612353362 -0.0029232184867918525 0.057746221238379351 0.049864503783716846 0.044297949036146436 0.064613662532886737 -0.027114721845287779 0.038107835748965202
leaf_weight=119.7261863425374 74.145439624786377 564.08194100111723 96.790684059262276 6.6199412047862998 86.940634950995445 9.0604393780231458 33.130150489509106 31.525993451476097 88.291868939995766 1075.3543949872255 40.948744282126427 306.10546889901161 12.423593431711195 41.340689420700073
leaf_count=1677 93 2961 376 24 216 59 116 85 121 1629 72 362 47 85
internal_value=0.0352088 -0.000616531 0.0480842 0.021084 0.0234506 0.0108771 0.0512453 0.0503275 0.0510401 0.0482161 0.0237571 0.0582729 0.0446096 0.0230365
internal_weight=2586.49 683.808 1902.68 199.412 192.792 105.851 1703.27 1629.12 1595.99 1147.83 72.4747 448.162 142.056 53.7643
internal_count=7923 4638 3285 675 651 435 2610 2517 2401 1786 157 615 253 132
is_linear=0
shrinkage=0.05


Tree=18
num_leaves=15
num_cat=0
split_feature=12 13 0 11 3 6 0 15 17 14 8 16 17 14
split_gain=476.643 131.522 22.891 22.9207 16.7401 18.9747 14.9632 14.937 13.9824 12.9103 12.7466 40.4336 15.4696 15.152
threshold=0.01460708952406631 7.6268778420864605 0.70250000000000001 0.39233617299405105 112.50000000000001 99.030890476500019 0.99950000000000017 0.91597561503675362 1.0000000180025095e-35 3.5000000000000004 85.00535910950002 0.91597561503675351 10.500000000000002 20.500000000000004
decision_type=2 2 2 2 2 2 2 2 2 2 2 2 2 2
left_child=1 -1 7 -4 9 -6 -2 -3 -8 -5 11 13 -13 -10
right_child=6 2 3 4 5 -7 8 -9 10 -11 -12 12 -14 -15
leaf_value=-0.045150016859083771 0.017365226890306961 0.0032300629566113723 0.079523318772458204 -0.011771528829954053 -0.062518836809626346 0.077559619159816906 0.053073234813316099 0.026643571594226451 0.046319860893450526 0.029307249221142251 0.052821792888447475 -0.0025998032361739349 -0.094824304840525064 0.0055837668064795034
leaf_weight=115.44807083904743 34.916179433465004 474.25994367897511 18.079967960715294 21.556200668215752 11.009973682463167 3.0977200120687476 1252.0891467779875 79.544639468193054 193.46080614626408 169.70855433493853 173.33815166354179 15.441395327448847 6.4448246061801902 25.880841165781021
leaf_count=1681 118 2554 27 90 84 6 1779 374 312 507 255 38 26 59
internal_value=0.0342359 0.00464701 0.0120435 0.025552 0.0208006 -0.0317609 0.0497594 0.00659302 0.050438 0.0246775 0.042479 0.035047 -0.0297571 0.0415133
internal_weight=2594.28 892.705 777.257 223.452 205.372 14.1077 1701.57 553.805 1666.66 191.265 414.566 241.228 21.8862 219.342
internal_count=7910 5323 3642 714 687 90 2587 2928 2469 597 690 435 64 371
is_linear=0
shrinkage=0.05


Tree=19
num_leaves=15
num_cat=0
split_feature=12 13 17 0 11 1 4 11 10 15 15 11 9 4
split_gain=443.9 117.813 15.7319 20.6307 17.7012 20.7459 15.0968 29.7266 21.1036 16.4459 28.3035 13.8436 11.2413 28.8498
threshold=0.01460708952406631 7.6268778420864605 31.500000000000004 1.2095000000000002 0.39233617299405105 218.50000000000003 8.5000000000000018 0.39792538813744444 0.48035421019805064 -0.37940952255126059 -0.70710678118654735 0.57295446215551193 1.2048632681036839 914.50000000000011
decision_type=2 2 2 2 2 2 2 2 2 2 2 2 2 2
left_child=1 -1 3 -3 -5 -6 7 -2 12 10 11 -9 -8 -14
right_child=6 2 -4 4 5 -7 8 9 -10 -11 -12 -13 13 -15
leaf_value=-0.044650166927958118 -0.050489479279915053 0.0070243537153270577 -0.068997471414442221 0.084170550947066214 0.028293598493491431 -0.044676200897760518 0.0546081812651978 -0.0022966026288676338 0.060694123802662626 0.047656087992574862 -0.062652781005363103 0.06126136784090537 0.04425504975187209 -0.028670955799104
leaf_weight=111.33851696550846 9.9878469184041005 624.39789854735136 6.1976361274719229 12.751574248075483 122.92027601599693 10.578938677906988 279.44357654452324 15.244392439723013 295.05338081717491 123.99646818637848 9.830928370356558 19.560328602790833 931.39173266291618 13.762230545282362
leaf_count=1685 48 3197 41 16 328 69 385 42 355 222 42 33 1439 40
internal_value=0.0320941 0.00345156 0.0103456 0.0109836 0.0278873 0.0225112 0.047074 0.0333236 0.0486902 0.0382877 0.0122626 0.0334231 0.045798 0.0431932
internal_weight=2586.46 888.185 776.846 770.649 146.251 133.499 1698.27 178.62 1519.65 168.632 44.6356 34.8047 1224.6 945.154
internal_count=7942 5336 3651 3610 413 397 2606 387 2219 339 117 75 1864 1479
is_linear=0
shrinkage=0.05


Tree=20
num_leaves=15
num_cat=0
split_feature=13 13 11 15 14 8 11 16 15 17 8 8 7 1
split_gain=360.675 97.6357 50.3526 20.7882 13.7934 13.4499 12.0607 11.9169 13.5614 11.7974 18.52 22.7618 23.4882 21.8699
threshold=27.958993477632809 7.6268778420864605 0.99681048294243479 -0.60355339059327362 4.5000000000000009 2.0900007830000003 0.39233617299405105 0.78656609248549303 0.12940952255126045 1.0000000180025095e-35 85.005359595500011 85.005361957000005 108.16609647700001 8.5000000000000018
decision_type=2 2 2 2 2 2 2 2 2 2 2 2 2 2
left_child=1 -1 9 -3 -5 6 -6 -4 -9 10 13 12 -12 -2
right_child=2 3 7 4 5 -7 -8 8 -10 -11 11 -13 -14 -15
leaf_value=-0.044186373816506946 0.033263395556598421 -0.0089382467047946206 0.022823036692493168 -0.00058883193748570652 0.018238897158845239 0.068131227544840828 -0.058576090129977443 -0.067651055033174964 0.016802201460107715 0.037431024067146434 -0.059541923886991671 0.061773816351553559 0.028767227807431857 0.052901331596530293
leaf_weight=107.82037305831909 167.86320263147354 140.32873524725437 193.54107722640038 126.17834255099297 279.03894962370396 13.378765583038328 5.2053378224372855 8.0991969779133814 11.507032066583632 409.01573164761066 7.9149525612592688 54.625635370612144 154.70216950774193 912.1734074652195
leaf_count=1696 362 827 612 732 1296 26 45 48 41 690 29 71 279 1212
internal_value=0.0309363 -0.000590543 0.0419731 0.00774179 0.0132649 0.0191382 0.0168322 0.0190601 -0.0180849 0.0448353 0.0471698 0.0338493 0.024469 0.0498491
internal_weight=2591.39 671.951 1919.44 564.13 423.801 297.623 284.244 213.147 19.6062 1706.3 1297.28 217.243 162.617 1080.04
internal_count=7966 4622 3344 2926 2099 1367 1341 701 89 2643 1953 379 308 1574
is_linear=0
shrinkage=0.05


Tree=21
num_leaves=15
num_cat=0
split_feature=12 13 17 4 8 11 15 8 4 10 7 2 10 15
split_gain=410.752 92.741 15.3453 20.2387 23.7219 18.7778 19.2842 18.7126 42.6892 15.1361 17.5469 15.7943 12.8785 12.7498
threshold=0.01460708952406631 7.6268778420864605 1.0000000180025095e-35 8.5000000000000018 85.005359563000013 0.5287300792373214 0.25881904510252091 85.005361957000005 718.50000000000011 0.025691558329907899 11.268452856500002 104.50000000000001 0.021325603819558048 0.98296291314453421
decision_type=2 2 2 2 2 2 2 2 2 2 2 2 2 2
left_child=1 -1 3 5 -5 6 -2 8 -6 11 13 -3 -4 -11
right_child=2 9 12 4 7 -7 -8 -9 -10 10 -12 -13 -14 -15
leaf_value=-0.04358699084437332 -0.050443009441641797 0.0039667913394104267 0.021652439109479407 0.051905446598069671 0.034359531402341853 0.035801585045970613 0.053280381513013154 0.059679259707064392 -0.045808655081817737 0.01184222279108706 0.072828271900385308 -0.06322933125251548 0.040792065955757267 0.074837459162791067
leaf_weight=102.9835167825222 13.370741404592993 583.98489430546761 130.04350911080837 886.91106277704239 149.55208536982536 148.50392571091652 6.7400320619344702 52.386127680540085 18.67969699203968 166.54404854774475 14.117622897028921 8.8777828142046911 271.13670709729195 8.4390890002250654
leaf_count=1683 71 2948 255 1174 253 286 14 67 60 597 29 72 433 20
internal_value=0.0285764 0.00101525 0.0431175 0.045799 0.0482558 0.0296613 -0.0156806 0.0335839 0.025458 0.0068893 0.0192066 0.00296057 0.0345879 0.0148804
internal_weight=2562.27 884.947 1677.32 1276.14 1107.53 168.615 20.1108 220.618 168.232 781.963 189.101 592.863 401.18 174.983
internal_count=7962 5349 2613 1925 1554 371 85 380 313 3666 646 3020 688 617
is_linear=0
shrinkage=0.05


Tree=22
num_leaves=15
num_cat=0
split_feature=12 13 0 16 0 15 1 0 11 8 17 8 4 8
split_gain=299.031 102.021 17.3651 14.9717 12.1312 14.5746 11.1613 10.7464 9.76032 22.7457 9.21668 17.823 18.8205 18.6159
threshold=0.01460708952406631 7.6268778420864605 1.2655000000000001 0.37940952255126048 0.99950000000000017 0.25881904510252091 6.5000000000000009 0.45150000000000007 0.39233617299405105 2.0900007830000003 1.0000000180025095e-35 85.005359372000001 625.50000000000011 85.005361957000005
decision_type=2 2 2 2 2 2 2 2 2 2 2 2 2 2
left_child=1 -1 3 -3 5 6 -2 -5 -4 -10 11 -6 -13 -14
right_child=4 2 8 7 10 -7 -8 -9 9 -11 -12 12 13 -15
leaf_value=-0.042970014164640025 -0.065271579579193509 0.012943612591164652 0.06722760268663916 -0.00026711028222395301 0.047104915484239195 0.041787530890974242 0.019804440841723114 -0.045210663101665244 -0.044874002089045593 0.028431101056291444 0.035197535107852458 0.03928189315351055 -0.011565742541617333 0.052941674497835871
leaf_weight=98.316152229905128 8.0224403142929059 420.30779133737087 13.25757612287998 204.10622925311327 938.93433967232704 18.037650942802429 7.4215333312749854 14.227709382772444 11.544567130506037 126.92676949501038 410.17549753189087 208.79034587740898 39.910248935222626 15.538705900311468
leaf_count=1669 49 1964 18 1157 1335 43 20 87 89 321 690 325 105 22
internal_value=0.0284381 0.00506341 0.0110384 0.00742598 0.0410518 0.0112626 -0.0243887 -0.00319585 0.0262435 0.0223195 0.04167 0.0438766 0.0324052 0.00651146
internal_weight=2535.52 888.687 790.371 638.642 1646.83 33.4816 15.444 218.334 151.729 138.471 1613.35 1203.17 264.239 55.449
internal_count=7894 5305 3636 3208 2589 112 69 1244 428 410 2477 1787 452 127
is_linear=0
shrinkage=0.05


Tree=23
num_leaves=15
num_cat=0
split_feature=12 12 4 0 0 11 11 12 11 2 0 9 16 0
split_gain=309.549 95.1211 17.9563 17.8943 17.2002 16.4366 14.3498 31.4559 16.7335 19.9964 18.078 14.2332 14.2307 13.5003
threshold=0.01460708952406631 -0.65241903286834568 6.5000000000000009 0.70250000000000001 1.0315000000000001 0.43664778123099252 0.95342327348578826 7.8840740547322152 0.2515985673398306 47.500000000000007 44.13450000000001 1.1385707566204581 0.78656609248549303 0.99950000000000017
decision_type=2 2 2 2 2 2 2 2 2 2 2 2 2 2
left_child=1 -1 4 -3 13 -5 8 -8 9 10 -4 -7 -6 -2
right_child=2 3 6 5 12 11 7 -9 -10 -11 -12 -13 -14 -15
leaf_value=-0.043133578042932892 -0.0050354773346054623 0.0039293238480593781 0.01869893961478274 0.06643377264397364 0.0070075126299017744 -0.044700544345172857 0.056446825755455593 -0.06767956510572927 0.04964316234770335 0.039301499626764214 -0.06993566725159088 0.01948723110369642 -0.073153673856220985 0.048259881225638408
leaf_weight=100.09635400027037 15.633328303694723 571.86718887835741 33.58032763004303 18.035717681050301 34.794995218515396 9.0401316434144956 11.060600429773332 9.4775895625352842 427.11646078526974 1062.3694163858891 6.942157417535781 193.42637550830841 6.5842033177614203 49.5249914675951
leaf_count=1742 70 2970 68 25 96 54 14 31 581 1636 24 591 33 72
internal_value=0.0265333 0.00279334 0.039319 0.00859508 0.0194628 0.0206956 0.0406834 -0.000832759 0.0412406 0.0379866 0.0035144 0.0166212 -0.00574763 0.0354728
internal_weight=2549.55 892.466 1657.08 792.369 106.538 220.502 1550.55 20.5382 1530.01 1102.89 40.5225 202.467 41.3792 65.1583
internal_count=8007 5382 2625 3640 271 670 2354 45 2309 1728 92 645 129 142
is_linear=0
shrinkage=0.05


Tree=24
num_leaves=15
num_cat=0
split_feature=12 12 0 0 15 1 14 0 11 8 0 14 15 0
split_gain=264.572 94.6349 14.1872 12.7609 9.28884 19.0033 11.1659 8.59256 11.8186 13.258 12.2046 23.7573 8.16068 12.3444
threshold=0.01460708952406631 -0.73097753731019566 0.99950000000000017 1.2655000000000001 0.25881904510252091 7.5000000000000009 9.5000000000000018 1.9240000000000002 0.39233617299405105 2.0900007830000003 3.6715000000000004 4.5000000000000009 -0.60355339059327362 1.3595000000000004
decision_type=2 2 2 2 2 2 2 2 2 2 2 2 2 2
left_child=1 -1 4 -3 5 -2 -6 12 -9 -10 11 -11 -5 -14
right_child=2 3 -4 7 6 -7 -8 8 9 10 -12 -13 13 -15
leaf_value=-0.044680310240683509 -0.06570621565564265 0.0060793765574920725 0.038314287648098466 0.059730154886181913 -0.014519977701382329 0.053214261321200856 0.065882352284242621 0.06907656762560889 -0.04344911529811829 0.046279669476057439 0.025854450562174391 -0.083997181194540388 -0.028046384017999457 0.039888818300749307
leaf_weight=91.234797231853008 9.6520679965615255 641.9918968975544 1575.9154871255159 23.987819477915764 7.8797948360443142 5.1527428925037375 9.5535014271736127 8.3751384913921338 11.330908477306364 6.2824118733406049 53.768294379115105 7.8999472707509995 9.1396704465150815 24.91653998196125
leaf_count=1675 59 3213 2462 41 28 9 16 11 91 16 140 33 30 56
internal_value=0.0255864 0.00352748 0.0376426 0.00911116 0.0048077 -0.0243165 0.0295408 0.0224699 0.0125893 0.00662205 0.0149715 -0.026288 0.0373915 0.021657
internal_weight=2487.08 878.927 1608.15 787.693 32.2381 14.8048 17.4333 145.701 87.6567 79.2816 67.9507 14.1824 58.044 34.0562
internal_count=7880 5306 2574 3631 112 68 44 418 291 280 189 49 127 86
is_linear=0
shrinkage=0.05


Tree=25
num_leaves=15
num_cat=0
split_feature=12 13 2 15 10 16 11 14 11 6 4 15 12 17
split_gain=236.429 78.0057 16.4824 16.0776 15.2661 14.2295 13.7898 12.806 10.9321 10.3574 12.844 16.108 10.2506 9.72808
threshold=0.01460708952406631 7.6268778420864605 6.5000000000000009 0.98296291314453421 0.48035421019805064 0.37940952255126048 0.95342327348578826 11.500000000000002 0.53784985950177233 575.52233361500009 969.00000000000011 -0.37940952255126059 -0.32469755314993443 80.500000000000014
decision_type=2 2 2 2 2 2 2 2 2 2 2 2 2 2
left_child=1 -1 3 8 9 7 -6 -3 -2 10 13 -12 -9 -4
right_child=2 5 4 -5 6 -7 -8 12 -10 -11 11 -13 -14 -15
leaf_value=-0.041242465098366161 -0.023402717376602742 0.021670951240865939 0.034431706241183586 0.080481455456301171 0.048826526927854323 -0.00078719894706559275 0.0009096971757094393 -0.065802535321846947 0.018919938254628486 0.049834848873156812 -0.057234095713671218 0.042973764091347649 0.0073410846864682081 0.0031151168174789745
leaf_weight=87.18424791097641 19.280486419796944 246.05463659763336 1041.1518953442574 8.8924331068992597 317.16313363611698 269.5922654569149 15.761002376675604 4.8737226948142043 73.132948353886604 99.986894369125366 8.737352982163431 7.4125327914953223 278.92403125017881 25.403151601552963
leaf_count=1661 87 1011 1664 9 428 1385 34 37 164 134 29 11 1202 55
internal_value=0.0244168 0.00366695 0.0357949 0.0162689 0.0371 0.00856459 0.0465581 0.0133228 0.01009 0.0344376 0.0330157 -0.0112403 0.00608497 0.0336858
internal_weight=2503.55 886.629 1616.92 101.306 1515.62 799.445 332.924 529.852 92.4134 1182.69 1082.7 16.1499 283.798 1066.56
internal_count=7911 5296 2615 260 2355 3635 462 2250 251 1893 1759 40 1239 1719
is_linear=0
shrinkage=0.05


Tree=26
num_leaves=15
num_cat=0
split_feature=12 12 14 0 0 9 16 0 0 6 10 0 0 15
split_gain=225.576 72.4928 21.2001 15.6224 14.3705 12.0607 10.7553 11.3633 10.0294 9.95522 18.4194 12.0355 19.9865 13.6875
threshold=0.01460708952406631 -0.73097753731019566 3.5000000000000004 0.81300000000000006 0.70250000000000001 1.0035402745658522 -0.9159756150367534 0.5375000000000002 6.0060000000000011 85.005359064500013 0.48035421019805064 1.0315000000000001 1.4650000000000001 1.0000000180025095e-35
decision_type=2 2 2 2 2 2 2 2 2 2 2 2 2 2
left_child=1 -1 8 -2 6 -6 -4 -8 -3 11 -11 -5 13 -13
right_child=3 2 4 9 5 -7 7 -9 -10 10 -12 12 -14 -15
leaf_value=-0.040849570325436735 -0.017170882049260323 -0.0080265179247874293 0.021196739957890717 0.040050376280661486 0.063171369535928071 0.018704191907980641 0.0037477865263745658 -0.062140825192088314 -0.074510582430071387 0.034111899737291222 0.0499848231491965 -0.078009222713680396 0.024873549304903746 0.0031460058169097646
leaf_weight=85.178748462349176 14.488828539848326 119.84591320902109 97.7698595225811 98.804169908165932 16.621837645769119 184.59622218459845 368.76166620850563 6.6618992090225211 5.9544226154685012 1083.2973950654268 219.86232943832874 8.0342129766941088 145.69891747832298 14.704741105437277
leaf_count=1684 68 662 374 160 24 575 1932 43 34 1724 285 40 270 36
internal_value=0.0232172 0.00300216 0.00766997 0.0345103 0.0111849 0.0223775 0.00642542 0.00257859 -0.0111734 0.0349871 0.0367899 0.0261961 0.0180694 -0.0255281
internal_weight=2470.28 885.391 800.212 1584.89 674.411 201.218 473.193 375.424 125.8 1570.4 1303.16 267.242 168.438 22.739
internal_count=7911 5328 3644 2583 2948 599 2349 1975 696 2515 2009 506 346 76
is_linear=0
shrinkage=0.05


Tree=27
num_leaves=15
num_cat=0
split_feature=12 13 17 8 4 8 4 15 10 11 12 15 7 12
split_gain=219.053 63.6445 12.1846 14.9906 20.6647 15.0293 18.1952 27.2114 14.9584 14.0898 13.3954 16.2003 38.4339 13.5934
threshold=0.01460708952406631 7.6268778420864605 1.0000000180025095e-35 85.005359372000001 9.5000000000000018 85.005361957000005 611.50000000000011 -0.78656609248549292 0.021325603819558048 0.39792538813744444 13.695814126654938 1.0000000180025095e-35 193.23060568650001 13.69581409585906
decision_type=2 2 2 2 2 2 2 2 2 2 2 2 2 2
left_child=1 -1 3 4 9 6 10 -8 -4 -2 11 13 -13 -5
right_child=2 -3 8 5 -6 -7 7 -9 -10 -11 -12 12 -14 -15
leaf_value=-0.04019219088678766 -0.033506777404835181 0.0062257482065126626 0.011096861243946148 0.036499502161185755 0.042198420501892916 0.04890116402690825 0.034428736780236127 -0.045214081615807776 0.032217686649516172 0.026623689229061318 0.044690241718552765 0.013209397916695923 -0.13461514075644446 -0.018549265857359463
leaf_weight=81.452073879539967 10.365499354898928 790.85263650491834 124.05088916420937 64.666401550173759 753.48950478434563 53.126312017440796 19.354501083493233 24.054326951503754 258.55767430365086 161.99973019957542 63.631392002105713 20.455481275916103 5.601038694381713 13.567106917500494
leaf_count=1670 48 3634 251 99 1068 73 34 74 423 330 90 39 24 33
internal_value=0.0219872 0.00189144 0.0331318 0.0356268 0.0386257 0.0251279 0.0191516 -0.00970409 0.0253698 0.0230076 0.026611 0.0155801 -0.0185666 0.026953
internal_weight=2445.22 872.305 1572.92 1190.31 925.855 264.457 211.33 43.4088 382.609 172.365 167.921 104.29 26.0565 78.2335
internal_count=7890 5304 2586 1912 1446 466 393 108 674 378 285 195 63 132
is_linear=0
shrinkage=0.05


Tree=28
num_leaves=15
num_cat=0
split_feature=12 13 0 11 2 10 11 0 12 4 2 2 4 4
split_gain=212.143 69.4582 15.1676 10.4639 9.28777 16.5161 14.3148 12.7675 19.3518 10.1033 15.4552 12.8202 19.0569 21.0365
threshold=0.01460708952406631 7.6268778420864605 0.76400000000000012 0.027681419633192914 6.5000000000000009 0.48035421019805064 0.91803677250533433 1.0315000000000001 13.318600096416366 29.500000000000004 17.500000000000004 90.500000000000014 22.500000000000004 10.500000000000002
decision_type=2 2 2 2 2 2 2 2 2 2 2 2 2 2
left_child=1 -1 -2 -4 7 9 -7 -5 -9 10 -6 12 13 -12
right_child=2 -3 3 4 5 6 -8 8 -10 -11 11 -13 -14 -15
leaf_value=-0.042993142013631101 -0.025504126447652455 0.0059819295311102205 0.051740272141372085 0.032122592216940152 0.048250197492825234 0.045777160502154059 0.00010886555707600972 -0.057454403324315867 0.019306171184139572 0.031175010938250633 0.0065648981380571781 0.024468493097847835 0.023588417575798208 -0.10984014733876578
leaf_weight=79.61995941773057 11.277530714869497 797.89304424077272 68.892432019114494 51.828084923326969 20.290724068880081 288.10072912275791 18.245845720171928 12.335891827940939 24.553871124982834 1014.2022006213665 6.6252757310867336 22.349955826997757 11.122429698705671 9.370936766266821
leaf_count=1697 54 3639 88 100 29 394 39 54 59 1644 15 40 21 38
internal_value=0.0212038 0.00153824 0.0322715 0.0326925 0.0318052 0.0328061 0.0430572 0.0161201 -0.00636247 0.029909 0.0115031 -0.00356955 -0.0266772 -0.0616278
internal_weight=2436.71 877.513 1559.2 1547.92 1479.03 1390.31 306.347 88.7178 36.8898 1083.96 69.7593 49.4686 27.1186 15.9962
internal_count=7911 5336 2575 2521 2433 2220 433 213 113 1787 143 114 74 53
is_linear=0
shrinkage=0.05


Tree=29
num_leaves=15
num_cat=0
split_feature=13 13 11 12 17 0 11 13 8 0 15 14 0 0
split_gain=148.207 54.7039 28.9312 23.0164 15.7417 17.3481 14.7227 13.9405 12.0621 11.3169 11.2982 14.1616 11.6321 19.1553
threshold=27.958993477632809 7.6268778420864605 0.95342327348578826 13.695814013182984 41.500000000000007 66.207000000000008 0.57132512175651651 255.05876002334898 3.0007453710000003 0.99950000000000017 -0.60355339059327362 13.500000000000002 1.2655000000000001 1.0730000000000002
decision_type=2 2 2 2 2 2 2 2 2 2 2 2 2 2
left_child=1 -1 4 10 6 -6 9 -8 -3 -2 12 -12 13 -4
right_child=2 8 3 -5 5 -7 7 -9 -10 -11 11 -13 -14 -15
leaf_value=-0.039107771328132673 -0.001111474461949373 0.0048211984343480537 0.028097511239829537 -0.082290088438640607 -0.04377680430713244 0.02126558744347791 0.0082108787459149787 0.051515336173433762 0.051847120843947041 0.030883571164056003 0.012381219915529105 -0.035267751295504489 0.04391554256915179 -0.069300262468254978
leaf_weight=76.145611792802811 28.245544627308846 571.62026079744101 19.807085573673252 6.2681306302547446 13.879841208457945 39.219862252473831 21.311187341809273 145.26186269521713 13.969239294528959 1284.1130789071321 134.60410809516907 17.636745676398277 52.139739155769348 6.7747963517904273
leaf_count=1683 102 2916 69 22 41 71 46 191 25 2107 433 78 99 34
internal_value=0.0209457 0.000759026 0.0284959 0.0122477 0.0310119 0.00426402 0.0319723 0.045975 0.005943 0.030195 0.0148134 0.0068612 0.0301922 0.00327421
internal_weight=2431 661.735 1769.26 237.231 1532.03 53.0997 1478.93 166.573 585.59 1312.36 230.962 152.241 78.7216 26.5819
internal_count=7917 4624 3293 735 2558 112 2446 237 2941 2209 713 511 202 103
is_linear=0
shrinkage=0.05


Tree=30
num_leaves=15
num_cat=0
split_feature=12 13 4 11 11 0 0 11 11 0 11 13 2 13
split_gain=153.255 55.4784 13.6287 16.4121 21.405 13.5283 12.3995 16.4941 12.1043 11.7695 11.5596 14.2854 10.7362 10.491
threshold=0.01460708952406631 7.6268778420864605 8.5000000000000018 0.95342327348578826 0.22328926234880317 0.83050000000000013 0.70250000000000001 0.39233617299405105 0.027681419633192914 0.76400000000000012 0.5181884242952336 410.88016814398003 30.500000000000004 273.23464586974688
decision_type=2 2 2 2 2 2 2 2 2 2 2 2 2 2
left_child=1 -1 5 4 8 9 -3 -8 -4 -2 -7 -12 -10 -6
right_child=2 6 3 -5 13 10 7 -9 12 -11 11 -13 -14 -15
leaf_value=-0.038407193019381003 -0.066625884992520479 0.0032540317293100439 0.048429645338654577 -0.019588518543946401 0.021744155424268725 -0.021625502236953496 0.061463859923348657 0.012943035201250123 -0.01194905908199646 0.033094014299840803 0.029969630126781405 -0.021396845430075209 0.027373454457526366 0.046239223035260693
leaf_weight=72.841703534126282 8.6479030549526197 580.2692409157753 68.327461302280426 15.753429561853407 51.443750977516174 14.925428584218023 19.101859450340271 210.84726179391146 17.687771454453468 4.4978978484868994 129.34555323421955 15.11742742359638 931.86221970617771 290.82744482159615
leaf_count=1668 52 2929 90 39 92 59 27 679 44 14 235 38 1558 395
internal_value=0.0200124 0.00339008 0.029492 0.0311531 0.0317408 0.0162454 0.00714782 0.0169737 0.0281036 -0.0325063 0.0202662 0.0245944 0.026641 0.0425576
internal_weight=2431.5 883.06 1548.44 1375.9 1360.15 172.534 810.218 229.949 1017.88 13.1458 159.388 144.463 949.55 342.271
internal_count=7919 5303 2616 2218 2179 398 3635 706 1692 66 332 273 1602 487
is_linear=0
shrinkage=0.05


Tree=31
num_leaves=15
num_cat=0
split_feature=12 13 17 4 10 15 11 9 4 10 10 8 12 4
split_gain=142.899 50.9236 9.31985 11.3122 21.4918 12.9589 21.1461 11.8722 19.1681 15.1731 14.991 13.198 11.9232 13.092
threshold=0.01460708952406631 7.6268778420864605 82.500000000000014 8.5000000000000018 0.42036924032394768 0.25881904510252091 0.53784985950177233 1.2048632681036839 914.50000000000011 0.0031660938027358713 0.064168507485252754 85.005359141 8.711854119769864 268.50000000000006
decision_type=2 2 2 2 2 2 2 2 2 2 2 2 2 2
left_child=1 -1 3 5 7 6 -2 -5 9 11 -10 -9 13 -11
right_child=2 -3 -4 4 -6 -7 -8 8 10 12 -12 -13 -14 -15
leaf_value=-0.037880292708082297 -0.044286413703578317 0.0063816711341834823 -0.0023998547291274068 0.036796147512879622 0.043135262263486615 0.029872046376906727 0.016137911645401279 0.014694807783553372 0.0041667910597270588 0.019449618856000588 -0.10408323321464559 -0.035864014875935372 0.029965830731205248 -0.033471887522754831
leaf_weight=70.629220325499773 18.898878745734692 812.82703501731157 24.561627149581909 241.88547715544701 258.42589981853962 86.26413531601429 61.915083408355713 87.173690527677536 9.1500310301780683 54.949629053473473 4.9169118404388419 15.151313304901121 635.56764043867588 14.843276664614676
leaf_count=1675 91 3660 54 366 365 158 140 168 19 99 21 41 1030 39
internal_value=0.0188226 0.00284308 0.0281489 0.0286528 0.030202 0.0163941 0.00200728 0.0270596 0.0241937 0.0252014 -0.0336706 0.00720854 0.0278116 0.00819448
internal_weight=2397.16 883.456 1513.7 1489.14 1322.06 167.078 80.814 1063.64 821.752 807.686 14.0669 102.325 705.361 69.7929
internal_count=7926 5335 2591 2537 2148 389 231 1783 1417 1377 40 209 1168 138
is_linear=0
shrinkage=0.05


Tree=32
num_leaves=15
num_cat=0
split_feature=12 12 0 0 10 14 10 16 17 8 4 8 10 4
split_gain=153.742 51.842 12.5298 10.5958 10.8914 9.47123 11.6273 9.29179 8.8682 15.729 12.8764 11.0324 18.3798 19.8919
threshold=0.01460708952406631 -0.73097753731019566 0.81300000000000006 1.2655000000000001 0.025691558329907899 21.500000000000004 0.00061333454913394957 0.37940952255126048 1.0000000180025095e-35 85.005359372000001 4.5000000000000009 85.005361957000005 0.0080705197597522645 785.50000000000011
decision_type=2 2 2 2 2 2 2 2 2 2 2 2 2 2
left_child=1 -1 7 -3 5 6 -5 -2 9 10 -4 12 -11 -14
right_child=2 3 8 4 -6 -7 -8 -9 -10 11 -12 -13 13 -15
leaf_value=-0.041015540840339433 -0.046496133636666888 0.0016531939109617391 -0.021746751734755775 0.0013782224823271274 0.026335239681047059 0.052571935203584233 -0.065215655532930281 0.039577301902447737 0.021026260404950231 -0.079014335857287663 0.03371393638823144 0.041377878245427713 0.020753054306076591 -0.039664065070865395
leaf_weight=68.223841574043036 9.8548872321844083 653.35382150113583 10.59404397010803 36.186866134405136 96.760117288678885 6.8324559256434432 8.0045502036809904 4.5985483005642882 376.17744813859463 5.2012586444616309 863.14210915565491 44.056017026305199 181.37829002737999 14.730184748768805
leaf_count=1679 50 3193 36 101 237 14 65 18 676 18 1373 64 323 45
internal_value=0.0175747 0.000824893 0.0272199 0.00438797 0.0164784 -0.00221373 -0.0106842 -0.0191108 0.0276677 0.0299002 0.0330415 0.0187144 0.0137545 0.016215
internal_weight=2379.09 869.362 1509.73 801.138 147.784 51.0239 44.1914 14.4534 1495.28 1119.1 873.736 245.366 201.31 196.108
internal_count=7892 5289 2603 3610 417 180 166 68 2535 1859 1409 450 386 368
is_linear=0
shrinkage=0.05


Tree=33
num_leaves=15
num_cat=0
split_feature=12 13 14 4 11 17 8 1 12 16 9 8 6 13
split_gain=137.293 41.3815 11.3352 10.9998 13.3361 9.15687 15.2263 13.9719 14.6125 15.1877 23.4978 14.6436 37.1949 11.0394
threshold=0.01460708952406631 0.56344356734548062 3.5000000000000004 5.5000000000000009 0.53784985950177233 1.0000000180025095e-35 85.005359242000011 66.500000000000014 10.212228655081036 0.91597561503675351 1.2237324142404897 72.686066446000012 150.48829533600005 410.8801681546982
decision_type=2 2 2 2 2 2 2 2 2 2 2 2 2 2
left_child=1 -1 -3 4 -2 6 13 -7 9 10 -9 12 -12 -5
right_child=3 2 -4 5 -6 7 -8 8 -10 -11 11 -13 -14 -15
leaf_value=-0.05210891503597162 -0.044243711973390581 -0.011158503095185473 0.0049150081837549594 0.026495188535368187 0.015563226154580329 -0.0082317285689116702 0.018596364503252059 0.039688993241218468 0.030428764302588229 -0.043953290099896798 -1.9900393754966494e-05 0.01888416171894591 -0.13667081621922003 0.038511652573313564
leaf_weight=36.347555242478848 11.407853759825228 130.06297459453344 700.08321565762162 409.40602570772171 50.955224305391312 41.090726166963577 286.39102004468441 47.674394503235817 211.17842908203602 12.492800414562224 19.223016142845157 23.807650119066238 6.7205737978219977 358.49672393500805
leaf_count=936 66 793 3563 707 115 97 523 70 341 36 41 43 29 530
internal_value=0.0159144 0.000110301 0.00239669 0.0251745 0.00462296 0.0260793 0.0284355 0.0192204 0.0227335 0.00794906 0.0146044 -0.00943296 -0.0354187 0.0321051
internal_weight=2345.34 866.494 830.146 1478.84 62.3631 1416.48 1054.29 362.188 321.097 109.918 97.4256 49.7512 25.9436 767.903
internal_count=7890 5292 4356 2598 181 2417 1760 657 560 219 183 113 70 1237
is_linear=0
shrinkage=0.05


Tree=34
num_leaves=15
num_cat=0
split_feature=13 13 1 9 17 16 16 8 15 8 11 12 11 6
split_gain=114.231 39.4941 19.3873 15.0876 12.6688 15.2261 11.2354 18.3991 16.2481 10.9272 13.837 16.81 82.0065 27.3423
threshold=27.958993477632809 0.56344356734548062 8.5000000000000018 3.6568046675628554 12.500000000000002 0.60355339059327384 0.78656609248549303 84.151711752499992 0.12940952255126045 3.0007453710000003 0.71118456338544855 -0.96785952064375225 0.66643900960534197 21.238209541000003
decision_type=2 2 2 2 2 2 2 2 2 2 2 2 2 2
left_child=1 -1 6 -4 -5 -6 -2 -8 -9 10 11 12 13 -3
right_child=2 9 3 4 5 -7 7 8 -10 -11 -12 -13 -14 -15
leaf_value=-0.052001828450965341 0.016967799296872303 -0.052113743040760024 0.023663172093402327 0.038766491795323287 0.040171840856147514 -0.051057990152814071 0.047346332344463074 -0.065166326191594084 0.0039328521406599912 0.045545426327300367 -0.042396671733954464 0.0016135942423481224 0.53680412599690441 0.27345515771951068
leaf_weight=35.643498450517654 336.20828641951084 3.6968109384179106 1014.6045377254486 293.05825047194958 9.4238310158252734 8.8861662447452527 10.786696687340735 15.615667395293711 18.689221628010273 14.159021385014055 17.739405158907175 580.222690962255 0.86369015276432026 0.78116594254970539
leaf_count=963 901 95 1749 441 15 28 17 84 63 27 319 3189 14 16
internal_value=0.0169574 -0.000826672 0.0237606 0.0266178 0.0362455 -0.00410361 0.0138246 -0.00961162 -0.0275213 0.00212745 0.00110847 0.00242644 0.0907192 0.00468051
internal_weight=2360.38 653.106 1707.27 1325.97 311.368 18.31 381.3 45.0916 34.3049 617.463 603.304 585.564 5.34167 4.47798
internal_count=7921 4623 3298 2233 484 43 1065 164 147 3660 3633 3314 125 111
is_linear=0
shrinkage=0.05


Tree=35
num_leaves=15
num_cat=0
split_feature=12 12 17 15 5 3 0 4 10 11 15 11 9 4
split_gain=113.489 41.3081 9.47975 16.4329 66.2007 17.3679 10.3001 9.37197 12.0834 13.8241 11.8302 13.628 8.62052 17.5599
threshold=0.01460708952406631 -0.54055632513247243 21.500000000000004 -0.9159756150367534 29.500000000000004 379.50000000000006 91.160000000000011 8.5000000000000018 0.48035421019805064 0.91803677250533433 1.0000000180025095e-35 0.53784985950177233 1.188796378813491 914.50000000000011
decision_type=2 2 2 2 2 2 2 2 2 2 2 2 2 2
left_child=1 2 -1 4 -4 6 -5 10 12 -10 11 -2 -9 -14
right_child=7 -3 3 5 -6 -7 -8 8 9 -11 -12 -13 13 -15
leaf_value=-0.047578500399849656 -0.044800565193856778 0.0048268385546053841 -0.052621846451587628 0.072955224083954495 0.41568698186393976 0.15527190421174336 -0.052459248482947488 0.032574235807643431 0.039364127351949274 -0.0096912135932055027 0.024110338233761824 0.0090901125473261662 0.022372049875378872 -0.026394750314354787
leaf_weight=48.126990929245949 15.103039406239985 808.52925664186478 2.4719324149191411 1.8264215067029059 1.0862494446337221 1.2245483472943295 15.797814950346945 211.27165007591248 216.61502076685429 15.381435140967367 100.39331141859293 52.547634765505791 840.78567503392696 18.873631834983826
leaf_count=1219 76 3596 62 15 17 26 403 332 325 35 198 119 1466 51
internal_value=0.015839 0.00162552 -0.0350711 -0.00820702 0.0903445 -0.0268111 -0.0394624 0.0243331 0.0257664 0.0361117 0.0132201 -0.002941 0.0235253 0.0213014
internal_weight=2350.03 879.063 70.534 22.407 3.55818 18.8488 17.6242 1470.97 1302.93 231.996 168.044 67.6507 1070.93 859.659
internal_count=7940 5338 1742 523 79 444 418 2602 2209 360 393 195 1849 1517
is_linear=0
shrinkage=0.05


Tree=36
num_leaves=15
num_cat=0
split_feature=12 12 14 12 3 10 2 4 8 11 4 3 10 3
split_gain=107.995 45.8042 10.5259 8.20205 17.628 18.6321 11.4328 17.1046 9.70885 9.47229 9.36468 29.4598 15.715 21.2173
threshold=0.01460708952406631 -0.65241903286834568 2.5000000000000004 13.695814219937061 722.50000000000011 0.02397727411996706 1535.5000000000002 855.50000000000011 85.005360781999983 0.032513527902936531 349.50000000000006 237.50000000000003 0.1289640242116635 332.50000000000006
decision_type=2 2 2 2 2 2 2 2 2 2 2 2 2 2
left_child=1 -1 -3 6 -5 -6 7 9 -7 -2 -11 -12 -13 -14
right_child=3 2 -4 4 5 8 -8 -9 -10 10 11 12 13 -15
leaf_value=-0.040058435048348523 0.039404194352638464 -0.011745354390940628 0.0062522466062260897 -0.050743384635292835 0.049496863253113671 -0.039223742726647415 0.046734907805682999 -0.034046761354275791 0.016836083152474 0.025180252511307746 -0.080950596879321837 0.021605217216882817 0.044597918978516081 -0.038872643222580459
leaf_weight=63.015940446406603 89.728389412164688 91.666827388107777 714.22188686579466 11.302474722266195 25.355718493461609 13.950489774346353 53.468347683548927 12.941025570034979 17.302272006869316 915.39111619442701 7.7564479261636725 284.29786716401577 10.942665383219717 25.020852163434029
leaf_count=1705 131 505 3095 34 33 38 72 37 32 1643 27 497 15 68
internal_value=0.014965 0.000994945 0.00420509 0.0232369 0.00626725 0.01765 0.0240603 0.0231596 -0.00818769 0.0237149 0.0225828 0.015334 0.0176659 -0.0134749
internal_weight=2336.36 868.905 805.889 1467.46 67.911 56.6085 1399.55 1346.08 31.2528 1333.14 1243.41 328.018 320.261 35.9635
internal_count=7932 5305 3600 2627 137 103 2490 2418 70 2381 2250 607 580 83
is_linear=0
shrinkage=0.05


Tree=37
num_leaves=15
num_cat=0
split_feature=13 13 11 4 11 4 5 15 16 14 6 14 12 15
split_gain=111.827 30.1778 23.3035 12.99 10.3629 7.24041 18.9336 29.1295 8.39843 13.3894 10.6272 15.9062 15.4945 8.0464
threshold=27.958993477632809 0.56344356734548062 0.98373137375451936 7.5000000000000009 0.025140952790422378 32.500000000000007 26.500000000000004 -0.70710678118654735 -0.78656609248549325 11.500000000000002 13.534549589000001 8.5000000000000018 -0.32469755314993443 0.91597561503675362
decision_type=2 2 2 2 2 2 2 2 2 2 2 2 2 2
left_child=1 -1 4 -4 -2 6 8 -8 9 -3 12 -12 -10 -9
right_child=2 5 3 -5 -6 -7 7 13 10 -11 11 -13 -14 -15
leaf_value=-0.051759963221136178 0.042829657337291382 0.027713872927775485 0.0082173814637121183 -0.052300739160722177 0.021985083966116783 -0.055807845935155011 0.27791890001019759 -0.060974501437297046 -0.054177976461339927 -0.0037714153255770655 -0.064336184864553517 0.07053393464998807 -0.0045975416339648764 0.096287995598648701
leaf_weight=31.554244346916676 62.349447563290596 56.293208904564381 222.71096117794514 9.2347132712602598 1365.1325458288193 6.1012062877416602 1.5300830267369745 1.7174626439809793 16.358737833797932 84.380743898451328 2.819558158516883 9.7310048714280111 429.00270295888186 1.5451416522264478
leaf_count=964 91 256 700 28 2474 133 19 37 387 417 41 55 2292 12
internal_value=0.0136554 -0.0040813 0.0205071 0.00580791 0.0228955 -0.00161286 -0.00106485 0.0979192 -0.00185739 0.00882799 -0.00514002 0.0402346 -0.0064187 0.0135037
internal_weight=2300.46 641.034 1659.43 231.946 1427.48 609.48 603.379 4.79269 598.586 140.674 457.912 12.5506 445.361 3.2626
internal_count=7906 4613 3293 728 2565 3649 3516 68 3448 673 2775 96 2679 49
is_linear=0
shrinkage=0.05


Tree=38
num_leaves=15
num_cat=0
split_feature=6 13 6 6 0 4 10 3 3 10 7 1 11 0
split_gain=85.3522 36.6476 16.3246 25.7512 19.3263 15.7208 11.2875 10.751 15.8082 37.6658 20.6529 16.938 11.5325 10.6793
threshold=85.005359064500013 0.56344356734548062 122.38810516750002 129.41655523100005 26.092000000000002 166.50000000000003 0.0025376261830365112 125.50000000000001 187.50000000000003 0.022172154524576215 106.01174762300001 472.50000000000006 0.04243620613811299 0.99950000000000017
decision_type=2 2 2 2 2 2 2 2 2 2 2 2 2 2
left_child=1 -1 6 -4 5 -5 -2 -6 9 -9 -10 -11 -13 -3
right_child=2 13 3 4 7 -7 -8 8 10 11 -12 12 -14 -15
leaf_value=-0.051670865535529388 0.0097246310624826606 0.00053870589398590993 -0.054710054039600053 0.0012907088528844759 0.037053748781773692 -0.088042062445277194 0.037471886206837654 -0.162047029645527 -0.036982339640225757 0.022985283628944267 0.022734480625971883 -0.0023516439513365144 -0.087968941413451754 0.010703952740109554
leaf_weight=29.7788474150002 43.539541307836771 653.86835322529078 11.650138869881628 17.590241223573688 96.973126411437988 6.8398319482803336 231.69035010784864 3.6156370192766181 14.795301169157026 37.769103780388832 676.49635374546051 9.3989744484424609 6.7633643448352805 427.16840735450387
leaf_count=955 91 3181 36 37 146 24 363 17 43 65 1177 20 24 1698
internal_value=0.012948 0.00304815 0.0224518 0.019134 0.0201226 -0.0237203 0.0330825 0.0213889 0.0193604 -0.00581852 0.0214564 0.00465525 -0.0381794 0.00455547
internal_weight=2267.94 1110.82 1157.12 881.892 870.242 24.4301 275.23 845.812 748.839 57.5471 691.292 53.9314 16.1623 1081.04
internal_count=7877 5834 2043 1589 1553 61 454 1492 1346 126 1220 109 44 4879
is_linear=0
shrinkage=0.05


Tree=39
num_leaves=15
num_cat=0
split_feature=6 13 15 10 0 8 1 17 8 1 7 0 7 3
split_gain=73.3491 34.2394 11.6741 11.1429 24.5872 16.5733 10.4621 9.69825 13.6345 12.1446 16.3379 11.0724 10.4316 21.2307
threshold=85.005359060500012 0.56344356734548062 0.91597561503675362 0.15462045041818276 1.2655000000000001 84.772253798500003 5.5000000000000009 1.0000000180025095e-35 85.005359372000001 72.500000000000014 2.8028016825000006 0.99950000000000017 36.047692465000004 84.500000000000014
decision_type=2 2 2 2 2 2 2 2 2 2 2 2 2 2
left_child=1 -1 3 -3 5 -5 -7 8 11 10 -9 -2 -11 -14
right_child=7 2 -4 4 -6 6 -8 9 -10 12 -12 -13 13 -15
leaf_value=-0.051587384072826585 -0.013188153346373297 -0.0015947993576166473 0.017428141217622772 0.024522476978688125 0.026199250174652345 -0.010761577285885948 -0.084860343352337164 0.0017274304935544268 0.013119157382775876 0.043428378495480549 -0.087966401244499212 0.028014703245416939 -0.059378452821404165 0.015993053387545333
leaf_weight=28.142902977764606 16.716882564127445 610.68632696196437 145.62402496859431 37.355697214603424 130.55618032813072 97.306635737419128 5.008801043033599 25.50033296644688 239.26013360917568 31.779807761311531 6.3391603827476493 662.11030025407672 9.7352788299322111 231.90813136845827
leaf_count=947 49 3366 592 79 292 411 19 55 458 45 23 1110 30 437
internal_value=0.012485 0.0028222 0.00431386 0.00214594 0.0105996 -0.00398198 -0.014389 0.0208155 0.0233826 0.013095 -0.0161304 0.027 0.0164982 0.0129565
internal_weight=2278.03 1054.68 1026.54 880.914 270.227 139.671 102.315 1223.35 918.087 305.263 31.8395 678.827 273.423 241.643
internal_count=7913 5706 4759 4167 801 509 430 2207 1617 590 78 1159 512 467
is_linear=0
shrinkage=0.05


Tree=40
num_leaves=15
num_cat=0
split_feature=12 12 17 5 8 14 0 8 11 0 17 13 15 0
split_gain=74.4991 35.6787 13.3812 14.86 29.2858 59.4707 12.2487 11.9669 11.476 8.82073 7.34254 8.48014 6.52181 9.90794
threshold=0.01460708952406631 -0.54055632513247243 21.500000000000004 23.500000000000004 0.11247933800000177 16.500000000000004 0.81300000000000006 1.3912241179999996 0.53974761214589451 1.2655000000000001 83.500000000000014 410.88016976241522 0.91597561503675362 1.0015000000000003
decision_type=2 2 2 2 2 2 2 2 2 2 2 2 2 2
left_child=1 2 -1 -4 -5 7 8 -6 -2 12 -8 -12 -3 -14
right_child=6 9 3 4 5 -7 10 -9 -10 -11 11 -13 13 -15
leaf_value=-0.052622084645051193 0.023255578847707008 -0.0012422220109339242 -0.052710601316841223 -0.051697521529409075 -0.052148093463583692 0.3371711819287323 0.020001636152671566 0.13532660741207053 -0.072455894490927278 0.014348725224985415 -0.03503756749783387 0.029059174278958044 0.0091926132437625454 0.082421838898993849
leaf_weight=41.283649383112788 5.646738372743128 569.58476639539003 8.4770523831248301 5.2517912536859495 2.9379892833530903 1.9489984996616838 1354.9631117135286 1.1984172835946081 7.0320337414741516 145.80535180866718 12.921517834067346 8.5911618620157224 88.473285257816315 4.8735061585903159
leaf_count=1229 28 2818 235 174 80 20 2472 2 36 363 35 14 385 10
internal_value=0.0119058 0.000431002 -0.0364113 -0.00263557 0.0348066 0.109461 0.0190909 0.00216787 -0.0298289 0.00321434 0.0195415 -0.00944032 0.000765438 0.0130158
internal_weight=2258.99 869.835 61.0979 19.8142 11.3372 6.08541 1389.15 4.13641 12.6788 808.737 1376.48 21.5127 662.932 93.3468
internal_count=7901 5316 1740 511 276 102 2585 82 64 3576 2521 49 3213 395
is_linear=0
shrinkage=0.05


Tree=41
num_leaves=15
num_cat=0
split_feature=12 13 12 3 15 10 6 0 4 9 10 10 10 12
split_gain=58.2945 29.5066 14.3094 15.9922 22.1331 16.9578 10.805 9.11474 10.9836 48.2895 36.7619 12.2237 11.2968 16.4363
threshold=0.01460708952406631 0.56344356734548062 13.695814219937061 722.50000000000011 0.25881904510252091 0.033470075617653201 601.01974821150009 0.99950000000000017 275.50000000000006 2.0580490673136551 0.16295362905948316 0.062270651106939558 0.22250790307499185 13.69581409585906
decision_type=2 2 2 2 2 2 2 2 2 2 2 2 2 2
left_child=1 -1 6 -4 -5 -6 7 -2 11 10 -10 -9 13 -12
right_child=2 -3 3 4 5 -7 -8 8 9 -11 12 -13 -14 -15
leaf_value=-0.051439875639052529 -0.0080735371158271868 0.0028501907196693422 -0.062687195533456183 0.026301242022492052 -0.0044628721605272292 -0.11506854555698137 0.041353589932070833 0.011789056319879369 0.019399694650912108 -0.089977605696982876 -0.10077394205496062 0.026290768639109313 -0.0059174301657232212 -0.0049084927077476291
leaf_weight=25.804913260042667 32.648348577320576 830.77149810455739 10.260206714272497 36.988525778055191 9.2014785259962064 5.5590249150991431 51.554577261209488 197.03226970136166 436.45261114835739 11.158073276281355 10.50103570520878 553.59179965406656 20.526739224791527 7.7865129411220542
leaf_count=955 116 4317 33 62 20 22 74 386 781 42 39 971 45 17
internal_value=0.0114652 0.00121467 0.0178127 -0.00566163 0.00564475 -0.0461186 0.0189144 0.0180033 0.0186915 0.0128389 0.0152528 0.0224842 -0.031378 -0.0599561
internal_weight=2239.84 856.576 1383.26 62.0092 51.749 14.7605 1321.25 1269.7 1237.05 486.425 475.267 750.624 38.8143 18.2875
internal_count=7880 5272 2608 137 104 42 2471 2397 2281 924 882 1357 101 56
is_linear=0
shrinkage=0.05


Tree=42
num_leaves=15
num_cat=0
split_feature=13 13 4 11 12 11 17 15 4 4 12 3 12 14
split_gain=45.1005 27.4051 15.2768 16.5365 18.1977 16.4985 12.8023 10.8672 15.808 11.5526 10.1693 58.1611 12.2157 10.0793
threshold=27.958993477632809 0.56344356734548062 7.5000000000000009 0.95342327348578826 7.8840740547322152 0.47356744063834139 3.5000000000000004 -0.60355339059327362 30.500000000000004 28.500000000000004 -0.96785952064375225 258.50000000000006 -0.73097753731019566 4.5000000000000009
decision_type=2 2 2 2 2 2 2 2 2 2 2 2 2 2
left_child=1 -1 -2 5 -5 -4 -7 8 -3 10 11 -9 -12 -8
right_child=2 7 3 4 -6 6 13 9 -10 -11 12 -13 -14 -15
leaf_value=-0.051367976292567535 0.0064813834025448536 -0.011751253386204316 0.015982593466553882 0.02139461918601053 -0.080782053937963338 0.035081635117333698 0.038836192190857065 -0.05188190598196616 0.10053631398530632 -0.057306704035097591 -0.051794557340783524 0.37791008072241822 0.0073547239532894245 -0.015273481575530688
leaf_weight=24.995123414322734 355.24628577381372 151.69913078472018 979.16209515929222 8.6423691064119357 8.7894500195980054 213.84768252074718 13.201664701104162 2.3641636744141574 3.2005247399210921 7.1258348412811747 8.9039888996630889 1.180041955783963 443.98529392108321 24.725286543369293
leaf_count=971 1029 1006 1817 16 30 346 20 70 39 167 267 17 2096 59
internal_value=0.0111427 -3.99243e-05 0.0156297 0.0182331 -0.0301248 0.0189179 0.0303334 0.00203451 -0.00943118 0.0058658 0.00685205 0.0912172 0.00619182 0.00356109
internal_weight=2247.07 643.454 1603.61 1248.37 17.4318 1230.94 251.775 618.459 154.9 463.559 456.433 3.54421 452.889 37.927
internal_count=7950 4633 3317 2288 46 2242 425 3662 1045 2617 2450 87 2363 79
is_linear=0
shrinkage=0.05


Tree=43
num_leaves=15
num_cat=0
split_feature=6 13 0 0 6 0 5 6 3 1 9 8 4 17
split_gain=56.4413 29.503 11.726 14.4724 11.549 26.5285 19.7193 14.4327 12.1054 18.338 12.3417 18.5647 16.5943 15.0809
threshold=85.005359064500013 7.6268778420864605 0.99950000000000017 1.0015000000000003 122.38810516750002 26.092000000000002 37.500000000000007 133.09865884250004 127.50000000000001 403.50000000000006 1.1732595325269106 64.680751715500023 954.50000000000011 3.5000000000000004
decision_type=2 2 2 2 2 2 2 2 2 2 2 2 2 2
left_child=1 -1 -3 -4 -2 6 -6 -7 -9 -10 -11 13 -13 -12
right_child=4 2 3 -5 5 7 -8 8 9 10 11 12 -14 -15
leaf_value=-0.036127692048909095 0.027021445614062219 -0.00047224637742965703 0.03083978918952714 0.0060078192601802759 -0.0043654319368317419 -0.03246666876590814 -0.1004920957072844 0.03456802826328035 -0.047327148490694339 0.029393730748715957 -0.0080618751883628787 0.016843728874234812 -0.042231861564258989 -0.099851573081262468
leaf_weight=48.672528943046927 263.59062947705388 652.554925955832 71.065038353204727 336.56679231673479 15.704770982265474 14.753930903971193 8.0799760818481428 91.444672659039497 11.518848106265066 142.93943832814693 35.349322125315666 510.62203481793404 12.170600101351736 5.1234233379364005
leaf_count=1666 470 3170 116 883 35 40 30 143 33 241 79 935 36 19
internal_value=0.00991722 0.00193629 0.00368378 0.0103369 0.0178806 0.0150384 -0.0370209 0.0165412 0.0174348 0.0152518 0.0162725 0.0129428 0.0154685 -0.0196815
internal_weight=2220.16 1108.86 1060.19 407.632 1111.3 847.707 23.7847 823.922 809.168 717.724 706.205 563.265 522.793 40.4727
internal_count=7896 5835 4169 999 2061 1591 65 1526 1486 1343 1310 1069 971 98
is_linear=0
shrinkage=0.05


Tree=44
num_leaves=15
num_cat=0
split_feature=6 12 12 11 0 1 2 2 2 11 6 8 8 14
split_gain=60.6745 29.7241 9.19987 9.4518 9.11361 14.4765 23.7036 14.0888 15.829 18.2357 19.2643 20.2972 9.34519 17.4043
threshold=85.005359061500016 -0.97423875484696898 1.333954144285894 0.025140952790422378 0.70250000000000001 218.50000000000003 154.50000000000003 172.50000000000003 210.50000000000003 0.39792538813744444 4.5316819095000005 5.7296314499999923 84.964320424500031 21.500000000000004
decision_type=2 2 2 2 2 2 2 2 2 2 2 2 2 2
left_child=1 -1 -2 -4 -3 12 -7 -8 -9 -10 -11 -12 -6 -14
right_child=2 4 3 -5 5 6 7 8 9 10 11 -13 13 -15
leaf_value=-0.051327155652701829 0.043763911933487554 -0.00099914739346738837 0.039183683781109396 0.016515872438307638 0.021135945501202735 -0.098738590156961764 0.048685558897125301 -0.084381876092568156 0.065556527290731345 0.18078480896944504 -0.06210826581054546 0.054192797455230618 0.007882680507828789 -0.070726369853355939
leaf_weight=25.741744004189968 34.261995507404208 591.51601555198431 48.005230590701103 1093.8595569729805 159.92690727487206 7.4159718714654437 10.437246970832346 7.0685861241072407 7.6193491984158781 1.0895033553242708 16.018013576045636 4.8989011645317069 222.35894864052534 7.2715488299727431
leaf_count=1049 63 2974 72 2047 360 103 60 122 46 24 344 6 628 41
internal_value=0.0104132 0.00174585 0.0182349 0.0174689 0.00306505 0.00847826 -0.0156462 -0.00257194 -0.0171515 -0.00111059 -0.024193 -0.0348697 0.0118563 0.00539342
internal_weight=2237.49 1061.36 1176.13 1141.86 1035.62 444.105 54.5476 47.1316 36.6944 29.6258 22.0064 20.9169 389.557 229.63
internal_count=7939 5757 2182 2119 4708 1734 705 602 542 420 374 350 1029 669
is_linear=0
shrinkage=0.05


Tree=45
num_leaves=15
num_cat=0
split_feature=6 13 6 1 6 15 9 9 12 6 0 12 10 1
split_gain=40.987 25.732 13.1258 19.1302 10.6519 10.9198 10.0687 30.7785 8.99806 10.1442 16.7416 8.65442 10.3455 8.16415
threshold=85.005359064500013 0.56344356734548062 122.38810516750002 158.00000000000003 129.41655523100005 -0.98296291314453399 1.1222704763323976 1.3071986902434554 13.666832712880309 85.005359060500012 1.4650000000000001 4.8841564128695358 0.011035741315906757 191.50000000000003
decision_type=2 2 2 2 2 2 2 2 2 2 2 2 2 2
left_child=1 -1 11 -4 -5 6 -6 -8 9 13 -11 -2 -13 -3
right_child=2 8 3 4 5 -7 7 -9 -10 10 -12 12 -14 -15
leaf_value=-0.051184197625026767 0.048138606099351319 0.0044878817494710668 -0.053244272367404456 -0.036108071062404379 0.04483988451584487 0.016367522150609486 -0.10813960658128163 0.0042109497121057306 0.019916932043968657 -0.095915904103681698 0.014075504916694518 -0.00089074343072251716 0.027484424330950653 -0.0144852790044925
leaf_weight=21.504088142886758 38.783845245838165 937.01636269129813 10.592276111245154 10.317711047828196 7.080119475722312 776.36103277653456 7.8101928532123557 27.772163644433022 82.561725810170174 6.775669261813162 7.0687263309955597 38.877614513039589 184.88259743154049 60.350297089666128
leaf_count=956 60 3897 32 29 10 1443 30 57 157 34 15 84 328 828
internal_value=0.00973891 0.00298073 0.0165755 0.0135254 0.0143781 0.0150141 -0.00961436 -0.0204496 0.00404564 0.0027498 -0.0397561 0.0263337 0.0225543 0.00333982
internal_weight=2217.75 1115.28 1102.48 839.933 829.341 819.024 42.6625 35.5824 1093.77 1011.21 13.8444 262.544 223.76 997.367
internal_count=7960 5887 2073 1601 1569 1540 97 87 4931 4774 49 472 412 4725
is_linear=0
shrinkage=0.05


Tree=46
num_leaves=15
num_cat=0
split_feature=6 3 17 17 5 6 10 3 12 11 5 5 16 4
split_gain=40.8628 26.0657 11.5576 19.9221 16.1583 16.8812 15.9316 19.2675 11.8531 10.3777 13.1959 17.8705 15.5222 13.9088
threshold=85.005359064500013 112.50000000000001 21.500000000000004 22.500000000000004 120.50000000000001 79.582184927000014 0.041357039100331727 379.50000000000006 0.31146098333385402 0.027681419633192914 46.500000000000007 56.500000000000007 0.60355339059327384 21.500000000000004
decision_type=2 2 2 2 2 2 2 2 2 2 2 2 2 2
left_child=1 -1 4 -4 5 8 7 -5 -3 -2 13 12 -12 -11
right_child=9 2 3 6 -6 -7 -8 -9 -10 10 11 -13 -14 -15
leaf_value=0.0046100286791247369 0.036926712748718948 -0.053353588199010704 0.23440524638436494 -0.063703179618450997 0.047150872583620662 0.053658127352612522 0.043786017915521044 0.13681713848186514 -0.14746875838504186 0.0029153248213948974 -0.080236982691556311 0.012785313896924952 0.012442834206965051 0.029438414443174035
leaf_weight=1038.8885431960225 57.605233043432236 32.004930669441819 0.88018425554037349 11.734801143407823 4.4809833317995063 3.3835478499531737 8.8027051854878646 1.3341810982674349 3.7359343767166129 62.304127737879753 9.7763046789914387 728.22989339381456 8.3990804329514486 239.1905829384923
leaf_count=4187 89 1121 14 332 6 6 113 25 17 140 36 1391 17 417
internal_value=0.00946797 0.00266943 -0.0277125 0.00117572 -0.0427854 -0.053086 -0.00821015 -0.0432325 -0.0631913 0.0162649 0.0151291 0.0115631 -0.0374084 0.0239574
internal_weight=2210.75 1105.25 66.3573 22.7519 43.6054 39.1244 21.8717 13.069 35.7409 1105.51 1047.9 746.405 18.1754 301.495
internal_count=7911 5821 1634 484 1150 1144 470 357 1138 2090 2001 1444 53 557
is_linear=0
shrinkage=0.05


Tree=47
num_leaves=15
num_cat=0
split_feature=12 13 17 16 4 11 11 0 4 9 10 3 10 10
split_gain=37.8664 23.1034 8.56344 16.659 15.822 10.9358 7.56078 8.54985 8.54827 34.1095 22.3016 14.4736 14.1921 13.538
threshold=0.01460708952406631 0.56344356734548062 14.500000000000002 -0.5 372.50000000000006 0.78024963277936032 0.027681419633192914 558.68700000000013 349.50000000000006 1.8279295654302314 0.16295362905948316 353.50000000000006 0.20104562539725279 0.11954261528778108
decision_type=2 2 2 2 2 2 2 2 2 2 2 2 2 2
left_child=1 -1 6 -4 5 -5 7 -2 11 10 -10 -8 -12 -11
right_child=2 -3 3 4 -6 -7 8 -9 9 13 12 -13 -14 -15
leaf_value=-0.051099932477834953 0.014605241191169622 0.0027906928505835268 0.032655870275479823 -0.034822917126267415 0.022113248181932114 0.029051951196869919 0.016458279712464403 0.054471528500293964 0.014946269373118585 -0.11381386076299348 -0.084964531668280358 0.042731244302834794 -0.0045828547795273697 -0.0082894421736303785
leaf_weight=20.364637879654765 27.032664775848389 849.51302474923432 31.107537716627121 46.697767227888107 25.412483528256416 7.8235116600990287 711.71758509427309 26.76430056989193 378.09578217566013 7.5591044276952726 8.9380545318126696 56.588114619255066 14.239634737372397 5.0833605527877808
leaf_count=982 52 4375 49 126 44 13 1413 34 707 33 31 81 31 12
internal_value=0.00966082 0.00152906 0.014912 0.0016114 -0.0104701 -0.0256572 0.0161069 0.0344389 0.0152727 0.00948013 0.0120278 0.0183934 -0.0355806 -0.0713839
internal_weight=2216.94 869.878 1347.06 111.041 79.9338 54.5213 1236.02 53.797 1182.22 413.916 401.273 768.306 23.1777 12.6425
internal_count=7983 5357 2626 232 183 139 2394 86 2308 814 769 1494 62 45
is_linear=0
shrinkage=0.05


Tree=48
num_leaves=15
num_cat=0
split_feature=12 13 14 0 4 6 6 10 14 0 5 17 13 0
split_gain=47.757 19.0628 10.5067 12.7848 7.43838 64.1806 11.2425 10.7596 12.1857 16.0077 19.3458 12.1464 21.6214 9.43395
threshold=0.01460708952406631 0.56344356734548062 4.5000000000000009 5.0015000000000009 514.50000000000011 274.29316803850003 524.34246758400002 0.032423883266856433 6.5000000000000009 882.41700000000014 437.50000000000006 1.0000000180025095e-35 410.8801732297249 546.50000000000011
decision_type=2 2 2 2 2 2 2 2 2 2 2 2 2 2
left_child=1 -1 3 -3 6 -6 -2 11 9 10 -9 -7 -13 -10
right_child=4 2 -4 -5 5 7 -8 8 13 -11 -12 12 -14 -15
leaf_value=-0.051045885768427869 0.014978397807519051 -0.0073209324089530507 0.0026630037290009639 -0.058832473555337952 -0.095428117061566453 0.034893782798249257 0.047686661261931787 -0.10911517740910986 0.025688370963205306 0.013195897919496422 -0.0082146110320406064 -0.06654619910589285 0.022531198444249213 -0.004083566648249254
leaf_weight=18.76552296243608 1028.3213750571012 152.11441510170698 677.61797179840505 13.081412065774201 14.603280141949652 77.892532855272293 26.960597008466721 8.5553563535213488 56.81812097132206 17.29968050122261 10.681630894541739 9.1627524942159635 26.555195778608322 50.044917896389961
leaf_count=950 2024 816 3367 190 58 122 37 33 96 33 24 29 46 109
internal_value=0.007963 -0.00120318 -9.34156e-05 -0.0114 0.0139148 0.00653575 0.015814 0.0123293 0.00322332 -0.0217037 -0.0530886 0.023823 -0.000319894 0.0117459
internal_weight=2188.47 861.579 842.814 165.196 1326.9 271.613 1055.28 257.01 143.4 36.5367 19.237 113.61 35.7179 106.863
internal_count=7934 5323 4373 1006 2611 550 2061 492 295 90 57 197 75 205
is_linear=0
shrinkage=0.05


Tree=49
num_leaves=15
num_cat=0
split_feature=13 0 14 7 10 0 17 15 11 8 8 3 15 12
split_gain=34.1382 19.7171 17.3937 18.2183 14.7263 12.0984 10.7002 11.8325 9.86114 8.2316 9.69959 18.8307 16.3772 8.78983
threshold=27.958993477632809 186.50000000000003 21.500000000000004 13.784812547000003 0.19350583346897959 0.70250000000000001 93.500000000000014 -0.9159756150367534 0.01598935021515269 85.005361957000005 85.005360191000008 579.00000000000011 0.60355339059327384 13.153079635749478
decision_type=2 2 2 2 2 2 2 2 2 2 2 2 2 2
left_child=1 6 4 -4 -3 -2 7 -1 -7 10 13 -12 -13 -10
right_child=5 2 3 -5 -6 8 -8 -9 9 -11 11 12 -14 -15
leaf_value=-0.019045886811933147 -0.014715904322568167 -0.053695717380683718 -0.051184162617580187 0.15684395583148039 0.061424950138870962 0.044086282632182901 0.075078407866588537 0.0037071733081460835 0.0092726363944664013 0.02959198733215614 -0.068840488284627757 0.016398509163544853 -0.048666319896366966 0.017381816574261282
leaf_weight=64.123142324388027 37.716329142451286 34.633523443713784 1.9292337205260981 2.3157927934080362 3.0202307049185029 26.67174120247364 4.9462122712284318 524.6669082865119 633.97728608548641 74.683752477169037 9.9733807146549207 54.502804845571518 11.757742404937742 706.63781275600195
leaf_count=397 179 1295 91 28 18 40 42 2729 1449 123 35 101 34 1346
internal_value=0.00926856 -0.000494906 -0.033645 0.0623016 -0.0444618 0.0132572 0.00184443 0.00122921 0.0139521 0.0134133 0.0125605 -0.00478807 0.00485294 0.013547
internal_weight=2191.56 635.635 41.8988 4.24503 37.6538 1555.92 593.736 588.79 1518.2 1491.53 1416.85 76.2339 66.2605 1340.62
internal_count=7907 4600 1432 119 1313 3307 3168 3126 3128 3088 2965 170 135 2795
is_linear=0
shrinkage=0.05


Tree=50
num_leaves=15
num_cat=0
split_feature=12 13 12 6 4 2 2 10 16 16 3 8 0 15
split_gain=31.5492 18.5307 8.9921 10.2175 10.048 9.30805 9.85346 8.91285 28.7467 10.7903 9.72052 9.10281 7.13275 7.19103
threshold=0.01460708952406631 0.56344356734548062 13.695814219937061 601.01974821150009 919.00000000000011 1535.5000000000002 1367.5000000000002 0.032423883266856433 0.91597561503675351 -0.12940952255126037 882.50000000000011 84.900400331 0.99950000000000017 0.25881904510252091
decision_type=2 2 2 2 2 2 2 2 2 2 2 2 2 2
left_child=1 -1 3 4 5 6 12 11 9 -9 -11 -4 13 -2
right_child=2 -3 7 -5 -6 -7 -8 8 -10 10 -12 -13 -14 -15
leaf_value=-0.050945472727358776 -0.036172008801119891 0.0016474395971400515 0.040002530482819258 0.036337044896247513 -0.033136521266270522 0.054810978234532251 -0.03554910356537902 -0.014402326960033419 0.053256739637689357 -0.041956295880403081 -0.12810480576799704 -0.014804679210551211 0.014026606739143655 0.013052646039925619
leaf_weight=17.090805945917964 14.39127127081156 836.36235328018665 15.896210908889772 48.709431529045105 11.698664128780363 13.4352780431509 10.3776578605175 10.245054066181183 8.7786580771207792 6.8951225131750107 6.2356596738100052 14.474378049373625 1127.8470018059015 15.314823657274244
leaf_count=952 69 4346 24 76 35 17 28 24 11 20 26 34 2193 40
internal_value=0.0080684 0.000594241 0.012959 0.0138906 0.0129742 0.0134308 0.0129548 -0.00554244 -0.0238891 -0.0528608 -0.0828672 0.0138819 0.0133896 -0.0107945
internal_weight=2157.75 853.453 1304.3 1241.77 1193.06 1181.37 1167.93 62.5251 32.1545 23.3758 13.1308 30.3706 1157.55 29.7061
internal_count=7895 5298 2597 2458 2382 2347 2330 139 81 70 46 58 2302 109
is_linear=0
shrinkage=0.05


Tree=51
num_leaves=15
num_cat=0
split_feature=6 13 7 3 10 4 13 13 10 4 2 12 12 6
split_gain=35.1953 21.088 14.8592 16.0799 12.4784 14.3027 12.0289 11.3949 9.91902 22.3449 17.5233 13.8122 14.1934 16.8559
threshold=85.005359064500013 0.72178820292961776 50.142599706500008 160.50000000000003 0.48035421019805064 21.500000000000004 410.88016821900686 410.88016832261525 0.16295362905948316 275.50000000000006 509.50000000000006 13.695814026472492 6.5510405304189865 223.78663932750001
decision_type=2 2 2 2 2 2 2 2 2 2 2 2 2 2
left_child=1 -1 7 -4 5 6 -2 -3 -7 11 -11 12 -10 -14
right_child=4 2 3 -5 -6 8 -8 -9 9 10 -12 -13 13 -15
leaf_value=-0.050999916081487622 0.0027708871445601053 0.00184740811592737 -0.13691766265229618 -0.0023506724170675474 0.026538258598601962 0.014443014020798749 -0.084801956309179555 0.054667655933676673 0.034549106590641206 -0.088566439241522757 -0.012278526122424575 0.029480949444986755 -0.059300274607361092 0.019900194364009936
leaf_weight=19.231708168983459 8.9512478820979577 1067.6947664655745 3.998060926795004 4.9916278067976236 159.46840946376324 752.16809626854956 6.9782352000474921 10.309161797165869 12.872957289218901 10.175468057394026 28.924548536539078 53.736938655376434 17.420764908194545 10.934639945626257
leaf_count=1060 22 4782 18 28 298 1441 25 13 21 36 67 90 54 20
internal_value=0.00714156 0.000900442 0.00181869 -0.0621978 0.0136448 0.0113658 -0.0355922 0.00235254 0.0122098 -0.000319586 -0.0321318 0.0127785 -0.00899152 -0.0287584
internal_weight=2167.86 1106.23 1086.99 8.98969 1061.63 902.163 15.9295 1078 886.233 134.065 39.1 94.9653 41.2284 28.3554
internal_count=7975 5901 4841 46 2074 1776 47 4795 1729 288 103 185 95 74
is_linear=0
shrinkage=0.05


Tree=52
num_leaves=15
num_cat=0
split_feature=6 13 4 6 10 8 17 5 4 8 12 17 7 1
split_gain=33.9723 16.5197 9.29863 33.0179 19.4262 17.6247 15.8819 13.5502 13.3764 11.5903 18.4154 12.6501 11.3849 10.1257
threshold=85.005359061500016 0.56344356734548062 275.50000000000006 194.16733284500003 0.16295362905948316 84.979344858999994 1.5000000000000002 258.50000000000006 337.50000000000006 11.059898489500016 10.212228655081036 32.500000000000007 236.02244450700002 601.50000000000011
decision_type=2 2 2 2 2 2 2 2 2 2 2 2 2 2
left_child=1 -1 6 7 -5 -6 13 8 -4 -8 11 -11 -7 -2
right_child=2 -3 3 4 5 12 9 -9 -10 10 -12 -13 -14 -15
leaf_value=-0.050847507967737154 0.019269362634538378 0.0011392171762584352 -0.025721106454414274 0.013994318050912858 0.006620860854962593 -0.02922343226893695 0.05479081733239765 0.013330316709802968 -0.10419959736399163 -0.08547185245847326 0.0083119432960183631 -0.013107211875416148 -0.11397560774358872 0.043111259332315272
leaf_weight=15.513448619283734 374.58840457722545 1020.6486217770725 11.362241387367254 497.69564335048199 22.279328227043152 10.53256878256798 9.2226236313581449 7.8709223568439475 10.399288341403006 9.7044180631637591 78.723995327949524 15.990056291222571 6.3523229211568824 50.541974991559982
leaf_count=957 723 4758 29 946 45 27 23 18 42 34 158 37 25 76
internal_value=0.00686516 0.00036087 0.0129628 0.00849029 0.0113263 -0.0225793 0.0176654 -0.0428898 -0.063224 0.00106145 -0.00368412 -0.0404383 -0.0611083 0.0221038
internal_weight=2141.43 1036.16 1105.26 566.492 536.86 39.1642 538.771 29.6325 21.7615 113.641 104.418 25.6945 16.8849 425.13
internal_count=7898 5715 2183 1132 1043 97 1051 89 71 252 229 71 52 799
is_linear=0
shrinkage=0.05


Tree=53
num_leaves=15
num_cat=0
split_feature=8 11 13 12 8 14 3 17 0 12 8 0 15 12
split_gain=24.5974 20.0132 13.5784 13.0693 26.7588 23.29 17.5657 14.0996 12.7276 12.2131 9.24144 16.0993 8.53759 6.92168
threshold=3.0007453710000003 0.49141110043578889 27.958993477632809 -0.96785952064375225 0.11247933800000177 12.500000000000002 258.50000000000006 93.500000000000014 0.49250000000000005 -0.93543677722033791 1.8567198805000003 639.50000000000011 0.91597561503675362 13.695814219937061
decision_type=2 2 2 2 2 2 2 2 2 2 2 2 2 2
left_child=1 2 9 4 -3 -6 7 -7 -2 -1 -5 -12 -11 -10
right_child=8 3 -4 10 5 6 -8 -9 13 12 11 -13 -14 -15
leaf_value=-0.051016759746827928 -0.043385745799974694 -0.051029466002874883 0.038295353417072658 -0.066450600323440689 -0.051472998386858052 -0.051522238203287107 0.31535261702722717 0.22333498991837675 0.011585199793917811 -0.0018305257113071828 -0.072727372079839578 0.052671923467560368 0.015115480659297749 -0.0056090369943424751
leaf_weight=11.618671571835874 10.886296577751635 6.9506919421255571 23.756787046790123 23.351227104663849 1.6468064021319149 0.97685549873858712 1.3714205008000133 0.89322920516133308 1419.0809856522828 485.63225641101599 5.0745265930891019 5.1642846092581749 87.757153620943427 61.049000427126884
leaf_count=661 58 405 38 516 65 39 15 4 3077 2507 33 12 373 136
internal_value=0.0069334 -0.00114952 0.00123949 -0.033163 0.0120098 0.101645 0.179435 0.0797609 0.0104798 -0.000265326 -0.0490844 -0.00947807 0.000763058 0.010876
internal_weight=2145.21 654.194 608.765 45.429 11.839 4.88831 3.24151 1.87008 1491.02 585.008 33.59 10.2388 573.389 1480.13
internal_count=7939 4668 3579 1089 528 123 58 43 3271 3541 561 45 2880 3213
is_linear=0
shrinkage=0.05


Tree=54
num_leaves=15
num_cat=0
split_feature=6 12 12 6 0 14 17 0 14 8 12 2 8 15
split_gain=24.1877 15.1384 13.1928 13.6477 19.5065 13.8341 10.9642 19.1375 10.3458 40.5536 9.63261 12.1457 14.0799 23.8907
threshold=85.005359064500013 -0.97996128682958183 13.695814078352688 209.24730883750001 532.20900000000017 14.500000000000002 1.0000000180025095e-35 14.193500000000002 21.500000000000004 85.005359154500027 13.69581409585906 1037.5000000000002 84.924455819999977 0.25881904510252091
decision_type=2 2 2 2 2 2 2 2 2 2 2 2 2 2
left_child=1 -1 6 4 -4 10 -2 -8 -9 -10 -5 -12 -13 -14
right_child=2 -3 3 5 -6 -7 7 8 9 -11 11 12 13 -15
leaf_value=-0.050779826452696054 0.018734365292854039 0.0018070760262845018 -0.079900779896146454 -0.056827326477728118 0.030532944764710593 0.016376006865774301 -0.081416087381559657 0.011369386747362355 -0.10137467486943155 0.045395464087456074 0.011651065316328042 0.018776273424516866 0.0024419218722309256 -0.086912576416131634
leaf_weight=13.862385350279508 561.18251009657979 1073.0511450609192 11.295606017112734 9.2302794456481916 6.1899293512105933 124.83272379636765 6.1106535196304312 212.9068716391921 9.3251528181135672 9.5023245364427549 57.354379251599312 13.616174727678297 14.85510663688183 15.068811327219008
leaf_count=936 1074 4862 43 28 10 231 21 424 36 13 111 25 31 53
internal_value=0.00636668 0.00113639 0.0117733 0.00180914 -0.0408069 0.00498063 0.0149213 0.00592463 0.00822773 -0.027299 -0.00793669 -0.00346395 -0.0233746 -0.0425544
internal_weight=2138.38 1086.91 1051.47 252.443 17.4855 234.957 799.028 237.845 231.734 18.8275 110.125 100.894 43.5401 29.9239
internal_count=7898 5798 2100 532 53 479 1568 494 473 49 248 220 109 84
is_linear=0
shrinkage=0.05


Tree=55
num_leaves=15
num_cat=0
split_feature=12 13 9 1 4 10 15 10 5 13 4 4 0 4
split_gain=24.8576 14.3727 11.8321 15.0453 14.4502 14.4699 13.5927 10.1955 14.9898 12.9415 10.1031 29.7885 21.1376 10.0918
threshold=0.01460708952406631 0.56344356734548062 1.2048632681036839 321.50000000000006 930.50000000000011 0.0027178568086547597 -0.9159756150367534 0.06898159673647826 250.50000000000003 410.88017189531979 349.50000000000006 372.50000000000006 532.20900000000017 21.500000000000004
decision_type=2 2 2 2 2 2 2 2 2 2 2 2 2 2
left_child=1 -1 3 -2 5 6 -4 -5 -9 -10 13 12 -12 -7
right_child=2 -3 4 7 -6 10 -8 8 9 -11 11 -13 -14 -15
leaf_value=-0.050747006658749629 -0.045330790328144757 0.0013064375805147948 -0.063472411297770037 0.030454908356585611 -0.051873573014788593 0.0062112138522155778 -0.0018171306929129589 0.031478429733966522 -0.065660767056989963 0.011201121018390457 -0.10766654854708424 0.008027020655381174 0.0045932337151543875 0.019338435352092904
leaf_weight=13.473883434198795 7.9670441746711722 839.70571855828166 9.8261628597974759 164.61948391795158 9.5590973794460279 215.03869011253119 99.047456189990044 23.445445865392685 10.621817678213121 11.305491685867308 9.8808638900518435 254.33552843332291 7.2846490293741217 458.73554520308971
leaf_count=954 23 4336 32 273 32 508 217 39 34 22 38 510 15 866
internal_value=0.00709715 0.000484381 0.0114991 0.0221121 0.00932448 0.00987942 -0.0073817 0.0246709 0.00368554 -0.0260316 0.0118675 0.0037244 -0.0600261 0.0151488
internal_weight=2134.85 853.18 1281.67 217.959 1063.71 1054.15 108.874 209.992 45.3728 21.9273 945.275 271.501 17.1655 673.774
internal_count=7899 5290 2609 391 2218 2186 249 368 95 56 1937 563 53 1374
is_linear=0
shrinkage=0.05


Tree=56
num_leaves=15
num_cat=0
split_feature=6 13 12 10 16 11 13 5 0 8 8 11 5 9
split_gain=23.698 13.3851 8.1572 13.111 34.9197 13.7051 10.05 10.602 21.7311 19.5272 10.2299 14.3544 15.6407 22.1358
threshold=85.005359062500006 0.56344356734548062 13.695814219937061 0.038076032646247329 0.91597561503675351 0.059360221426998323 410.8801732297249 46.500000000000007 37.081500000000005 85.005359298500011 85.005360191000008 0.039778407944324114 312.50000000000006 1.2854252496127612
decision_type=2 2 2 2 2 2 2 2 2 2 2 2 2 2
left_child=1 -1 6 -4 5 -5 7 -2 9 -9 -10 -12 -13 -14
right_child=2 -3 3 4 -6 -7 -8 8 10 -11 11 12 13 -15
leaf_value=-0.050702838296539113 0.017584618825667035 0.00051073921373983395 0.013901817155339511 -0.11026530944926548 0.050498323425905059 -0.021726502844032734 0.02838442918839142 -0.10775589042620148 0.0099064932767937239 -0.0005795053013666748 0.017714582010778697 0.00039769201526654698 -0.025022683251090139 -0.14830140142507123
leaf_weight=12.916987652890382 309.42131732776761 1038.2764443736523 31.733778476715088 10.427448287606241 8.3724426776170748 7.5248059332370749 81.337950512766838 7.7891752421855953 538.20283715240657 9.3532048910856229 22.358141899108887 15.848512440919878 9.9809018373489362 5.7328103184700003
leaf_count=964 625 4831 61 41 11 19 136 30 1078 20 42 34 25 27
internal_value=0.00519857 -0.000118569 0.0104811 -0.00773913 -0.0338268 -0.0731537 0.0115389 0.0100474 0.0062196 -0.0492784 0.00782631 -0.0129369 -0.03465 -0.0699983
internal_weight=2109.28 1051.19 1058.08 58.0585 26.3247 17.9523 1000.02 918.687 609.266 17.1424 592.123 53.9204 31.5622 15.7137
internal_count=7944 5795 2149 132 71 60 2017 1881 1256 50 1206 128 86 52
is_linear=0
shrinkage=0.05


Tree=57
num_leaves=15
num_cat=0
split_feature=13 4 13 5 5 15 10 4 12 15 9 2 10 7
split_gain=15.7953 16.369 23.2673 16.2016 15.04 23.87 10.1598 22.3825 19.0439 17.0354 19.9296 15.5302 13.4232 13.332
threshold=0.56344356734548062 21.500000000000004 410.88016821900686 46.500000000000007 54.500000000000007 -0.37940952255126059 0.16295362905948316 275.50000000000006 13.695814042253783 0.12940952255126045 1.507205336484027 509.50000000000006 0.20104562539725279 106.01174762300001
decision_type=2 2 2 2 2 2 2 2 2 2 2 2 2 2
left_child=-1 2 -2 -3 5 -5 13 8 9 10 -8 -9 -13 -6
right_child=1 3 -4 4 6 -7 7 11 -10 -11 -12 12 -14 -15
leaf_value=-0.050679242040221333 0.0024402162499734805 0.020598262850741695 -0.083172338931402801 -0.11440219251751356 -0.010433214430470392 0.0026133095073416182 -0.0053366367729199274 -0.087244304403029771 0.042746321381661199 0.036588737938777365 -0.12379798759645476 -0.058690196172100445 0.011428005035407179 0.012653641255536136
leaf_weight=12.278311518952249 1040.3097090311348 293.28056206554174 7.997165158390998 6.5470741242170361 70.266177028417587 13.03560405410826 9.2086274325847643 10.804734230041502 27.059776946902275 8.8140344470739347 5.7783497273921958 11.426527410745623 16.950876772403717 568.16725490614772
leaf_count=957 4306 1046 29 26 169 33 21 38 40 14 24 35 33 1105
internal_value=0.00586546 0.0061977 0.00178711 0.0106378 0.00673275 -0.0365085 0.00789515 -0.00782796 0.0140523 -0.0185705 -0.0510104 -0.0362298 -0.016806 0.0101127
internal_weight=2101.92 2089.65 1048.31 1041.34 748.059 19.5827 728.476 90.0429 50.8608 23.801 14.987 39.1821 28.3774 638.433
internal_count=7876 6919 4335 2584 1538 59 1479 205 99 59 45 106 68 1274
is_linear=0
shrinkage=0.05


Tree=58
num_leaves=15
num_cat=0
split_feature=13 4 13 7 13 13 7 11 0 4 2 9 13 11
split_gain=14.9742 14.0145 24.615 9.99151 9.49503 8.88909 8.50659 8.89454 7.19622 15.7629 15.4535 7.06217 7.68182 22.922
threshold=0.56344356734548062 21.500000000000004 410.88016823329764 4.9691742420000002 9.8509615434083617 410.88017967309764 3.7650986860000004 0.68741326967355243 91.160000000000011 46.500000000000007 35.500000000000007 1.0040590024403331 18.882867081100397 0.39792538813744444
decision_type=2 2 2 2 2 2 2 2 2 2 2 2 2 2
left_child=-1 2 4 6 -2 11 8 -8 -3 10 -10 -5 13 -13
right_child=1 3 -4 5 -6 -7 7 -9 9 -11 -12 12 -14 -15
leaf_value=-0.050646793897933466 -0.052203686582291034 0.025328378965734328 -0.1018925492531224 0.05187511780549911 0.0035540980326066204 0.048833413011126529 0.029851885343390401 0.11177385584643484 0.044434749816645649 0.051700070295816913 -0.1202976480444204 0.094582778860831621 0.0087121970901746625 -0.055997165772991131
leaf_weight=11.470841125585137 7.6913556121289721 77.312462341040373 5.6069968640804282 9.3078302480280382 1047.3562877476215 13.895324930548666 8.4600820746272785 5.4463155660778275 2.0912124663591367 4.7801233381032944 4.4598792623728514 3.1485527083277693 898.23721934109926 12.808733029291032
leaf_count=938 254 152 23 43 4081 19 36 22 3 7 78 44 1830 330
internal_value=0.00632517 0.00663628 0.00259234 0.0107607 0.00314762 0.00913974 0.0255782 0.0619359 0.0198744 -0.0173377 -0.0677125 0.00854249 0.0081013 -0.026286
internal_weight=2112.07 2100.6 1060.65 1039.95 1055.05 937.398 102.55 13.9064 88.6437 11.3312 6.55109 923.502 914.195 15.9573
internal_count=7860 6922 4358 2564 4335 2266 298 58 240 88 81 2247 2204 374
is_linear=0
shrinkage=0.05


Tree=59
num_leaves=15
num_cat=0
split_feature=13 0 0 16 0 0 14 15 0 11 6 10 6 4
split_gain=14.0778 13.2965 13.4361 9.75069 9.22219 9.56097 15.5616 11.8273 8.3614 8.1377 14.8071 6.14924 9.04876 25.8798
threshold=0.56344356734548062 0.99950000000000017 0.9125000000000002 -0.9159756150367534 1.0015000000000003 1.1360000000000003 19.500000000000004 0.37940952255126054 0.85350000000000004 0.022485041054121711 2.1448181890000004 0.42036924032394768 322.63402993200003 672.50000000000011
decision_type=2 2 2 2 2 2 2 2 2 2 2 2 2 2
left_child=-1 2 3 -2 -3 6 7 -6 -5 -7 -11 12 13 -12
right_child=1 4 -4 8 5 9 -8 -9 -10 10 11 -13 -14 -15
leaf_value=-0.050609825880594234 0.014452579287003622 0.02565232490270522 -0.048790136664254281 -0.002468986043136074 -0.085004912743011085 0.030302383833135133 0.049143176386561654 0.0010921878028822426 0.041068847517718249 -0.080773594490540057 0.0037399713169139477 0.014118052295863815 0.012656697876887219 -0.0794940188730551
leaf_weight=11.037609087303279 115.10518543422222 76.340962201356888 13.703159272670744 532.27743355929852 9.5892153233289772 40.831585915759206 5.3291830793023101 6.8298943042755118 11.261021107435225 4.7193909473717204 626.04169983230531 307.35045035928488 334.65951354801655 9.4804190546274167
leaf_count=951 408 136 57 2696 46 72 15 21 29 65 2035 695 650 38
internal_value=0.00570948 0.00600641 0.000213103 0.00123262 0.00874718 0.00778754 -0.0250952 -0.0491909 -0.00156697 0.00832805 0.00762831 0.00795488 0.00600241 0.00249833
internal_weight=2104.56 2093.52 672.347 658.644 1421.17 1344.83 21.7483 16.4191 543.538 1323.08 1282.25 1277.53 970.182 635.522
internal_count=7914 6963 3190 3133 3773 3637 82 67 2725 3555 3483 3418 2723 2073
is_linear=0
shrinkage=0.05


Tree=60
num_leaves=15
num_cat=0
split_feature=0 0 0 13 0 17 8 14 0 0 0 15 6 4
split_gain=13.9674 20.3819 14.9595 14.109 11.1874 8.73596 17.5324 11.2083 24.2632 10.9611 11.8162 13.3076 10.6591 14.1198
threshold=0.99950000000000017 0.9125000000000002 1.0015000000000003 0.56344356734548062 1.3235000000000003 1.0000000180025095e-35 85.005359563000013 1.0000000180025095e-35 105.42200000000001 9374.0000000000018 2014.8995000000002 -0.37940952255126059 353.86503755050006 345.50000000000006
decision_type=2 2 2 2 2 2 2 2 2 2 2 2 2 2
left_child=1 -1 -2 -4 -5 6 -6 8 -7 10 -9 -12 13 -8
right_child=2 -3 3 4 5 7 12 9 -10 -11 11 -13 -14 -15
leaf_value=0.00040287982865007572 0.029907543398635484 -0.065523170452265619 -0.050583288534279514 -0.012958145692666673 0.014238686255284775 0.032705237793932911 0.0076641378630401468 0.0035409239437376103 -0.1076580084685782 0.042524521958263929 -0.098562025649650942 -0.0048258507422249851 0.0086543859378949862 -0.034280936572720487
leaf_weight=655.95774354040623 73.798175156116486 11.937235303223131 10.631380864419041 65.196231581270695 738.24226165935397 5.5736677646636945 34.790912717580795 324.55900033377111 6.8782001230865717 17.071058100089431 6.0982696190476444 9.9877136722207052 86.023069828748703 47.39664825797081
leaf_count=3129 127 54 961 219 1665 9 71 1222 42 42 31 28 171 133
internal_value=0.00519175 -0.000775411 0.00798611 0.00678994 0.00724451 0.00827625 0.0109194 0.00180382 -0.044829 0.00342708 0.00146775 -0.0403617 -0.0036483 -0.0165251
internal_weight=2094.14 667.895 1426.25 1352.45 1341.82 1276.62 906.453 370.168 12.4519 357.716 340.645 16.086 168.211 82.1876
internal_count=7904 3183 4721 4594 3633 3414 2040 1374 51 1323 1281 59 375 204
is_linear=0
shrinkage=0.05


Tree=61
num_leaves=15
num_cat=0
split_feature=4 7 12 15 9 9 8 8 15 8 5 0 12 4
split_gain=20.1828 12.9532 8.8625 8.78125 12.8728 15.0199 9.96355 14.0549 14.6973 8.57943 8.34478 19.1283 27.2785 11.0371
threshold=29.500000000000004 5.3023294395000002 -0.93543677722033791 -0.98296291314453399 1.3071986902434554 1.1857604315509591 0.34965229250000013 5.7296314499999923 0.12940952255126045 85.005361957000005 46.500000000000007 37.081500000000005 13.695814044745566 108.00000000000001
decision_type=2 2 2 2 2 2 2 2 2 2 2 2 2 2
left_child=-1 -2 -3 4 5 -4 -5 8 -8 10 13 12 -12 -9
right_child=1 2 3 6 -6 -7 7 9 -10 -11 11 -13 -14 -15
leaf_value=-0.00014982746509236623 0.029318316900868915 -0.051225030256227211 -0.0094077064227035094 0.069142414087855431 0.002845506679101628 -0.12151157560094908 -0.094840380410577074 0.010159562931513381 0.016220667568800994 0.028501737180749318 -0.12337380062488652 0.0075265307537318209 0.011939745583579157 0.041906542578633452
leaf_weight=1108.9445849042386 77.460128986276686 6.2699645645916453 7.0931911282241327 6.9677114728838196 35.309771001338959 5.1625324636697769 6.5808102712035161 86.096349790692329 5.4424870256334543 57.578516468405724 6.8278263360261908 631.92351157963276 8.1948964893817884 40.141670614480972
leaf_count=5286 330 397 19 27 76 21 51 181 38 97 28 1295 16 63
internal_value=0.00447163 0.00969556 0.0080134 0.00842733 -0.0124789 -0.0566297 0.00959757 0.00910528 -0.0445673 0.00988206 0.00849547 0.00620092 -0.0495603 0.0202546
internal_weight=2089.99 981.049 903.589 897.319 47.5655 12.2557 849.754 842.786 12.0233 830.763 773.184 646.946 15.0227 126.238
internal_count=7925 2639 2309 1912 116 40 1796 1769 89 1680 1583 1339 44 244
is_linear=0
shrinkage=0.05


Tree=62
num_leaves=15
num_cat=0
split_feature=0 13 14 0 0 14 0 15 0 0 11 6 11 8
split_gain=15.0904 13.389 9.58694 8.8592 11.8105 18.3784 8.20967 8.55935 9.24377 20.0171 7.85146 12.7992 8.24188 17.1287
threshold=0.99950000000000017 0.56344356734548062 22.500000000000004 1.0015000000000003 1.1360000000000003 19.500000000000004 0.94700000000000006 -0.60355339059327362 0.70250000000000001 0.7915000000000002 0.039014485594618557 3.5431029860000005 0.061006326488805711 66.61250135200001
decision_type=2 2 2 2 2 2 2 2 2 2 2 2 2 2
left_child=2 -2 6 -3 5 -5 7 8 -1 -10 -6 -12 13 -13
right_child=1 3 -4 4 10 -7 -8 -9 9 -11 11 12 -14 -15
leaf_value=-0.013912146253463318 -0.050548397199917251 0.024663331274184894 -0.036525274015917347 -0.058800778996514071 0.01670351898456526 0.049901231059992973 -0.050240590719926516 0.0033015491063900803 0.085420916248675205 -0.026106507047883178 -0.055546291766327832 -0.032379621293920996 0.0090209291169239952 0.0037212073193629625
leaf_weight=146.84488614648581 9.9047323856502754 73.70207305252552 19.227261908352375 15.155034616589548 194.82201529294252 5.2303946390748015 8.2568809539079648 479.32861050963402 7.5416423529386547 8.6238369047641736 8.4314290937036258 37.239986851811409 790.80684547498822 279.18239046633244
leaf_count=831 950 134 111 66 376 14 36 2171 13 32 170 100 2335 587
internal_value=0.00445295 0.00738063 -0.00172947 0.00778913 0.00685466 -0.0309105 -0.000701135 -6.4335e-05 -0.00996165 0.0259241 0.00744212 0.00582485 0.00629219 -0.000527526
internal_weight=2084.3 1414.47 669.823 1404.57 1330.87 20.3854 650.596 642.339 163.01 16.1655 1310.48 1115.66 1107.23 316.422
internal_count=7926 4732 3194 3782 3648 80 3083 3047 876 45 3568 3192 3022 687
is_linear=0
shrinkage=0.05


Tree=63
num_leaves=15
num_cat=0
split_feature=13 14 6 11 0 0 0 0 0 4 11 0 4 0
split_gain=13.008 10.9015 16.5981 17.0269 8.01418 11.3305 11.0829 10.6791 7.71201 10.6353 6.72872 10.7149 11.0435 7.25125
threshold=7.6268778420864605 16.500000000000004 17.726876053500003 0.5758650161855271 0.85350000000000004 0.7915000000000002 0.88650000000000018 0.76400000000000012 153.46900000000002 30.500000000000004 0.027681419633192914 474.70650000000006 280.50000000000006 0.99950000000000017
decision_type=2 2 2 2 2 2 2 2 2 2 2 2 2 2
left_child=1 -1 8 -4 5 7 -6 -2 9 -3 11 12 -8 -12
right_child=4 2 3 -5 6 -7 10 -9 -10 -11 13 -13 -14 -15
leaf_value=-0.051142364959408916 0.00080737682966490584 -0.05141959484735667 0.19652366250001693 -0.051880329676246895 0.058078379819695408 -0.044349142473938487 0.029343562496438616 0.054149533985997034 -0.051057310778941337 0.16920044947597848 -0.024492189106936763 0.045938244890044666 -0.031099079574085493 0.0066921641677531885
leaf_weight=18.870113839395348 621.85025303810835 1.1111629894003257 1.9938549296930426 1.0548121137544511 10.692627146840094 13.700190402567385 17.462584987282757 9.5265824794769269 6.7325924001634121 1.074485841207206 18.90917856246233 27.972783029079437 13.322922453284262 1316.5173512846231
leaf_count=1107 3025 45 26 39 21 58 31 24 444 4 72 42 37 2942
internal_value=0.00476484 -0.0274679 0.0098635 0.110578 0.00524971 0.000636104 0.00736814 0.00161223 -0.0245654 0.0570393 0.00697922 0.0235389 0.00318604 0.0062506
internal_weight=2080.79 30.837 11.9669 3.04867 2049.95 645.077 1404.88 631.377 8.91824 2.18565 1394.18 58.7583 30.7855 1335.43
internal_count=7917 1665 558 65 6252 3107 3145 3049 493 49 3124 110 68 3014
is_linear=0
shrinkage=0.05


Tree=64
num_leaves=15
num_cat=0
split_feature=13 17 14 1 10 11 9 5 13 3 3 6 8 5
split_gain=11.9122 7.15996 15.46 7.13206 12.0793 16.1785 10.4887 9.46402 11.1641 11.6467 19.7186 16.4003 16.9684 11.7754
threshold=7.6268778420864605 49.500000000000007 18.500000000000004 8.5000000000000018 0.48035421019805064 0.91803677250533433 1.2628438502246677 378.50000000000006 406.99753682112265 112.50000000000001 268.50000000000006 167.43090223500005 81.439922997000011 153.50000000000003
decision_type=2 2 2 2 2 2 2 2 2 2 2 2 2 2
left_child=1 -1 -3 -2 6 -6 -5 8 9 -8 11 -11 -13 -12
right_child=3 2 -4 4 5 -7 7 -9 -10 10 13 12 -14 -15
leaf_value=-0.040123100508176857 0.0020832318818026353 -0.051244961661199823 0.099810449852123936 0.012828657387514444 0.024026023687784184 -0.036569328253574798 0.0061734527212078047 -0.026762237889454213 0.0069195391794079995 -0.024826236105761387 0.038821187556076032 -0.15986416946788051 -0.039212768607763765 -0.019962024319544577
leaf_weight=22.769069070927802 939.07187519222498 3.6800112584605804 3.1384416213259101 334.33274548873305 165.09124694019556 11.802937746047972 60.332185126841068 27.709582045674324 443.23368841409683 18.31362242251635 12.855553150177 5.9414886534214002 5.7194236367940903 25.257963269948959
leaf_count=1379 3846 204 72 718 334 33 134 73 918 49 20 28 16 63
internal_value=0.00483601 -0.0266632 0.0182838 0.00529071 0.00800283 0.0199829 0.00573313 0.00177516 0.00315844 -0.00982274 -0.0239968 -0.0543383 -0.100687 -0.000134657
internal_weight=2079.25 29.5875 6.81845 2049.66 1110.59 176.894 933.696 599.364 571.654 128.42 68.0881 29.9745 11.6609 38.1135
internal_count=7887 1655 276 6232 2386 367 2019 1301 1228 310 176 93 44 83
is_linear=0
shrinkage=0.05


Tree=65
num_leaves=15
num_cat=0
split_feature=0 0 13 0 0 17 2 11 8 5 4 13 16 5
split_gain=16.1056 17.654 14.9248 7.45506 21.3393 10.5109 19.8414 7.60855 7.6973 20.257 17.5713 12.6294 20.4257 11.0426
threshold=0.99950000000000017 0.94700000000000006 0.72178820292961776 1.0315000000000001 1.1360000000000003 133.50000000000003 134.50000000000003 0.027681419633192914 1.3912241179999996 29.500000000000004 32.500000000000007 0.9028108270811005 -0.9159756150367534 52.500000000000007
decision_type=2 2 2 2 2 2 2 2 2 2 2 2 2 2
left_child=1 -1 -2 -4 -5 7 -7 -6 9 11 -11 12 -9 -12
right_child=2 -3 3 4 5 6 -8 8 -10 10 13 -13 -14 -15
leaf_value=-0.0018928410549021097 -0.050691928218866547 -0.080140269205962386 0.021776483669495438 -0.05566102763970876 0.02532299135652041 0.023797047227605186 -0.12300878078274741 0.26619095169681345 0.0070789560699795586 0.1593117901260768 -0.077264609080804056 -0.064715926385738379 -0.051572721136403023 0.040321941554191741
leaf_weight=660.72319579869509 11.245008275844155 7.2879987359046927 81.923987023532391 13.780996508896349 55.816924376413226 4.8205574657767993 4.4045051410794258 0.79005469195544753 1205.5064290035516 2.2498826161026946 2.9038768596947175 16.841258477419615 1.405180299654609 6.390683364123106
leaf_count=3164 1058 37 159 62 105 16 48 10 2644 11 80 469 54 12
internal_value=0.00364724 -0.00274652 0.00668053 0.00714239 0.00623063 0.00688616 -0.0462954 0.00726592 0.00645053 -0.0183222 0.0339341 -0.0500124 0.0627889 0.00358466
internal_weight=2076.09 668.011 1408.08 1396.83 1314.91 1301.13 9.22506 1291.9 1236.09 30.5809 11.5444 19.0365 2.19523 9.29456
internal_count=7929 3201 4728 3670 3511 3449 64 3385 3280 636 103 533 64 92
is_linear=0
shrinkage=0.05


Tree=66
num_leaves=15
num_cat=0
split_feature=12 17 14 6 4 10 11 14 8 12 12 11 4 17
split_gain=11.0327 11.0479 14.9903 10.5174 8.57821 13.0163 14.8204 8.08783 13.2721 7.6644 9.73028 7.22127 8.28617 17.3876
threshold=-0.73097753731019566 21.500000000000004 16.500000000000004 17.726876053500003 10.500000000000002 0.48035421019805064 0.94125453876398024 12.500000000000002 85.005359062500006 12.997777263958158 13.58508858984289 0.039014485594618557 352.50000000000006 2.5000000000000004
decision_type=2 2 2 2 2 2 2 2 2 2 2 2 2 2
left_child=1 -1 -3 -4 7 11 -7 9 -9 -2 -11 -6 13 -13
right_child=4 2 3 -5 5 6 -8 8 -10 10 -12 12 -14 -15
leaf_value=-0.050999923131034797 0.003574030501462603 -0.051053063506854193 0.011248655643034535 0.14565683160500406 0.015217489133360291 0.026748304200112583 -0.035430072413956529 -0.0013368539902631426 -0.046648049291992871 0.056424973890254693 0.012015605866519742 0.015374540031679044 -0.0021104999142830313 -0.0062442723427845702
leaf_weight=17.214167223311964 481.14422205090523 4.9767112839035672 3.5583017999306321 2.4628201546147466 185.15132495760918 136.87030176073313 10.304975882172583 400.17872341349721 16.841182842850685 15.001837581396101 69.367662325501442 298.07085376605392 306.80319502949715 135.19065137207508
leaf_count=1187 2021 313 149 27 364 277 28 1709 53 22 149 599 676 354
internal_value=0.00506461 -0.0259905 0.013155 0.0662256 0.00549096 0.00858316 0.0223947 0.00211597 -0.00316673 0.00601152 0.0199121 0.00638615 0.0041767 0.00862882
internal_weight=2083.14 28.212 10.9978 6.02112 2054.92 1072.39 147.175 982.534 417.02 565.514 84.3695 925.216 740.065 433.262
internal_count=7928 1676 489 176 6252 2298 305 3954 1762 2192 171 1993 1629 953
is_linear=0
shrinkage=0.05


Tree=67
num_leaves=15
num_cat=0
split_feature=12 14 14 6 12 10 12 8 10 17 11 11 0 9
split_gain=9.57062 6.89941 9.23665 7.37641 15.3467 17.4613 8.66552 5.85076 9.09789 6.88954 23.2748 13.1029 10.1853 9.20932
threshold=-0.97996128682958183 18.500000000000004 19.500000000000004 467.60843934650006 13.695814142244553 0.04832667352927348 13.120405787082367 85.005359177500011 0.1878821419078551 20.500000000000004 0.51032790352829827 0.57915799020050052 229.30550000000002 85005359.064500019
decision_type=2 2 2 2 2 2 2 2 2 2 2 2 2 2
left_child=-1 -2 -3 4 7 -6 -5 9 -9 13 -11 -12 -13 -4
right_child=1 2 3 6 5 -7 -8 8 -10 10 11 12 -14 -15
leaf_value=-0.050458841431752013 0.0024781735579179572 0.021760013950875262 0.0025473289218239797 -0.016760012651498825 0.0010976663961337646 -0.096765305076788724 0.040095735246731407 0.026081542332044141 -0.022789058992331863 -0.09344022962225354 0.10276733673212304 -0.095594872066241579 0.043101845808105964 0.054899367558213591
leaf_weight=8.0586119797080737 1541.5267141219229 113.68826747685671 236.66367627494037 8.7632946223020536 10.629671066999437 7.9798328727483741 28.487416639924049 60.685521841049194 11.295893527567385 7.553786005824807 3.4193670162931067 2.5197767727077007 2.7885548360645771 8.7095514386892301
leaf_count=956 5374 322 890 22 23 32 44 107 29 41 9 28 14 13
internal_value=0.00392323 0.00413756 0.00922117 0.00556126 0.00332365 -0.0408664 0.0267203 0.00578847 0.0184124 0.00231563 -0.0291813 0.0264346 -0.0227352 0.00440557
internal_weight=2052.77 2044.71 503.185 389.496 352.246 18.6095 37.2507 333.636 71.9814 261.655 16.2815 8.7277 5.30833 245.373
internal_count=7904 6948 1574 1252 1186 55 66 1131 136 995 92 51 42 903
is_linear=0
shrinkage=0.05


Tree=68
num_leaves=15
num_cat=0
split_feature=0 0 16 13 11 0 14 0 14 14 6 11 0 11
split_gain=11.071 15.9504 11.4982 9.87136 7.1652 7.70385 7.45995 7.0772 6.96758 6.50475 6.12872 5.72603 11.3968 8.58222
threshold=0.99950000000000017 0.94700000000000006 -0.9159756150367534 0.56344356734548062 0.5758650161855271 0.67250000000000021 21.500000000000004 0.85350000000000004 22.500000000000004 11.500000000000002 85.005359060500012 0.027681419633192914 456.22950000000009 0.01598935021515269
decision_type=2 2 2 2 2 2 2 2 2 2 2 2 2 2
left_child=1 2 9 -2 5 6 -4 -6 -8 -1 -7 12 13 -5
right_child=3 -3 4 11 7 10 8 -9 -10 -11 -12 -13 -14 -15
leaf_value=0.028709514907001511 -0.050433710384890057 -0.078328607659678195 -0.0053617798090851519 0.024834456505845752 -0.032694018408225889 0.052856897773286921 0.032443568453186543 0.017946505522021882 -0.0075939226077917331 0.0046891879463759395 -0.0023903551439808744 0.006038684401758438 0.045686499104058614 -0.031497951209830045
leaf_weight=43.323455929756165 7.6049123648554078 6.6760403811931601 434.07961041480303 15.270172357559206 36.037485904991627 11.200145453214647 26.52278932929039 8.5329082235693914 18.408482290804386 80.657593861222267 9.0970628112554532 1332.0411083707586 26.944693822413683 12.133598551154135
leaf_count=134 950 35 2258 28 179 25 118 30 97 300 24 3679 43 34
internal_value=0.00383162 -0.00142685 -0.00065813 0.00637613 -0.00379047 -0.00207583 -0.00335428 -0.022999 0.0160401 0.0130828 0.0280955 0.00668775 0.0225959 -0.000107907
internal_weight=2068.53 674.536 667.86 1393.99 543.878 499.308 479.011 44.5704 44.9313 123.981 20.2972 1386.39 54.3485 27.4038
internal_count=7934 3200 3165 4734 2731 2522 2473 209 215 434 49 3784 105 62
is_linear=0
shrinkage=0.05


Tree=69
num_leaves=15
num_cat=0
split_feature=4 13 7 0 5 0 4 15 17 14 13 4 6 13
split_gain=12.8958 10.3531 8.47948 14.5801 11.8409 7.26665 20.6599 9.62071 6.42197 12.069 20.3674 6.22781 60.7042 12.0765
threshold=29.500000000000004 410.88016828331553 5.5185582185000008 211.00750000000002 21.500000000000004 26.092000000000002 121.50000000000001 -0.70710678118654735 80.500000000000014 21.500000000000004 410.88016996963205 514.50000000000011 274.29316803850003 410.88017306002149
decision_type=2 2 2 2 2 2 2 2 2 2 2 2 2 2
left_child=1 -1 3 -2 -5 6 7 -4 11 10 -10 13 -13 -7
right_child=2 -3 5 4 -6 8 -8 -9 9 -11 -12 12 -14 -15
leaf_value=-0.0002316971409214143 0.029645580348897995 -0.073898120828703201 -0.029241053772994099 -0.17694567289139057 -0.010833050105721373 0.0091282668975932024 -0.085955210625076106 0.028551433429175901 -0.12337584887442139 0.031531213594759619 0.0096454537089274706 -0.10079640568750968 0.0070536497071546789 0.047691860039899329
leaf_weight=1094.2734292908572 70.04458643682301 4.7903659194707862 12.517452299594881 1.4593045739457 4.0505938115529716 539.37593493098393 8.1457743942737562 16.95562606304884 5.4587783999741095 6.595418461598455 6.0857731252908707 13.811809003353117 235.69064113497734 21.095472276210785
leaf_count=5276 174 17 35 18 168 1497 29 32 68 16 12 59 484 30
internal_value=0.00312589 -0.000552779 0.00742117 0.0234852 -0.0548282 0.00601923 -0.0154733 0.0040065 0.00699557 -0.0224267 -0.0532529 0.0076545 0.00108335 0.0105798
internal_weight=2040.35 1099.06 941.287 75.5545 5.5099 865.733 37.6189 29.4731 828.114 18.14 11.5446 809.974 249.502 560.471
internal_count=7915 5293 2622 360 186 2262 96 67 2166 96 80 2070 543 1527
is_linear=0
shrinkage=0.05


Tree=70
num_leaves=15
num_cat=0
split_feature=13 13 0 0 9 9 6 9 12 4 6 11 9 0
split_gain=8.56398 8.87242 21.4177 32.5239 8.1752 15.7082 22.3077 17.307 13.1136 9.62549 10.0039 9.03578 8.97899 8.46061
threshold=273.23464586974688 180.00364483511902 3326.5000000000005 111.25300000000001 1.2048632681036839 1.2344819035862005 458.26559633250008 1.2303249340738196 13.69581412052132 855.50000000000011 428.15095297150009 0.035410454236456911 1.1959758420333355 1.3595000000000004
decision_type=2 2 2 2 2 2 2 2 2 2 2 2 2 2
left_child=1 -1 3 -3 11 6 7 -6 -8 10 13 -2 -13 -7
right_child=4 2 -4 -5 5 9 8 -9 -10 -11 -12 12 -14 -15
leaf_value=0.0004340064152915078 0.03885485330361569 -0.018156015690461075 0.012426478071290844 -0.15880816781783968 -0.14664528902888127 -0.0029659257931184254 0.030573365710613132 -0.022818039912706152 -0.038784002198081119 -0.039336293461864499 0.042894930596481189 0.002476189386625003 0.043816225597668318 0.0078495077254818017
leaf_weight=747.22242799727246 36.488984733819962 13.320015832781793 19.875427514314651 5.9442685246467581 5.7569448798894864 231.61220363527536 14.333188191056253 5.5347052812576294 12.993224561214445 11.778453737497328 18.170910552144051 77.298120349645615 15.823711901903151 824.60184562951326
leaf_count=4861 60 34 40 28 26 748 24 14 36 39 27 166 23 1774
internal_value=0.00330937 -0.000781518 -0.0239873 -0.0615562 0.0058739 0.00450368 -0.0268329 -0.0859502 -0.00240483 0.00561784 0.00611067 0.0177648 0.00950089 0.00547784
internal_weight=2040.75 786.362 39.1397 19.2643 1254.39 1124.78 38.6181 11.2917 27.3264 1086.16 1074.38 129.611 93.1218 1056.21
internal_count=7900 4963 102 62 2937 2688 100 40 60 2588 2549 249 189 2522
is_linear=0
shrinkage=0.05


Tree=71
num_leaves=15
num_cat=0
split_feature=17 13 1 10 11 6 1 11 9 4 6 2 0 10
split_gain=7.39938 8.05679 6.93839 11.3582 13.4014 8.93243 16.0074 7.96472 11.5383 9.22608 14.3673 13.8637 8.39785 15.7264
threshold=166.50000000000003 0.56344356734548062 8.5000000000000018 0.48035421019805064 0.95342327348578826 7.0158086995000009 524.50000000000011 0.78024963277936032 1.1095996860411401 22.500000000000004 9.4143728695000011 17.500000000000004 21.359500000000004 0.072181333019021382
decision_type=2 2 2 2 2 2 2 2 2 2 2 2 2 2
left_child=1 -1 -3 5 -5 6 -4 9 -9 10 -7 -12 -13 -14
right_child=-2 2 3 4 -6 7 -8 8 -10 -11 11 12 13 -15
leaf_value=-0.050402926613329319 -0.049108636711522408 -4.7178584933666852e-05 -0.062441059940835708 0.021500010951125498 -0.032309378802987392 0.060631839385280488 0.11063875881249352 -0.042528794519120477 0.039526049269695475 0.0042801669353268951 0.020247873088745941 0.013467059007494286 -0.1032998394788492 -0.0015258367021589929
leaf_weight=7.0524006611667565 6.8497637943364671 928.69664520770311 10.185321726836262 159.95024660974741 12.473444124683736 4.5106106624007216 1.5375416474416841 5.0068852584809056 29.68259316124022 842.82374438922852 8.1175623536109942 3.5478012263774898 11.92334293946624 5.568409387022256
leaf_count=935 80 3858 320 341 35 25 39 101 55 2022 15 7 91 21
internal_value=0.00277123 0.0029462 0.00313208 0.00582769 0.0176073 0.00362693 -0.0397403 0.00418487 0.0276827 0.00325488 -0.0224116 -0.0352584 -0.0566741 -0.0709006
internal_weight=2037.93 2031.08 2024.02 1095.33 172.424 922.904 11.7229 911.181 34.6895 876.491 33.6677 29.1571 21.0396 17.4918
internal_count=7945 7865 6930 3072 376 2696 359 2337 156 2181 159 134 119 112
is_linear=0
shrinkage=0.05


Tree=72
num_leaves=15
num_cat=0
split_feature=12 0 11 15 12 5 10 16 9 2 2 13 6 2
split_gain=10.3165 7.17834 7.57936 7.01771 6.44308 10.3193 11.6467 18.9236 17.7487 9.27827 23.5743 5.88293 13.067 6.71303
threshold=-0.97423875484696898 0.70250000000000001 0.01598935021515269 -0.60355339059327362 13.695814219937061 440.50000000000006 0.025943201241803094 0.91597561503675351 1.1857604315509591 1535.5000000000002 1429.5000000000002 410.88017306002149 467.60843934650006 287.50000000000006
decision_type=2 2 2 2 2 2 2 2 2 2 2 2 2 2
left_child=-1 3 -3 -2 9 -6 -7 8 -8 10 11 13 -13 -4
right_child=1 2 4 -5 5 6 7 -9 -10 -11 -12 12 -14 -15
leaf_value=-0.050597700327277333 -0.011295442003019275 0.033879617922050478 0.0070428825530727719 0.0013080563415470727 -0.053333033225153065 0.028733565884712278 -0.015125888452803056 0.042226974962625813 -0.11647575096304739 0.029862942668826394 -0.082790841103549201 0.03227738966749575 -0.029363355337142284 -0.00058055020315221021
leaf_weight=9.0695618558675033 144.7584253847599 22.072722434997559 763.27555318176746 465.96814176440239 11.949071526527403 19.115356385707855 13.026260673999788 8.0915387272834796 6.4630180895328513 36.676133543252945 7.7131950557231894 45.72172985970974 10.588814824819563 464.51557737868279
leaf_count=1058 822 40 2255 2179 38 33 31 12 26 65 29 76 28 1231
internal_value=0.00260949 0.00284839 0.00481062 -0.00167931 0.00434806 -0.0118708 -0.00126103 -0.0220493 -0.0487354 0.00506403 0.00435996 0.00488345 0.0206863 0.00415868
internal_weight=2029.01 2019.94 1409.21 610.727 1387.14 58.6452 46.6962 27.5808 19.4893 1328.49 1291.81 1284.1 56.3105 1227.79
internal_count=7923 6865 3864 3001 3824 140 102 69 57 3684 3619 3590 104 3486
is_linear=0
shrinkage=0.05


Tree=73
num_leaves=15
num_cat=0
split_feature=13 8 17 12 17 8 15 0 4 3 6 10 9 13
split_gain=11.1942 10.3694 16.1286 15.1667 20.5051 18.8246 22.156 12.4139 10.6698 10.584 12.6081 9.63534 11.4886 8.13557
threshold=273.23464586974688 84.924455819999977 1.0000000180025095e-35 9.863161179832586 31.500000000000004 78.058765927000024 -0.60355339059327362 1541.5000000000002 979.50000000000011 853.50000000000011 322.63402993200003 0.10575640744357498 1.6166663928646259 180.00364483511902
decision_type=2 2 2 2 2 2 2 2 2 2 2 2 2 2
left_child=13 2 8 4 -4 -5 -7 -3 -2 10 -9 12 -8 -1
right_child=1 7 3 5 -6 6 11 9 -10 -11 -12 -13 -14 -15
leaf_value=-0.0013541669524641492 0.019600934074255214 0.002998507313026443 -0.092662378896899059 0.029522908628603607 0.0073501400041915523 0.020297881219610209 -0.12224227998897262 -0.027901529098242873 -0.030895667768976579 0.0044615066605957973 -0.13302828378288126 -0.012622070757070765 -0.027917518230530788 -0.02466632047682735
leaf_weight=739.22666368680075 282.41607420891523 837.5186233818531 10.507110655307772 38.291436240077019 10.005180925130842 18.834189251065254 7.3471382856369036 7.9665045738220233 10.863344073295591 9.5606101602315885 4.4425700157880783 8.5726433396339399 5.7581931799650192 39.420883342623711
leaf_count=4877 558 2094 38 64 20 34 30 21 30 20 19 21 15 103
internal_value=0.00217305 0.00510053 0.011833 -0.00558214 -0.0438798 0.00438659 -0.0193719 0.00202527 0.0177305 -0.0350761 -0.0655379 -0.0538376 -0.0807981 -0.0025344
internal_weight=2030.73 1252.08 392.595 99.3159 20.5123 78.8036 40.5122 859.488 293.279 21.9697 12.4091 21.678 13.1053 778.648
internal_count=7944 2964 810 222 58 164 100 2154 588 60 40 66 45 4980
is_linear=0
shrinkage=0.05


Tree=74
num_leaves=15
num_cat=0
split_feature=12 8 0 8 12 0 1 14 6 2 13 2 3 17
split_gain=9.72577 11.4368 14.7196 11.319 22.0435 11.4934 38.263 12.536 12.2424 10.3277 19.655 17.7914 9.7428 9.22902
threshold=9.863161179832586 84.924455819999977 1541.5000000000002 85.135480868500011 13.657191328501694 82.165000000000006 95.500000000000014 15.500000000000002 118.52352478600001 981.00000000000011 410.88017152375852 1474.0000000000002 191.50000000000003 4.5000000000000009
decision_type=2 2 2 2 2 2 2 2 2 2 2 2 2 2
left_child=-1 -2 3 4 -3 -6 -7 8 -8 10 13 -11 -9 -10
right_child=1 2 -4 -5 5 6 7 12 9 11 -12 -13 -14 -15
leaf_value=-0.0012100269627935483 0.013207302531520063 -0.024633756413871551 -0.039710263278364091 0.032430020532452995 0.012842505608661542 -0.12322277547587253 0.041898337980966045 -0.018799169824975662 -0.03060258100569424 -0.072880450030220131 0.031117606528392946 0.003999090198564129 0.01920117547547389 0.028167260899384823
leaf_weight=1069.0080004180782 333.14543467760086 70.466252952814102 20.731978327035904 31.268038287758827 248.21062052249908 6.3851798847317687 10.23047588765621 20.462674044072628 47.746393963694572 17.551017001271251 24.856328725814819 13.173994600772856 96.002394929528236 7.7668005228042594
leaf_count=5793 684 224 58 53 529 27 17 53 128 59 41 28 183 13
internal_value=0.00205955 0.00574648 0.00170399 0.00314915 0.00152251 0.00526579 -0.00243615 0.000807231 -0.0104408 -0.0152606 -0.0058346 -0.0399167 0.0125246 -0.0223801
internal_weight=2017.01 947.998 614.852 594.12 562.852 492.386 244.175 237.79 121.325 111.095 80.3695 30.725 116.465 55.5132
internal_count=7890 2097 1413 1355 1302 1078 549 522 286 269 182 87 236 141
is_linear=0
shrinkage=0.05


Tree=75
num_leaves=15
num_cat=0
split_feature=6 11 11 17 1 4 1 17 7 7 11 4 10 14
split_gain=8.07005 9.20866 9.80755 9.88603 8.81229 12.2902 11.3554 13.4614 10.1566 9.25282 8.63837 10.816 18.0923 11.5018
threshold=85.005359064500013 0.47356744063834139 0.039014485594618557 82.500000000000014 191.50000000000003 19.500000000000004 178.50000000000003 14.500000000000002 10.935563220000002 1.4398828825000003 0.038128228340018437 519.50000000000011 0.038076032646247329 17.500000000000004
decision_type=2 2 2 2 2 2 2 2 2 2 2 2 2 2
left_child=4 2 10 -4 6 -6 7 8 -1 -9 11 -2 -13 -14
right_child=1 -3 3 -5 5 -7 -8 9 -10 -11 -12 12 13 -15
leaf_value=0.00010513013282735665 0.019116059854726045 0.017381720207302158 0.0017620063555834219 -0.045842677446194177 -0.076417644233914561 -0.010091178008737964 0.060477072654585677 -0.0059774765423576777 0.037327216744078753 -0.10943897742403259 0.042828604005976552 0.02340186271509602 -0.018057952905295112 -0.093898655751484705
leaf_weight=981.781137177255 102.28657703846693 148.42871143482625 616.72979340422899 11.102247964590786 8.0426421822048706 53.077889911830425 7.8905611122027031 4.0137386219575983 18.675383176654577 4.6815949114970863 23.108179792761803 21.935513868927956 18.397552430629734 6.8644839674234381
leaf_count=4027 200 334 1347 33 253 1486 21 19 31 26 35 40 47 27
internal_value=0.00258023 0.0059432 0.00382207 0.00092019 -0.000379392 -0.0188189 0.000728752 0.00026158 0.00079995 -0.0616815 0.0143781 0.00998006 -0.00981949 -0.0386662
internal_weight=2027.02 948.853 800.424 627.832 1078.16 61.1205 1017.04 1009.15 1000.46 8.69533 172.592 149.484 47.1976 25.262
internal_count=7926 2063 1729 1380 5863 1739 4124 4103 4058 45 349 314 114 74
is_linear=0
shrinkage=0.05


Tree=76
num_leaves=15
num_cat=0
split_feature=13 5 5 11 13 15 15 10 6 4 15 8 5 1
split_gain=7.26746 6.64852 19.2111 7.97404 5.96833 11.9443 7.1663 7.60244 5.94473 23.7282 13.1014 11.6836 8.91924 10.7379
threshold=0.56344356734548062 709.00000000000011 647.50000000000011 0.04243620613811299 0.9028108270811005 -1.0000000180025095e-35 -0.60355339059327362 0.055334103804259446 315.69871629000005 548.50000000000011 1.0000000180025095e-35 81.171919015500009 294.50000000000006 1130.5000000000002
decision_type=2 2 2 2 2 2 2 2 2 2 2 2 2 2
left_child=-1 2 4 -3 5 6 7 -2 9 12 11 -11 13 -6
right_child=1 3 -4 -5 8 -7 -8 -9 -10 10 -12 -13 -14 -15
leaf_value=-0.050366033283100298 -0.051851373921262128 0.055173938895089952 -0.071780270444216837 0.0056457181972817926 0.0019717630233152764 -0.051192234290259375 0.15403006044412343 0.11896611147858333 0.0089502274073145136 -0.022765806027501265 0.011133910336103258 -0.10797912160578974 -0.03763840492012302 0.038480357663395491
leaf_weight=6.4550350951030842 1.2999740457162263 13.145836681127546 8.6910323202609998 21.284850656986237 1615.5839350111783 2.1063948469236484 2.3592739012092352 1.305519896559417 307.14602448791265 6.8800674974918428 6.5090731531381598 9.6851322501897794 14.009881362318991 20.394691903144121
leaf_count=953 49 18 29 45 5937 102 28 9 630 18 13 46 39 37
internal_value=0.00260308 0.00277148 0.0023957 0.0245559 0.00272009 0.0485741 0.0909018 0.0337392 0.00255635 0.00138254 -0.0489702 -0.0725873 0.0020867 0.00242689
internal_weight=2036.86 2030.4 1995.97 34.4307 1987.28 7.07116 4.96477 2.60549 1980.21 1673.06 23.0743 16.5652 1649.99 1635.98
internal_count=7953 7000 6937 63 6908 188 86 58 6720 6090 77 64 6013 5974
is_linear=0
shrinkage=0.05


Tree=77
num_leaves=15
num_cat=0
split_feature=13 12 12 17 17 16 5 5 12 16 13 12 10 13
split_gain=7.00871 6.39854 12.1571 13.7088 13.59 10.1554 14.3367 25.6839 11.4648 10.5878 9.98802 9.55928 7.5333 7.13887
threshold=0.56344356734548062 13.046143337666452 11.916242864595697 1.5000000000000002 14.500000000000002 1.0000000180025095e-35 62.500000000000007 181.50000000000003 12.441576512570089 -0.9159756150367534 410.88017018756705 11.14530098355336 0.46011021279426306 410.66875882917088
decision_type=2 2 2 2 2 2 2 2 2 2 2 2 2 2
left_child=-1 2 11 5 -5 8 12 -8 9 -4 -10 -2 -7 -3
right_child=1 13 3 4 -6 6 7 -9 10 -11 -12 -13 -14 -15
leaf_value=-0.050349339184143339 0.0011478717492859653 0.018388614607751135 -0.020081336081603382 -0.11293568898014908 -0.010295473737484562 0.055240484661259782 -0.11799253377715746 0.0034424194115105118 0.01177130714577194 -0.11956744117746475 -0.062376264490091982 0.027251466859644465 -0.00043735279585814871 0.0043850429889860766
leaf_weight=6.2445894312113515 1133.3548089489341 105.97852940112352 4.9994375258684158 6.8095570057630521 6.1263947039842606 14.528192862868311 5.4118100851774242 22.28169184923172 15.329739458858969 5.7505084872245771 6.4538766443729392 36.19232552498579 10.441470935940741 644.38506200164557
leaf_count=966 4993 217 15 27 14 20 22 49 37 28 23 65 32 1437
internal_value=0.00253976 0.00270342 0.000537332 -0.0163664 -0.0643259 -0.00908438 0.00448373 -0.0202882 -0.0310475 -0.0732998 -0.0101965 0.00195566 0.0319579 0.00636285
internal_weight=2024.29 2018.04 1267.68 98.1327 12.936 85.1967 52.6632 27.6935 32.5336 10.7499 21.7836 1169.55 24.9697 750.364
internal_count=7945 6979 5325 267 41 226 123 71 103 43 60 5058 52 1654
is_linear=0
shrinkage=0.05


Tree=78
num_leaves=15
num_cat=0
split_feature=13 11 1 11 8 12 14 8 8 11 12 15 15 9
split_gain=6.4546 5.65231 10.4889 7.11165 10.0513 30.5364 10.4116 8.55163 10.3403 13.9844 6.45142 6.44987 10.9425 6.23848
threshold=0.56344356734548062 0.99681048294243479 6.5000000000000009 0.53974761214589451 1.8567198805000003 -0.96785952064375225 12.500000000000002 5.7296314499999923 40.969863865000001 0.83740847095364657 11.413070198511351 -0.60355339059327362 1.0000000180025095e-35 85005359.059500024
decision_type=2 2 2 2 2 2 2 2 2 2 2 2 2 2
left_child=-1 3 11 -2 5 6 -5 -6 9 -9 -10 -3 -13 -12
right_child=1 2 -4 4 7 -7 -8 8 10 -11 13 12 -14 -15
leaf_value=-0.050330294555123591 0.0017369436703499185 0.0088209257188548718 -0.071602759259754165 -0.051150786338589452 0.040034920965697801 -0.064630044966448641 0.1122945318593821 -0.07659149246834715 0.033748286487312373 0.010530896666182973 0.016297562465326654 -0.035867960202277886 -0.0023715331217026231 -0.0022249927711140258
leaf_weight=5.866017202846705 1506.3600980509073 70.291729539632797 5.821857562288641 1.2647698055952812 25.972645249217749 13.705576877109705 4.2431218037381768 7.867618843913081 31.714443102478981 11.110437303781508 122.6275120601058 31.182459980249405 111.790551610291 72.237656652927399
leaf_count=957 5112 194 37 64 63 419 47 27 59 22 267 138 355 176
internal_value=0.00204206 0.00219444 -0.00538777 0.00311879 0.0102782 -0.0246705 0.0747628 0.0127512 0.00986538 -0.0255869 0.0128348 -0.00358019 -0.00967711 0.00943114
internal_weight=2022.06 2016.19 219.087 1797.1 290.744 19.2135 5.50789 271.53 245.558 18.9781 226.58 213.265 142.973 194.865
internal_count=7937 6980 724 6256 1144 530 111 614 551 49 502 687 493 443
is_linear=0
shrinkage=0.05


Tree=79
num_leaves=15
num_cat=0
split_feature=13 12 14 9 3 12 11 15 3 13 10 3 5 5
split_gain=6.21271 4.77182 9.30956 5.05738 10.7517 5.03873 8.64853 13.9361 4.56119 7.87987 19.3598 17.1419 6.98652 10.5183
threshold=0.56344356734548062 -0.96785952064375225 12.500000000000002 1.0397743443296097 379.50000000000006 -0.73097753731019566 0.39792538813744444 -0.9159756150367534 1863.5000000000002 410.88017671311189 0.0188614045934072 1052.5000000000002 709.00000000000011 637.50000000000011
decision_type=2 2 2 2 2 2 2 2 2 2 2 2 2 2
left_child=-1 2 -2 4 -4 6 7 -3 9 12 -11 -12 13 -7
right_child=1 5 3 -5 -6 8 -8 -9 -10 10 11 -13 -14 -15
leaf_value=-0.050314768653219481 -0.051131260761225129 0.20379828689232801 -0.051813405222105952 0.12810399673630155 0.14800091490691977 0.0026639921304129222 -0.051099745406387787 -0.051561151083678619 0.036488822322452867 0.025362522357959771 -0.011063956576209011 -0.12087815293804918 0.036488027052612462 -0.053858194118941084
leaf_weight=5.5934646334499112 1.9293448105454434 0.94531313329935107 1.6345661738887431 2.5386546701192856 1.1447006948292253 1923.4324211198837 9.4804168939590436 1.2288263542577613 9.8214189708232862 10.650053948163988 7.4047926962375623 6.8330131620168686 15.169038668274878 8.2662442624568921
leaf_count=958 99 2 58 25 2 6107 475 45 17 20 19 28 25 25
internal_value=0.00230679 0.00245392 0.0429522 0.0770858 0.0304844 0.00230667 -0.0304734 0.0594688 0.00249947 0.00233017 -0.025626 -0.063766 0.00268754 0.00242212
internal_weight=2006.07 2000.48 7.24727 5.31792 2.77927 1993.23 11.6546 2.17414 1981.58 1971.76 24.8879 14.2378 1946.87 1931.7
internal_count=7905 6947 184 85 60 6763 522 47 6241 6224 67 47 6157 6132
is_linear=0
shrinkage=0.05


Tree=80
num_leaves=15
num_cat=0
split_feature=13 17 0 14 17 8 17 12 8 0 4 13 14 11
split_gain=5.69635 5.21983 13.5461 4.62639 8.48453 12.6895 8.36394 7.95523 6.35101 19.7346 13.8889 10.8457 9.73981 19.2622
threshold=0.56344356734548062 178.50000000000003 75.901500000000013 18.500000000000004 83.500000000000014 49.85968242600002 102.50000000000001 -0.97265718025657966 85.005359372000001 135.01200000000003 451.50000000000006 410.88016843336908 16.500000000000004 0.052717308191692618
decision_type=2 2 2 2 2 2 2 2 2 2 2 2 2 2
left_child=-1 3 -3 4 8 6 -6 -5 11 10 -10 -2 -13 -14
right_child=1 2 -4 7 5 -7 -8 -9 9 -11 -12 12 13 -15
leaf_value=-0.050289978802864413 -0.00014711711798224441 0.040563796539599489 -0.107530103300325 0.085455825358383419 -0.092787541684797026 -0.13997481509152132 0.027038529153107171 0.0053215472202150045 -0.071975835652129297 -0.0017267715439427682 0.011827106436832695 0.016600685970658592 0.01914354301571683 -0.073326191104640864
leaf_weight=5.3326806379482141 1119.637389767915 2.7049653492867938 3.5980288488790393 3.1170229054987422 2.127089065499602 2.6445648670196533 4.6178778363391757 484.73028849903494 18.305535495281223 164.49059499800205 6.7735809385776511 174.837417550385 14.140980347990991 9.3592235594987851
leaf_count=968 4456 5 41 28 27 12 39 1550 62 364 14 348 27 32
internal_value=0.00131843 0.00145528 -0.0439748 0.00159811 0.000235985 -0.047146 -0.0107498 0.00583355 0.000531098 -0.00802598 -0.0493416 0.0017619 0.0125385 -0.0176836
internal_weight=2016.42 2011.08 6.30299 2004.78 1516.93 9.38953 6.74497 487.847 1507.54 189.57 25.0791 1317.98 198.338 23.5002
internal_count=7973 7005 46 6959 5381 78 66 1578 5303 440 76 4863 407 59
is_linear=0
shrinkage=0.05


Tree=81
num_leaves=15
num_cat=0
split_feature=17 0 0 16 17 0 11 5 5 7 12 9 0 17
split_gain=6.97686 16.2322 16.4959 10.7183 11.5466 10.4082 11.6463 9.25823 16.8785 7.65113 10.2641 9.56254 11.5325 19.6391
threshold=1.0000000180025095e-35 14.193500000000002 2.9905000000000004 -0.98296291314453399 14.500000000000002 1.9240000000000002 0.99403801742386422 720.50000000000011 647.50000000000011 434.03719364400007 11.042348588760765 1.2201755432346786 264.02850000000007 6.5000000000000009
decision_type=2 2 2 2 2 2 2 2 2 2 2 2 2 2
left_child=-1 2 5 4 -3 6 -2 8 9 11 -11 -5 -13 -14
right_child=1 3 -4 7 -6 -7 -8 -9 -10 10 -12 12 13 -15
leaf_value=0.0032932499029359979 -0.010178472885797046 -0.12797198101774779 -0.095591370821200436 0.015631950657516422 0.0093803614960329979 0.041934031293067178 -0.097708134791539489 0.037877216468080573 -0.10908016467021538 0.0048273981717064218 -0.075452650519607423 0.0027625915839791081 -0.055376600092705112 0.0035020764000543258
leaf_weight=1637.6902910526842 13.77869819104672 3.40346610918641 8.9342527240514737 84.695754020474851 2.7798692286014557 5.8511738777160636 5.24764460325241 15.557518690824507 3.6129336953163138 8.2011004388332349 7.7382967919111243 157.68328164517879 26.135766149964184 30.915251494850963
leaf_count=5707 57 39 34 1417 30 9 26 25 14 17 26 367 84 68
internal_value=0.00188528 -0.00427118 -0.0373142 -0.000992151 -0.0662219 -0.0163851 -0.03432 0.000213497 -0.00162345 -0.000392406 -0.0341472 0.00140444 -0.00420719 -0.023471
internal_weight=2012.23 374.535 33.8118 340.723 6.18334 24.8775 19.0263 334.54 318.982 315.369 15.9394 299.43 214.734 57.051
internal_count=7920 2213 126 2087 69 92 83 2018 1993 1979 43 1936 519 152
is_linear=0
shrinkage=0.05


Tree=82
num_leaves=15
num_cat=0
split_feature=1 6 16 6 12 7 4 1 11 2 4 11 14 15
split_gain=8.68819 10.2701 9.58229 10.5211 7.27274 10.436 19.2346 15.8357 9.88141 9.07014 10.2814 22.6469 11.5286 9.00854
threshold=8.5000000000000018 3.5431029860000005 0.37940952255126048 85.005359062500006 13.695814078352688 211.48658531850003 455.50000000000006 729.50000000000011 0.033612941127359942 1004.5000000000001 672.50000000000011 0.051592399207205021 11.500000000000002 -0.37940952255126059
decision_type=2 2 2 2 2 2 2 2 2 2 2 2 2 2
left_child=2 -2 -1 -4 8 6 7 -6 -3 -7 11 -11 -12 -9
right_child=1 4 3 -5 5 9 -8 13 -10 10 12 -13 -14 -15
leaf_value=0.0018513239912022472 -0.050954642317401461 0.027429018725151869 -0.007807120414789862 -0.083832494420960052 -0.061893879839482024 0.01387763621110031 -0.069471954329119109 0.037864366556234652 0.00600879917613833 -0.098300872433444153 -0.023943573925749487 0.011079048466016587 0.019980278050443126 -0.015613207727464069
leaf_weight=628.34991465508938 8.1671524895355088 57.773239694535732 299.27795454859734 4.6210296005010596 9.0255351513624174 95.298175662755966 15.141574278473852 17.059370920062065 790.99099705182016 9.050716385245325 26.258847370743752 9.9182351380586606 34.652851566672325 14.627333998680117
leaf_count=2408 538 110 1459 18 29 186 57 27 2906 34 67 20 64 35
internal_value=0.00186821 0.00490346 -0.00167403 -0.00896315 0.00532595 -0.00253916 -0.0213589 -0.00346487 0.00746682 0.00346131 -0.00896545 -0.0411097 0.00104484 0.0131779
internal_weight=2020.21 1087.96 932.249 303.899 1079.8 231.033 55.8538 40.7122 848.764 175.179 79.8807 18.969 60.9117 31.6867
internal_count=7958 4073 3885 1477 3535 519 148 91 3016 371 185 54 131 62
is_linear=0
shrinkage=0.05


Tree=83
num_leaves=15
num_cat=0
split_feature=0 0 10 11 6 4 11 16 3 9 9 14 12 14
split_gain=6.39425 11.5198 9.11866 9.06141 11.1824 11.3336 9.11999 20.664 10.0381 13.3677 9.84451 20.9342 8.98842 8.67648
threshold=1.3595000000000004 1.0315000000000001 0.54550250972447123 0.039014485594618557 4.0164203315000009 1148.0000000000002 0.043199788392970222 -0.78656609248549325 927.00000000000011 1.2753776264252676 1.4228939016630522 20.500000000000004 13.453365901556046 17.500000000000004
decision_type=2 2 2 2 2 2 2 2 2 2 2 2 2 2
left_child=1 -1 3 -2 -5 6 7 -6 9 -9 -11 -12 13 -3
right_child=2 12 -4 4 5 -7 -8 8 -10 10 11 -13 -14 -15
leaf_value=-0.00071972329887703555 0.01166016824662746 -0.025514034977025143 0.012749882839807337 -0.060612106235929969 -0.084175855518122192 -0.065290689080938505 0.0018494432662320703 -0.075196837959632987 0.035390264350602038 0.017184406180044538 -0.082747074118825786 0.021156467910003956 -0.063853221745126795 0.020605308203118473
leaf_weight=745.74153348058462 171.42267254181206 41.861085005104542 208.77197113633156 7.792750909458845 9.8300725668668729 6.676635578274726 711.4385548257269 7.9921004325151435 11.779826715588568 23.277578487992287 9.7430381476879138 9.6482362896203977 10.952852219343184 13.482649862766264
leaf_count=3352 361 150 481 618 35 23 2670 27 19 44 35 18 40 38
internal_value=0.000918499 -0.00249537 0.00327106 0.0012301 -0.00100994 -0.000422294 0.000130338 -0.0167926 -0.00618447 -0.0158515 -0.00473587 -0.0310493 -0.0224688 -0.0142786
internal_weight=1990.41 812.038 1178.37 969.601 798.179 790.386 783.709 72.2709 62.4408 50.661 42.6689 19.3913 66.2966 55.3437
internal_count=7911 3580 4331 3850 3489 2871 2848 178 143 124 97 53 228 188
is_linear=0
shrinkage=0.05


Tree=84
num_leaves=15
num_cat=0
split_feature=12 17 16 5 8 10 9 12 8 15 2 8 12 6
split_gain=7.229 6.6613 7.85894 7.52171 5.3963 7.53349 7.40169 5.27564 5.22656 9.27577 11.9284 6.95786 5.4112 13.0057
threshold=-0.54055632513247243 29.500000000000004 0.1294095225512602 23.500000000000004 85.005361957000005 0.10950958805933349 85005359.066500023 13.695814015738659 85.005360191000008 0.25881904510252091 1394.5000000000002 85.005360532500035 13.695814166715138 390.24954109050003
decision_type=2 2 2 2 2 2 2 2 2 2 2 2 2 2
left_child=1 -1 -3 -4 6 -6 8 -8 -2 10 12 -11 -10 -14
right_child=4 2 3 -5 5 -7 7 -9 9 11 -12 -13 13 -15
leaf_value=-0.040114927996650396 0.0015999610940081927 -0.051467626528909252 -0.052941514596440899 0.072431972952386278 0.025624336606153958 -0.017949803449701054 0.050670571541993559 0.0054516169461593057 -0.049577159440357031 -0.015370790185309133 0.03426125085665923 -0.076956817718959097 0.024150620300946848 -0.043779634214698888
leaf_weight=19.435516645666215 1818.1670251712203 3.3998902956955117 1.575773164629936 4.9679102846421301 47.943734794855118 12.506816312670706 12.8862182199955 12.914678946137427 9.5150646120309812 10.402663856744768 16.240236140787601 8.2023042887449247 15.855871900916101 12.681612029671667
leaf_count=1341 5861 237 82 78 85 34 22 27 30 25 31 28 28 36
internal_value=0.00153459 -0.0230854 0.0102003 0.042241 0.00190039 0.0166091 0.00143654 0.0280362 0.00107362 -0.012054 -0.00161322 -0.042522 -0.0169239 -0.00603652
internal_weight=2006.7 29.3791 9.94357 6.54368 1977.32 60.4506 1916.87 25.8009 1891.06 72.8978 54.2928 18.605 38.0525 28.5375
internal_count=7945 1738 397 160 6207 119 6088 49 6039 178 125 53 94 64
is_linear=0
shrinkage=0.05


Tree=85
num_leaves=15
num_cat=0
split_feature=1 6 11 0 11 15 11 0 11 14 17 17 17 10
split_gain=5.27531 8.26772 7.42931 9.32397 13.1827 10.6338 9.01462 6.56574 7.94918 10.0598 29.661 12.5086 11.0453 15.4554
threshold=8.5000000000000018 3.5431029860000005 0.53615047407223126 650.40400000000011 0.98373137375451936 0.25881904510252091 0.76720242668182148 20674.153500000004 0.050910068905765722 2.5000000000000004 12.500000000000002 32.500000000000007 69.500000000000014 0.023086143430696284
decision_type=2 2 2 2 2 2 2 2 2 2 2 2 2 2
left_child=-1 -2 7 4 -4 6 -5 8 -3 10 -10 -12 -11 -14
right_child=1 2 3 5 -6 -7 -8 -9 9 12 11 -13 13 -15
leaf_value=-0.0011156233740683467 -0.048909380031145679 0.0069746277486997929 0.01930878968322372 -0.12311735027315734 -0.049479631721426123 0.015794833401967665 -0.021380076497363967 0.025162600032253665 0.02278623524426189 -0.0049294369429185537 -0.13380641709423274 -0.011187950496941518 -0.013028943109838263 -0.13885712442023754
leaf_weight=930.78941674530506 7.3217163288500151 369.20139130204916 174.82228645402938 3.39197940612212 7.2538534151390186 10.180414218921213 6.0804312448017299 30.464379157871008 74.845635277684778 360.38250233279541 4.453195726964621 3.9025845746509731 7.1171112423762661 3.7139076953753829
leaf_count=3856 548 786 803 85 26 80 72 113 179 1212 32 18 54 38
internal_value=0.00163295 0.00403938 0.00440656 0.0130367 0.0165683 -0.0196823 -0.0578112 0.00236818 0.00152504 -0.00290262 0.0128113 -0.0765372 -0.00642464 -0.0561749
internal_weight=1993.92 1063.13 1055.81 201.729 182.076 19.6528 9.47241 854.081 823.616 454.415 83.2014 8.35578 371.214 10.831
internal_count=7902 4046 3498 1066 829 237 157 2432 2319 1533 229 50 1304 92
is_linear=0
shrinkage=0.05


Tree=86
num_leaves=15
num_cat=0
split_feature=2 6 11 17 8 14 10 7 7 13 13 4 4 17
split_gain=7.57318 10.9849 9.94552 7.36658 14.4618 10.9611 20.1314 11.8457 23.4557 12.9161 15.3587 12.6132 14.3327 11.0686
threshold=6.5000000000000009 85.005359059500009 0.99681048294243479 1.0000000180025095e-35 85.005359563000013 1.0000000180025095e-35 0.0011349697655967685 10.676369104000001 4.6428147075000004 180.00364483511902 273.23464586974688 21.500000000000004 7.5000000000000009 14.500000000000002
decision_type=2 2 2 2 2 2 2 2 2 2 2 2 2 2
left_child=1 -1 3 4 -2 6 -5 8 11 -9 -11 12 -7 -14
right_child=2 -3 -4 5 -6 7 -8 9 -10 10 -12 -13 13 -15
leaf_value=-0.0019863790325561864 0.009835291368683911 -0.037932980299091146 -0.065206242887696997 0.024885751452392569 -0.0069499995933913197 0.057577802225633384 -0.10336624616552198 0.022937125310567838 -0.080687564098515657 -0.070368233159109769 0.00047734226562786732 0.0096781990805730744 -0.098980338117093711 -0.0010223018566808517
leaf_weight=857.94412413425744 615.60739243519492 21.792912542819977 5.2721143309026948 5.3550672144629043 162.11629862338305 2.8833689833991221 7.1385458800941706 67.584167051594704 12.671147043118252 7.9663583785295478 192.72124662995338 39.823146407026798 8.5030032689683122 4.3635849638376376
leaf_count=3694 1659 73 47 13 381 13 60 477 444 26 414 455 119 87
internal_value=0.000603081 -0.00287685 0.00330751 0.00362809 0.0063364 -0.00240704 -0.0483943 -0.000699695 -0.0192992 0.00403174 -0.0023349 -0.00530214 -0.0431794 -0.0657588
internal_weight=2011.74 879.737 1132.01 1126.73 777.724 349.01 12.4936 336.516 68.2443 268.272 200.688 55.5731 15.75 12.8666
internal_count=7962 3767 4195 4148 2040 2108 73 2035 1118 917 440 674 219 206
is_linear=0
shrinkage=0.05


Tree=87
num_leaves=15
num_cat=0
split_feature=10 10 11 4 10 12 13 10 13 16 9 4 4 12
split_gain=9.42542 12.1299 22.3712 13.4743 6.21695 10.2052 13.9648 12.7959 16.5319 10.8019 11.4554 10.4432 19.2216 23.7595
threshold=0.011430847349877619 0.0097946366823749489 0.075070687800722333 41.500000000000007 0.032423883266856433 13.695814219937061 410.8801732297249 0.034741172643634209 410.88016911039659 0.78656609248549303 1.188796378813491 275.50000000000006 298.50000000000006 13.695814048004051
decision_type=2 2 2 2 2 2 2 2 2 2 2 2 2 2
left_child=1 -1 -3 -4 -2 6 7 8 -6 10 -7 -9 13 -13
right_child=4 2 3 -5 5 9 -8 11 -10 -11 -12 12 -14 -15
leaf_value=-0.0028821589099844655 0.013310802207199941 -0.19906152210654846 -0.11099380807526243 0.064234551635010059 -0.014152423580987167 -0.0166701732830641 0.032459764588284146 0.0055837198385207554 -0.17829097901896873 0.012194303085966312 -0.096241511152653669 -0.016031324925933375 -0.0019660270101986943 -0.12729910505128536
leaf_weight=798.82282130350359 143.70227288594469 2.2464557588100424 1.836217012023553 2.725417201872915 5.0085607054643324 10.79577691853047 38.852909937500954 699.84630193235353 2.2113756239414215 11.178708553314207 7.7846034020185462 15.596988350152971 241.60428374260664 6.9292588680982581
leaf_count=3805 908 12 66 11 55 26 66 2304 11 23 30 39 546 29
internal_value=0.000723076 -0.00344855 -0.0699059 -0.00630098 0.00356276 0.00221557 0.00306581 0.0018899 -0.064426 -0.0266424 -0.0500081 0.00238659 -0.0060846 -0.0502582
internal_weight=1989.14 805.631 6.80809 4.56163 1183.51 1039.81 1010.05 971.197 7.21994 29.7591 18.5804 963.977 264.131 22.5262
internal_count=7931 3894 89 77 4037 3129 3050 2984 66 79 56 2918 614 68
is_linear=0
shrinkage=0.05


Tree=88
num_leaves=15
num_cat=0
split_feature=6 4 6 0 13 17 9 4 17 1 2 5 10 5
split_gain=7.70418 22.0724 11.1438 9.68093 9.00462 11.683 13.2426 9.04615 8.52237 7.33747 20.2615 10.192 7.23484 9.89731
threshold=300.06399494500005 548.50000000000011 286.68993318950004 466.50000000000006 410.88016832261525 19.500000000000004 1.8279295654302314 401.00000000000006 1.0000000180025095e-35 800.50000000000011 422.50000000000006 122.50000000000001 0.24808949852352205 378.50000000000006
decision_type=2 2 2 2 2 2 2 2 2 2 2 2 2 2
left_child=1 2 4 -3 7 -6 -7 9 -4 10 -1 -12 13 -2
right_child=12 3 8 -5 5 6 -8 -9 -10 -11 11 -13 -14 -15
leaf_value=-0.001421543711143599 0.01658795571371386 -0.08998774176127812 -0.078079628523912634 -0.0084181842773782042 0.011159768022504037 -0.067251043820275039 0.0085767342352170983 -0.067057581147555584 0.00031384128497766308 0.022468264370989269 -0.013159261224489403 -0.14891665408439664 -0.033098711060495438 -0.00012846938193010883
leaf_weight=1245.6331796806771 184.49194877594709 9.8471563607454282 8.0487463474273664 5.7682372257113448 268.14710228145123 10.533066213130953 12.700379759073256 5.2439013719558707 6.0901457369327536 31.793417198816314 2.286911978153511 3.4959499388933182 10.734960466623304 170.26394359767437
leaf_count=6177 363 44 28 14 563 34 26 17 13 170 27 16 30 376
internal_value=0.000787943 -0.000700122 -0.000120595 -0.0598564 0.000274906 0.00821272 -0.0258004 -0.00152021 -0.0443127 -0.00125239 -0.00185504 -0.0952295 0.00734124 0.00856496
internal_weight=1975.08 1609.59 1593.97 15.6154 1579.83 291.381 23.2334 1288.45 14.1389 1283.21 1251.42 5.78286 365.491 354.756
internal_count=7898 7129 7071 58 7030 623 60 6407 41 6390 6220 43 769 739
is_linear=0
shrinkage=0.05


Tree=89
num_leaves=15
num_cat=0
split_feature=4 13 14 13 6 4 5 9 4 11 0 1 10 5
split_gain=5.68028 16.642 8.16696 7.38072 6.34819 11.5391 9.66057 17.2391 15.8094 10.7953 10.7325 9.07293 8.6747 19.8673
threshold=21.500000000000004 410.88016821900686 22.500000000000004 13.22508955698464 12.853376881000001 22.500000000000004 46.500000000000007 2.6466256195699489 116.50000000000001 0.078093982480719984 8446.7705000000005 524.50000000000011 0.16295362905948316 258.50000000000006
decision_type=2 2 2 2 2 2 2 2 2 2 2 2 2 2
left_child=1 2 3 -1 5 11 9 8 10 -6 -8 -2 -10 -14
right_child=4 -3 -4 -5 6 -7 7 -9 12 -11 -12 -13 13 -15
leaf_value=-0.054140738863932662 -0.051278472522154651 -0.072416953304633755 -0.028598564682666958 -0.00036157348208288215 0.041713513253799017 -0.05071089389252257 -0.097207665079192443 -0.061734529308363366 0.0049102818451871311 0.0086107643497568883 0.0046321983251943434 0.18241250552909227 -0.0037508006976776915 -0.081530791651798551
leaf_weight=6.4212012551724902 0.69519000523723562 8.3262986093759519 26.956736729713157 990.71891202777624 27.821525894105434 10.96622750465758 6.7001582006923837 10.839153200387953 595.17511092126369 214.62627062434331 4.2142295390367508 1.0317664437461642 76.236633092164993 9.2008580118417722
leaf_count=377 58 31 159 3952 46 930 40 37 1279 804 9 10 174 32
internal_value=0.000558194 -0.00201444 -0.00144204 -0.000707891 0.00333211 -0.0317925 0.003804 0.000833526 0.00181423 0.0124094 -0.0578856 0.0883397 0.00277159 -0.012127
internal_weight=1989.93 1032.42 1024.1 997.14 957.507 12.6932 944.814 702.366 691.527 242.448 10.9144 1.72696 680.613 85.4375
internal_count=7938 4519 4488 4329 3419 998 2421 1571 1534 850 49 68 1485 206
is_linear=0
shrinkage=0.05


Tree=90
num_leaves=15
num_cat=0
split_feature=13 7 4 11 11 10 16 5 13 8 7 7 10 14
split_gain=6.35798 5.85714 15.8664 7.78651 9.0344 10.6189 10.0779 7.91333 10.1961 7.67735 10.1659 10.2013 7.48154 7.23817
threshold=0.72178820292961776 281.86979782900005 648.50000000000011 0.065217832021553943 0.039778407944324114 0.012236763520611307 0.25881904510252057 381.50000000000006 410.88017336727404 85.005359688500008 387.40987065000007 506.8785450630001 0.03559568289302642 16.500000000000004
decision_type=2 2 2 2 2 2 2 2 2 2 2 2 2 2
left_child=-1 2 -2 4 -3 -6 9 -5 -9 10 -7 -12 -11 -4
right_child=1 3 13 7 5 6 -8 8 -10 12 11 -13 -14 -15
leaf_value=-0.050499222304097924 0.00024417925719695608 0.015714465813744194 -0.080012307503857932 0.042261809806132603 -0.053013144524710343 -0.0018839924519393966 0.013486790542783199 -0.025180003340741254 0.030491638842523251 -0.037293552063350867 -0.10437410100192418 -0.01948254653315943 0.021222068962983284 -0.018247699566075432
leaf_weight=6.0598655755165955 1703.3640016489662 81.701621077954769 8.4643896296620387 29.022786110639572 10.86527895927429 11.768308803439142 56.126493155956268 14.401676028966902 19.174689576029778 8.0303752124309558 7.574393302202223 6.6422956138849258 17.08208055794239 10.790123820304869
leaf_count=1050 6281 167 34 44 33 26 112 38 33 22 29 17 31 32
internal_value=0.000637895 0.000794007 -0.000266004 0.0077531 0.0029318 -0.00591207 -0.00113919 0.0231407 0.00661279 -0.0172047 -0.0362575 -0.0647112 0.00251014 -0.0453998
internal_weight=1991.07 1985.01 1722.62 262.39 199.791 118.089 107.224 62.5992 33.5764 51.0975 25.985 14.2167 25.1125 19.2545
internal_count=7949 6899 6347 552 437 270 237 115 71 125 72 46 53 66
is_linear=0
shrinkage=0.05


Tree=91
num_leaves=15
num_cat=0
split_feature=5 5 4 13 0 10 10 14 6 6 5 4 0 13
split_gain=5.18359 12.9579 6.44153 4.64173 4.49571 9.60657 21.1199 16.4646 7.44301 20.025 7.35204 4.76566 4.41642 7.03877
threshold=709.00000000000011 647.50000000000011 1148.0000000000002 0.56344356734548062 4275.0000000000009 0.26741551568148209 0.036137695693214657 2.5000000000000004 245.45565227000003 118.52352478600001 88.500000000000014 979.50000000000011 2401.5000000000005 410.66875882917088
decision_type=2 2 2 2 2 2 2 2 2 2 2 2 2 2
left_child=1 3 -2 -1 11 6 -6 -8 9 10 -9 12 -5 -14
right_child=2 -3 -4 4 5 -7 7 8 -10 -11 -12 -13 13 -15
leaf_value=-0.050243458788583155 0.038575892079016946 -0.063423677973301576 -0.0076971343767006182 0.002295936367971534 0.03216163251607853 0.048397072149343773 0.03456370666354143 -0.063153415559854112 -0.006710405177454578 -0.13746316605988354 0.022504503265767362 -0.03723689825292472 -0.0050600265250600419 -0.065941188911164197
leaf_weight=4.20692982408218 21.031130596995354 7.5468179583549491 11.707786053419111 1822.159320299048 35.866106542758644 16.058001560159028 9.0617024856619519 5.1474859341979045 8.5606167912483198 5.915943354368209 4.8797843754291534 7.7783187404274932 24.158181843347851 5.9087541401386252
leaf_count=961 35 24 28 6544 76 28 17 36 20 26 9 28 71 19
internal_value=0.00229708 0.00196704 0.0220282 0.00222015 0.00233359 0.0135449 0.00548431 -0.0230215 -0.0443169 -0.0645095 -0.0214679 0.0018183 0.00198231 -0.0170244
internal_weight=1989.99 1957.25 32.7389 1949.7 1945.49 85.4896 69.4316 33.5655 24.5038 15.9432 10.0273 1860 1852.23 30.0669
internal_count=7922 7859 63 7835 6874 212 184 108 91 71 45 6662 6634 90
is_linear=0
shrinkage=0.05


Tree=92
num_leaves=15
num_cat=0
split_feature=8 8 10 1 16 8 6 4 10 4 1 15 6 3
split_gain=6.6196 5.77859 19.7767 5.63153 5.0212 8.47625 4.74795 13.2834 15.5912 15.1048 16.0217 14.6541 13.9692 10.631
threshold=85.005361957000005 85.00536065149997 0.051376232267592574 2739.0000000000005 0.37940952255126048 86.111850613999948 363.2202665905001 349.50000000000006 0.031722297761276642 372.50000000000006 1621.0000000000002 0.60355339059327384 186.90520889400003 348.50000000000006
decision_type=2 2 2 2 2 2 2 2 2 2 2 2 2 2
left_child=1 6 -3 4 5 -2 7 13 -9 -10 11 12 -11 -1
right_child=3 2 -4 -5 -6 -7 -8 8 9 10 -12 -13 -14 -15
leaf_value=0.00081953104805929501 0.018882600594309198 -0.069693206439306252 0.020385898148227419 0.045958814320824909 0.027149027303354029 -0.038606430154139934 0.0084308570628099776 0.010039080859682236 -0.079381353066446114 -0.064392407340329222 -0.082798135284771993 -0.066102629770291341 0.0029366968913043128 0.026007028438267056
leaf_weight=1470.435801591957 15.192490309476854 11.896450877189638 12.490850768983362 13.409790605306624 21.622340396046638 11.09353084862232 190.04337510466576 48.428280502557755 11.068416282534598 8.6298433393239957 8.665299288928507 10.885410457849501 71.794583037495613 43.121703951852396
leaf_count=6637 29 39 24 20 40 32 400 100 38 32 37 35 153 227
internal_value=0.0011504 0.000625161 -0.0235559 0.0173181 0.00930146 -0.00537959 0.000941687 9.09741e-05 -0.0136346 -0.0239591 -0.0178233 -0.0116571 -0.00428797 0.00153713
internal_weight=1948.78 1887.46 24.3873 61.3182 47.9084 26.286 1863.07 1673.03 159.472 111.044 99.9751 91.3098 80.4244 1513.56
internal_count=7843 7722 63 121 101 61 7659 7259 395 295 257 220 185 6864
is_linear=0
shrinkage=0.05


Tree=93
num_leaves=15
num_cat=0
split_feature=14 14 4 14 12 3 0 2 6 13 0 0 8 6
split_gain=5.94665 8.68016 8.782 7.32961 9.01817 8.73269 22.2335 13.76 11.7216 12.4152 10.7173 17.5439 6.94591 6.53927
threshold=18.500000000000004 19.500000000000004 919.00000000000011 16.500000000000004 -1.0000000180025095e-35 560.00000000000011 466.50000000000006 636.50000000000011 372.94803500650005 410.88017168274388 166.20000000000002 60.009000000000007 85.005359141 11.002738005500001
decision_type=2 2 2 2 2 2 2 2 2 2 2 2 2 2
left_child=3 -2 -3 -1 13 6 7 10 -7 -10 11 -6 -8 -5
right_child=1 2 -4 4 5 8 12 -9 9 -11 -12 -13 -14 -15
leaf_value=0.00025237774410899087 0.017423253204600711 0.0026654613001028749 -0.056471925590800956 -0.051028286576394535 -0.0075838090474163074 0.059662129554052562 -0.11912951300054218 -0.091509289906856167 0.030665115919554634 -0.050338970834587639 0.034264300727304846 -0.078801274842696514 -0.041302465599495422 0.067958198417145246
leaf_weight=1321.9776511762757 114.18519286229275 359.70849667419679 6.3893382474780074 1.4449692224152375 97.02838509529829 8.9116103351116198 6.4488659352064115 5.2379919290542594 9.4487807303667086 9.4721160531043989 12.935689046978949 9.493662089109419 5.1613919734954834 5.7484311603475362
leaf_count=5370 388 1382 24 149 384 11 27 20 17 28 21 33 15 42
internal_value=0.000547805 0.00538734 0.00163336 -0.0010087 -0.0107391 -0.0131405 -0.0183519 -0.0121901 0.0123818 -0.00988688 -0.00871208 -0.013931 -0.0845312 0.0440569
internal_weight=1973.59 480.283 366.098 1493.31 171.332 164.138 136.306 124.696 27.8325 18.9209 119.458 106.522 11.6103 7.1934
internal_count=7911 1794 1406 6117 747 556 500 458 56 45 438 417 42 191
is_linear=0
shrinkage=0.05


Tree=94
num_leaves=15
num_cat=0
split_feature=12 17 14 8 12 15 4 0 3 15 12 17 14 0
split_gain=8.02128 8.20768 7.36223 4.45579 9.95772 7.32372 8.65222 6.87184 14.9068 6.52116 10.7618 13.1241 10.0116 8.91007
threshold=-0.73097753731019566 49.500000000000007 18.500000000000004 84.964320424500031 13.221026795712488 0.78656609248549325 804.50000000000011 1599.0000000000002 853.50000000000011 0.91597561503675362 13.695814014908064 1.5000000000000002 5.5000000000000009 236.37800000000001
decision_type=2 2 2 2 2 2 2 2 2 2 2 2 2 2
left_child=1 -1 -3 4 -2 6 -6 9 -9 -5 13 12 -12 -11
right_child=3 2 -4 7 5 -7 -8 8 -10 10 11 -13 -14 -15
leaf_value=-0.050929154943377533 0.0015458722571576355 -0.050912931160298727 0.066015498685664489 0.00088455694376379432 0.014161514332204082 0.036166802324917251 -0.02350717710123594 -0.071170705693330935 0.014977538144549676 -0.0099789118255068036 -0.024991505791265238 0.0076524346277261936 -0.10307301658734519 0.049745044383727795
leaf_weight=14.085450076498093 970.92134966142476 2.2081214163918039 3.4487681942991912 715.5266442745924 128.1475215703249 31.806634470820427 17.302564084529877 10.547088354825975 9.5848412215709669 40.659698538482189 7.5584826543927255 8.9895354062318784 8.9859777092933637 7.378068968653678
leaf_count=1400 3772 198 75 1846 271 54 46 35 19 118 21 19 36 11
internal_value=0.00121285 -0.0304984 0.0203734 0.00153269 0.00353542 0.0144331 0.00968049 -0.00130889 -0.0301554 -0.000572946 -0.014748 -0.0409774 -0.0674008 -0.000805974
internal_weight=1977.15 19.7423 5.65689 1957.41 1148.18 177.257 145.45 809.23 20.1319 789.098 73.5718 25.534 16.5445 48.0378
internal_count=7921 1673 273 6248 4143 371 317 2105 54 2051 205 76 57 129
is_linear=0
shrinkage=0.05


Tree=95
num_leaves=15
num_cat=0
split_feature=12 0 8 12 1 15 5 7 8 12 8 12 0 4
split_gain=5.32102 7.47927 7.78637 7.18799 10.4801 29.2525 22.1018 11.136 7.94283 7.09784 7.05022 7.06964 15.0853 12.1975
threshold=13.046143337666452 2401.5000000000005 84.964320424500031 11.916242864595697 30.500000000000004 0.78656609248549325 62.500000000000007 115.56573029350001 85.005359078500021 11.14530098355336 84.989994254000024 13.63091204589619 312.49800000000005 6.5000000000000009
decision_type=2 2 2 2 2 2 2 2 2 2 2 2 2 2
left_child=3 2 -2 8 5 -5 -6 -8 9 -1 -4 12 13 -12
right_child=1 -3 10 4 6 -7 7 -9 -10 -11 11 -13 -14 -15
leaf_value=-0.00089051170392977219 0.014132770342285595 -0.041429713610915173 -0.037508166168630369 -0.083272207286069377 0.042379711578029507 0.039904391825173302 -0.074136359360899642 -0.011015606206400179 0.018607417005343269 0.022851512558381519 -0.0099303321724494367 0.0048553362174210916 0.029000026787855539 -0.082713479001262483
leaf_weight=1073.5516283081379 194.66675878316164 8.5531944781541807 10.832314670085905 14.984820239245893 18.87056790292263 7.1055660098791114 8.1564904153346998 48.758270040154457 59.17750858515501 32.430692292749882 13.33094807714224 473.28676533699036 11.281621620059012 10.130978114902971
leaf_count=5851 412 25 31 73 32 12 30 117 117 62 49 1063 20 38
internal_value=0.00162468 0.00504833 0.00560547 -0.000332627 -0.0133469 -0.0436514 -0.00451361 -0.0200615 0.0007606 -0.000194325 0.00240619 0.00325726 -0.0185123 -0.0413585
internal_weight=1985.12 722.083 713.529 1263.04 97.8757 22.0904 75.7853 56.9148 1165.16 1105.98 518.863 508.03 34.7435 23.4619
internal_count=7932 1638 1613 6294 264 85 179 147 6030 5913 1201 1170 107 87
is_linear=0
shrinkage=0.05


Tree=96
num_leaves=15
num_cat=0
split_feature=17 0 0 0 11 15 0 0 11 6 11 10 0 5
split_gain=6.2765 6.40594 8.38438 8.50702 6.87312 12.8245 10.6355 5.8361 5.0104 11.0453 8.56205 7.66721 8.27792 13.214
threshold=178.50000000000003 0.76400000000000012 0.7915000000000002 0.83050000000000013 0.53974761214589451 0.60355339059327384 0.5375000000000002 0.88650000000000018 0.039014485594618557 3.5431029860000005 0.038128228340018437 0.1878821419078551 900.02100000000007 347.50000000000006
decision_type=2 2 2 2 2 2 2 2 2 2 2 2 2 2
left_child=1 4 -3 -4 -1 -6 -7 -5 10 -10 11 12 13 -9
right_child=-2 2 3 7 5 6 -8 8 9 -11 -12 -13 -14 -15
leaf_value=-0.0013253182542854339 -0.047776794415588526 0.050246593540773522 -0.048758306396692465 0.032995479380663627 -0.045756129033158233 0.065988399552837376 -0.020085053493578212 0.0092193296027572556 -0.063393026748945633 0.0022362146301269019 0.040996901922083988 -0.025927438998806757 0.030102052244893131 -0.050867138669471373
leaf_weight=571.44433426111937 6.4719936917535952 9.504293851554392 7.8562579900026313 16.479197710752487 23.965731978416443 5.8291069865226737 9.3384378105401975 86.488305203616619 6.4468982617836437 1150.6457510222681 20.908015877008438 15.949248492717741 39.192565123550594 10.232544489204882
leaf_count=2815 71 23 35 42 128 21 39 189 519 3824 34 43 76 33
internal_value=0.00138174 0.00154289 0.00344864 0.0031202 -0.00271355 -0.0229853 0.0129942 0.00342292 0.00305647 0.00187055 0.0109989 0.00686882 0.0107174 0.00286251
internal_weight=1980.75 1974.28 1363.7 1354.2 610.578 39.1333 15.1675 1346.34 1329.86 1157.09 172.771 151.863 135.913 96.7208
internal_count=7892 7821 4818 4795 3003 188 60 4760 4718 4343 375 341 298 222
is_linear=0
shrinkage=0.05


Tree=97
num_leaves=15
num_cat=0
split_feature=7 4 4 0 3 1 11 13 9 11 10 15 10 1
split_gain=6.0988 13.5966 15.4901 36.5157 13.6469 13.1718 28.4863 22.1931 18.8141 16.168 14.1181 9.57603 9.00525 8.41336
threshold=277.58574680750007 352.50000000000006 372.50000000000006 900.02100000000007 353.50000000000006 1022.0000000000001 0.050354370069665207 410.88017081457667 1.4056772399968378 0.089274730863903223 0.073157436720513988 -0.60355339059327362 0.1878821419078551 1263.5000000000002
decision_type=2 2 2 2 2 2 2 2 2 2 2 2 2 2
left_child=1 4 3 -3 -1 -4 8 10 -7 11 -8 -9 13 -2
right_child=12 2 5 -5 -6 6 7 9 -10 -11 -12 -13 -14 -15
leaf_value=0.0010695450029443545 0.035008168487086176 -0.13408329005300448 0.014271975541393343 0.017740889111297925 0.027731370619235796 0.015993246182084555 -0.061603523335264893 -0.08493232749857843 -0.049383819202778845 -0.027343093100367751 0.029966366528971406 -0.18013875856012582 -0.036111779828863329 0.0071480955819272444
leaf_weight=1503.9369612345472 30.708827078342438 8.1636431068181974 44.222361907362938 7.6919503808021537 49.577024851925671 48.136602140963078 8.5687150508165377 5.0574988126754734 14.265903294086455 5.2516294270753852 8.2737081348896009 5.5280101597309121 10.827028065919874 230.49338468909264
leaf_count=6734 53 35 89 15 235 94 27 19 51 14 14 28 31 490
internal_value=0.00161786 0.000510827 -0.0136023 -0.0604295 0.0019204 -0.00827241 -0.0187577 -0.056576 0.00104733 -0.0990678 -0.0166205 -0.134651 0.00857138 0.0104235
internal_weight=1980.7 1708.67 155.16 15.8556 1553.51 139.304 95.0821 32.6796 62.4025 15.8371 16.8424 10.5855 272.029 261.202
internal_count=7929 7355 386 50 6969 336 247 102 145 61 41 47 574 543
is_linear=0
shrinkage=0.05


Tree=98
num_leaves=15
num_cat=0
split_feature=8 4 8 6 16 5 17 12 12 13 14 17 12 0
split_gain=4.86956 8.32611 6.49688 9.08075 10.873 11.4452 15.2505 8.84221 9.844 6.74285 6.71233 4.96771 15.2603 10.0156
threshold=85.005361957000005 1148.0000000000002 85.005360191000008 502.21251202950003 0.78656609248549303 400.50000000000006 1.5000000000000002 13.695814126654938 13.69581412052132 410.88017294926766 14.500000000000002 1.0000000180025095e-35 13.695814035417353 13139.887000000001
decision_type=2 2 2 2 2 2 2 2 2 2 2 2 2 2
left_child=1 2 7 4 5 9 -7 8 11 -4 -5 -1 13 -13
right_child=-2 -3 3 10 -6 6 -8 -9 -10 -11 -12 12 -14 -15
leaf_value=0.0025037774478458077 0.015913733170093331 -0.053184476390921456 -0.051686817428484015 -0.021529527353802633 0.010711922682029799 -0.12955210239806375 -0.015781259413664504 0.016989007263014957 -0.06746223197551815 0.011689348189553325 0.030891850621716833 -0.010845279209732108 0.026134498889860788 0.036946541564957712
leaf_weight=1449.0742032926064 57.362568318843842 7.0301532521843901 8.0228867456317001 10.288504004478456 12.412495136260985 7.0851495042443258 5.0413810759782791 92.045419737696648 5.2212117165327063 8.8007961213588697 15.023459538817404 250.7712257776875 35.592718601226807 11.463643152266739
leaf_count=5341 116 24 26 26 26 32 12 182 17 19 25 1850 62 182
internal_value=0.0015588 0.00112945 0.00132928 -0.0140038 -0.0284386 -0.0452244 -0.082254 0.00188364 0.0010901 -0.0185335 0.00958424 0.00129499 -0.00458636 -0.00875605
internal_weight=1975.24 1917.87 1910.84 66.6747 41.3627 28.9502 12.1265 1844.17 1752.12 16.8237 25.312 1746.9 297.828 262.235
internal_count=7940 7824 7800 166 115 89 44 7634 7452 45 51 7435 2094 2032
is_linear=0
shrinkage=0.05


Tree=99
num_leaves=15
num_cat=0
split_feature=10 10 17 13 2 11 7 6 8 8 11 6 8 13
split_gain=7.56811 17.0011 9.376 10.7802 47.778 10.1816 13.6236 13.272 12.4185 13.5913 11.8348 9.53708 11.0659 9.66644
threshold=0.024359206336263078 0.03140518427829881 1.5000000000000002 410.88017369774923 850.50000000000011 0.058826369723643308 142.58643895450004 163.91177168700003 85.005359154500027 85.005359100500016 0.041023439169761089 502.21251202950003 85.005359912000003 410.88017189531979
decision_type=2 2 2 2 2 2 2 2 2 2 2 2 2 2
left_child=2 -2 11 4 5 10 7 8 9 -7 -4 12 13 -1
right_child=1 -3 3 -5 -6 6 -8 -9 -10 -11 -12 -13 -14 -15
leaf_value=-0.0015081887478700711 0.029799455869448412 0.0025867882572962811 -0.0092275847543528671 0.019424083534024139 -0.16994121813973007 -0.0090284535349012176 0.04898745002269695 -0.14077785442656604 0.062324569396254248 -0.08187977772141336 -0.10668189986664459 0.029240675182632899 -0.056403225499833932 0.031667388306927391
leaf_weight=702.42139505362138 60.790094077354297 1027.7021398281213 6.5260683596134168 18.957002982497215 5.155362293124198 58.702104396885261 9.5104553247801942 2.0270954221487036 5.3371517211198798 7.1858591735362998 5.9606927335262299 26.750082954764366 8.9523150473833066 22.665323436260223
leaf_count=3385 269 3137 21 36 25 819 16 9 6 25 23 50 28 41
internal_value=0.00131886 0.00410656 -0.00212872 -0.0151574 -0.0216866 -0.0136623 -0.00731256 -0.0146221 -0.0110316 -0.0169737 -0.0557485 -8.46245e-05 -0.00115331 -0.000471161
internal_weight=1968.64 1088.49 880.151 119.362 100.405 95.2494 82.7627 73.2522 71.2251 65.888 12.4868 760.789 734.039 725.087
internal_count=7890 3406 4484 980 944 919 875 859 850 844 44 3504 3454 3426
is_linear=0
shrinkage=0.05


end of trees

feature_importances:
time_to_migrate_s=194
price_return_pre=132
n_buyers=112
top_holder_share=112
mcap_at_t_sol=112
net_flow_sol=93
sniper_buy_share=86
buy_sol=75
hour_sin=74
creator_prior_mints_24h=71
hour_of_day=65
hour_cos=52
n_sellers=45
buy_sell_ratio=40
n_bonding_trades=38
n_buys=38
n_sells=32
sell_sol=29

parameters:
[boosting: gbdt]
[objective: binary]
[metric: binary_logloss]
[tree_learner: serial]
[device_type: cpu]
[data_sample_strategy: bagging]
[data: ]
[valid: ]
[num_iterations: 100]
[learning_rate: 0.05]
[num_leaves: 15]
[num_threads: 1]
[seed: 1]
[deterministic: 1]
[force_col_wise: 0]
[force_row_wise: 1]
[histogram_pool_size: -1]
[max_depth: -1]
[min_data_in_leaf: 20]
[min_sum_hessian_in_leaf: 0.001]
[bagging_fraction: 0.9]
[pos_bagging_fraction: 1]
[neg_bagging_fraction: 1]
[bagging_freq: 1]
[bagging_seed: 18467]
[bagging_by_query: 0]
[feature_fraction: 0.9]
[feature_fraction_bynode: 1]
[feature_fraction_seed: 26500]
[extra_trees: 0]
[extra_seed: 15724]
[early_stopping_round: 0]
[early_stopping_min_delta: 0]
[first_metric_only: 0]
[max_delta_step: 0]
[lambda_l1: 0]
[lambda_l2: 0]
[linear_lambda: 0]
[min_gain_to_split: 0]
[drop_rate: 0.1]
[max_drop: 50]
[skip_drop: 0.5]
[xgboost_dart_mode: 0]
[uniform_drop: 0]
[drop_seed: 6334]
[top_rate: 0.2]
[other_rate: 0.1]
[min_data_per_group: 100]
[max_cat_threshold: 32]
[cat_l2: 10]
[cat_smooth: 10]
[max_cat_to_onehot: 4]
[top_k: 20]
[monotone_constraints: ]
[monotone_constraints_method: basic]
[monotone_penalty: 0]
[feature_contri: ]
[forcedsplits_filename: ]
[refit_decay_rate: 0.9]
[cegb_tradeoff: 1]
[cegb_penalty_split: 0]
[cegb_penalty_feature_lazy: ]
[cegb_penalty_feature_coupled: ]
[path_smooth: 0]
[interaction_constraints: ]
[verbosity: -1]
[saved_feature_importance_type: 0]
[use_quantized_grad: 0]
[num_grad_quant_bins: 4]
[quant_train_renew_leaf: 0]
[stochastic_rounding: 1]
[linear_tree: 0]
[max_bin: 255]
[max_bin_by_feature: ]
[min_data_in_bin: 3]
[bin_construct_sample_cnt: 200000]
[data_random_seed: 41]
[is_enable_sparse: 1]
[enable_bundle: 1]
[use_missing: 1]
[zero_as_missing: 0]
[feature_pre_filter: 1]
[pre_partition: 0]
[two_round: 0]
[header: 0]
[label_column: ]
[weight_column: ]
[group_column: ]
[ignore_column: ]
[categorical_feature: ]
[forcedbins_filename: ]
[precise_float_parser: 0]
[parser_config_file: ]
[objective_seed: 19169]
[num_class: 1]
[is_unbalance: 0]
[scale_pos_weight: 5.08645]
[sigmoid: 1]
[boost_from_average: 1]
[reg_sqrt: 0]
[alpha: 0.9]
[fair_c: 1]
[poisson_max_delta_step: 0.7]
[tweedie_variance_power: 1.5]
[lambdarank_truncation_level: 30]
[lambdarank_norm: 1]
[label_gain: ]
[lambdarank_position_bias_regularization: 0]
[eval_at: ]
[multi_error_top_k: 1]
[auc_mu_weights: ]
[num_machines: 1]
[local_listen_port: 12400]
[time_out: 120]
[machine_list_filename: ]
[machines: ]
[gpu_platform_id: -1]
[gpu_device_id: -1]
[gpu_device_id_list: ]
[gpu_use_dp: 0]
[num_gpu: 1]

end of parameters

pandas_categorical:null
