tree
version=v4
num_class=1
num_tree_per_iteration=1
label_index=0
max_feature_idx=17
objective=binary sigmoid:1
feature_names=time_to_migrate_s n_bonding_trades n_buys n_sells n_buyers n_sellers buy_sol sell_sol net_flow_sol buy_sell_ratio sniper_buy_share top_holder_share price_return_pre mcap_at_t_sol hour_of_day hour_sin hour_cos creator_prior_mints_24h
feature_infos=[0:113217] [0:14704] [0:9829] [0:6944] [0:1565] [0:1287] [0:1410.163529363] [0:1275.8986250329999] [-62.51376839400001:170.6554423739999] [0:87968322.030000001] [0:1] [0:1] [-0.99989990791431116:115.24313725118233] [0.0028095684115233446:3250.0411160628796] [0:23] [-1:1] [-1:1] [0:882]
tree_sizes=1669 1694 1707 1698 1703 1703 1710 1705 1720 1722 1734 1734 1727 1716 1719 1712 1718 1722 1719 1721 1712 1720 1728 1727 1718 1732 1719 1726 1715 1714 1722 1727 1705 1718 1727 1715 1719 1725 1708 1732 1719 1721 1722 1717 1721 1726 1725 1713 1727 1721 1714 1714 1700 1725 1729 1723 1724 1716 1732 1723 1737 1714 1725 1710 1724 1723 1725 1721 1733 1722 1731 1717 1724 1723 1715 1711 1720 1716 1719 1715 1728 1721 1729 1735 1716 1719 1724 1744 1727 1738 1729 1695 1721 1721 1735 1714 1728 1713 1722 1724

Tree=0
num_leaves=15
num_cat=0
split_feature=13 4 13 0 0 8 0 0 17 8 4 9 16 0
split_gain=7773.66 1103.8 353.053 111.053 129.409 87.6086 72.8475 60.7062 47.7382 66.4321 59.1669 67.2785 47.1496 45.5066
threshold=27.958993477632809 5.5000000000000009 7.5597044024900892 0.99950000000000017 1.0015000000000003 2.7034894360000004 0.99950000000000017 1.2095000000000002 1.0000000180025095e-35 85.005359595500011 625.50000000000011 1.3896387467753135 -0.9159756150367534 14.193500000000002
decision_type=2 2 2 2 2 2 2 2 2 2 2 2 2 2
left_child=2 3 -1 -2 -5 12 -3 -6 9 -8 -11 -12 -4 -10
right_child=1 6 5 4 7 -7 8 -9 13 10 11 -13 -14 -15
leaf_value=-1.683115936624294 -1.5921854163981233 -1.5060242694184942 -1.5719776807001096 -1.377003493926257 -1.6030849906331963 -1.450046905995841 -1.3828370425519141 -1.5087436000271275 -1.5549182770504271 -1.4025505619667691 -1.4562596089900144 -1.6864092788441596 -1.61729770116839 -1.4130483631945621
leaf_weight=231.66945558786392 56.681688219308853 15.508743986487387 66.67448602616787 16.439399570226669 21.365389406681061 8.6078765690326673 557.11388237774372 84.456456735730171 5.8024259358644477 87.802771672606468 28.730777367949486 3.5699348151683798 412.14648532867432 218.63305680453777
leaf_count=1675 327 68 363 38 127 30 1340 374 30 239 103 26 2544 632
internal_value=-1.50455 -1.42074 -1.6323 -1.53434 -1.50752 -1.60814 -1.39858 -1.52779 -1.39673 -1.39011 -1.42384 -1.4817 -1.61099 -1.41672
internal_weight=1815.2 1096.1 719.098 178.943 122.261 487.429 917.162 105.822 901.653 677.217 120.103 32.3007 478.821 224.435
internal_count=7916 3304 4612 866 539 2937 2438 501 2370 1708 368 129 2907 662
is_linear=0
shrinkage=1


Tree=1
num_leaves=15
num_cat=0
split_feature=12 12 0 0 4 0 10 16 12 15 16 1 2 15
split_gain=5873.45 497.128 261.186 160.041 57.9865 86.2902 63.8087 46.2742 38.2869 39.1882 31.5712 30.7301 30.5426 30.2712
threshold=0.01460708952406631 -0.54055632513247243 1.2655000000000001 0.99950000000000017 6.5000000000000009 1.0015000000000003 0.46011021279426306 -0.9159756150367534 13.63091204589619 0.78656609248549325 0.60355339059327384 66.500000000000014 14.500000000000002 0.25881904510252091
decision_type=2 2 2 2 2 2 2 2 2 2 2 2 2 2
left_child=1 -1 7 13 5 -5 11 -3 9 -7 -4 12 -6 -2
right_child=3 2 10 4 6 8 -8 -9 -10 -11 -12 -13 -14 -15
leaf_value=-0.052893146467645716 0.0008298803812706462 0.053290037001152812 0.1272561074942527 0.19572508586187803 0.22493032316369357 -0.0074049518572926205 0.21145521240573092 0.012679379253985344 0.15221914437782419 0.16085697643092145 0.057721575301799888 0.18384784499326562 0.11484337682620427 0.11296277367092776
leaf_weight=237.07895381748676 12.392561137676241 82.811279639601707 68.846242606639862 31.51255489885807 7.9633673876523963 14.182677954435354 232.10211507976055 458.61714072525501 10.686650171875952 4.5771385580301276 21.397707790136337 745.80941559374332 30.172465592622757 11.702091947197912
leaf_count=1765 73 432 254 66 13 83 431 2775 32 14 103 1746 106 47
internal_value=0.106045 0.00884529 0.0320169 0.182734 0.185585 0.13822 0.188427 0.0188908 0.07668 0.0336487 0.110769 0.181609 0.137831 0.0552897
internal_weight=1969.85 868.751 631.672 1101.1 1077.01 60.959 1016.05 541.428 29.4465 18.7598 90.244 783.945 38.1358 24.0947
internal_count=7940 5329 3564 2611 2491 195 2296 3207 129 97 357 1865 119 120
is_linear=0
shrinkage=0.05


Tree=2
num_leaves=15
num_cat=0
split_feature=12 12 0 0 11 4 11 8 0 17 16 12 6 4
split_gain=4404.85 476.312 168.875 110.937 78.7475 58.9534 67.1019 51.1962 47.5836 41.9822 36.1324 34.9905 33.1389 46.8091
threshold=0.01460708952406631 -0.73097753731019566 0.70250000000000001 0.76400000000000012 0.39065087066809284 5.5000000000000009 0.54180907846391346 2.1614247075000006 1.2655000000000001 1.0000000180025095e-35 -0.9159756150367534 13.695814078352688 209.02961892300002 555.50000000000011
decision_type=2 2 2 2 2 2 2 2 2 2 2 2 2 2
left_child=1 -1 10 -2 -4 6 -5 -6 -9 11 -3 -7 13 -13
right_child=3 2 4 5 7 9 -8 8 -10 -11 -12 12 -14 -15
leaf_value=-0.054125961716485121 -0.0098564981439779945 0.049262945095787575 0.20183136450327371 -0.02944852261712938 -0.024433355249120478 0.17058788879584258 0.13088046210518089 0.035828109893566377 0.098236500522950229 0.14309102839650231 0.011365103514250111 0.14258974481867492 0.15186558902587904 -0.063299488080866925
leaf_weight=217.10005159676075 9.8939325809478742 73.855984389781952 11.569974318146704 8.0798776745796186 14.045389667153357 714.30724294483662 33.935369893908501 47.520177945494652 85.491781488060951 271.96570062637329 423.73542740941048 7.3529064655303937 180.78789123892784 4.42008276283741
leaf_count=1688 58 371 26 51 90 1307 95 258 317 654 2553 17 398 27
internal_value=0.0959547 0.0100724 0.0313114 0.156896 0.0762352 0.158247 0.100048 0.0663537 0.0759403 0.160321 0.0169902 0.165489 0.146572 0.0652901
internal_weight=2104.06 873.319 656.219 1230.74 158.627 1220.85 42.0152 147.057 133.012 1178.83 497.591 906.868 192.561 11.773
internal_count=7910 5303 3615 2607 691 2549 146 665 575 2403 2924 1749 442 44
is_linear=0
shrinkage=0.05


Tree=3
num_leaves=15
num_cat=0
split_feature=12 13 0 2 11 16 0 0 12 10 4 0 16 0
split_gain=3486.18 422.252 155.623 86.1465 53.0083 34.801 33.8158 34.9944 31.5863 22.9839 21.3861 19.6819 27.0504 21.1881
threshold=1.0000000180025095e-35 15.253228729903539 1.2655000000000001 6.5000000000000009 0.5393543131360824 -0.78656609248549325 0.99950000000000017 1.0315000000000001 13.695645020319921 0.42036924032394768 29.500000000000004 0.73850000000000005 0.37940952255126048 0.7915000000000002
decision_type=2 2 2 2 2 2 2 2 2 2 2 2 2 2
left_child=1 -1 5 4 -2 -3 -6 -8 -9 10 -5 -7 13 -13
right_child=3 2 -4 9 6 11 7 8 -10 -11 -12 12 -14 -15
leaf_value=-0.05160090001537624 0.0099646559919016938 0.040807287036429357 0.087598355540834241 0.10498556244134288 0.0067743561153242801 0.0080673945793130319 0.14927921062119193 0.02590425312885386 0.15673024591442603 0.1517281770148044 0.13758378752661679 0.1783524893147159 -0.016311862976187821 0.055328739952097188
leaf_weight=222.72763933241367 17.591254383325577 129.76098024845123 94.107994809746742 53.29399935901165 7.3762532323598853 395.0468290746212 37.541716530919075 14.121482506394388 6.8525480926036826 295.17504100501537 899.61326472461224 4.255866318941119 11.426264867186545 19.703137144446373
leaf_count=1780 94 662 329 137 39 2379 65 63 13 480 1743 13 70 98
internal_value=0.0852663 0.00786264 0.0281044 0.136248 0.0870745 0.0181098 0.107661 0.120378 0.0686472 0.139537 0.135761 0.0112673 0.0469916 0.0771816
internal_weight=2208.59 877.029 654.301 1331.57 83.4833 560.193 65.892 58.5157 20.974 1248.08 952.907 430.432 35.3853 23.959
internal_count=7965 5331 3551 2634 274 3222 180 141 76 2360 1880 2560 181 111
is_linear=0
shrinkage=0.05


Tree=4
num_leaves=15
num_cat=0
split_feature=13 11 12 0 0 8 15 14 1 0 0 16 9 17
split_gain=2839.11 277.018 248.634 48.8207 41.4848 38.4718 31.2653 27.2132 21.7209 38.6822 33.1832 20.8101 19.4411 22.2609
threshold=27.958993477632809 0.99681048294243479 -0.73097753731019566 0.85350000000000004 1.2655000000000001 3.1271139420000003 -0.60355339059327362 4.5000000000000009 6.5000000000000009 1.0315000000000001 1.3235000000000003 0.78656609248549303 3.6568046675628554 3.5000000000000004
decision_type=2 2 2 2 2 2 2 2 2 2 2 2 2 2
left_child=2 3 -1 -2 11 6 -4 -8 9 -5 -11 -3 -10 -14
right_child=1 4 5 8 -6 -7 7 -9 12 10 -12 -13 13 -15
leaf_value=-0.052826861551621564 0.042777244619115029 0.03516383602156322 -0.0097021682076902701 0.12592157295933049 0.07769548870288559 0.1204557065018767 -0.00082097095227762142 0.028183937529361332 0.1207852997562219 -0.032124552335818783 0.084884329976132905 -0.060891862504689656 0.13852020587374164 0.098830785795144482
leaf_weight=199.43588365614414 19.217258855700493 73.603973433375359 130.80720990896225 48.253337830305099 87.305783554911613 8.2044927030801755 119.83662579953671 248.6857842952013 961.37412737309933 8.1492772698402423 23.626150771975517 6.1063534319400778 330.28834593296051 39.560713797807693
leaf_count=1672 86 372 821 95 292 21 735 1355 1775 46 75 42 479 96
internal_value=0.0779 0.11482 -0.00552477 0.121934 0.0538848 0.0130626 0.011298 0.0187521 0.123012 0.0977128 0.0548757 0.0278053 0.124533 0.134275
internal_weight=2304.46 1597.49 706.97 1430.47 167.016 507.534 499.33 368.522 1411.25 80.0288 31.7754 79.7103 1331.22 369.849
internal_count=7962 3358 4604 2652 706 2932 2911 2090 2566 216 121 414 2350 575
is_linear=0
shrinkage=0.05


Tree=5
num_leaves=15
num_cat=0
split_feature=12 12 0 0 3 9 2 0 0 17 0 10 12 0
split_gain=2272.79 364.56 106.53 60.1044 36.6148 36.6356 33.1722 38.4784 38.7556 25.9228 31.8702 21.9541 20.7353 20.1001
threshold=1.0000000180025095e-35 -0.73097753731019566 0.70250000000000001 0.81300000000000006 112.50000000000001 1.8599971969481282 6.5000000000000009 1.0315000000000001 1.3595000000000004 15.500000000000002 26.092000000000002 0.025647653995641419 13.599527203929263 1.2655000000000001
decision_type=2 2 2 2 2 2 2 2 2 2 2 2 2 2
left_child=1 -1 -3 -2 5 -4 7 -5 -9 -8 -11 -6 -10 -7
right_child=3 2 4 6 11 13 9 8 12 10 -12 -13 -14 -15
leaf_value=-0.05226747134518709 -0.00036987246524287069 0.013769353229601622 0.12236035742353951 0.10644033330102394 -0.061128527827753902 0.03210703939491974 0.11446759721012859 -0.062426278347100628 0.01321597664965992 -0.025571602312814003 0.095003133045711508 0.059921162972436194 0.10976814971143345 0.071223059549533368
leaf_weight=193.68465971946716 12.270494878292082 509.04682809114456 24.342603042721748 49.997837290167809 9.6251005828380567 54.186737969517708 1283.9635216891766 7.6320022195577648 9.8247751295566577 5.8231050521135321 93.119269922375679 6.1319380551576605 12.812066718935965 83.373917371034622
leaf_count=1688 65 2913 64 99 67 271 2103 49 45 25 193 25 28 270
internal_value=0.0718931 0.00831606 0.0254036 0.109829 0.0587388 0.0658201 0.110754 0.0795043 0.0350117 0.112567 0.0879069 -0.0140214 0.0678629 0.0558148
internal_weight=2355.83 880.392 686.707 1475.44 177.66 161.903 1463.17 80.2667 30.2688 1382.91 98.9424 15.757 22.6368 137.561
internal_count=7905 5298 3610 2607 697 605 2542 221 122 2321 218 92 73 541
is_linear=0
shrinkage=0.05


Tree=6
num_leaves=15
num_cat=0
split_feature=12 12 0 0 11 2 0 16 12 15 4 11 14 10
split_gain=1998.77 341.624 103.464 51.7088 38.3372 52.866 22.6058 21.4852 19.8534 19.6309 18.5156 40.4809 15.7108 15.5671
threshold=0.01460708952406631 -0.73097753731019566 0.70250000000000001 0.85350000000000004 0.39065087066809284 101.50000000000001 1.2655000000000001 -0.9159756150367534 13.515310161348266 0.91597561503675362 5.5000000000000009 0.5393543131360824 3.5000000000000004 0.42036924032394768
decision_type=2 2 2 2 2 2 2 2 2 2 2 2 2 2
left_child=1 -1 7 8 -4 6 12 -3 -2 -9 11 -5 -6 -12
right_child=3 2 4 10 5 -7 -8 9 -10 -11 13 -13 -14 -15
leaf_value=-0.053029057823371167 -0.062073033704238889 0.03544615250630679 0.13146839979174044 -0.029989538999016324 -0.06075482810049368 -0.033800189747547053 0.072192450117059936 0.002724158242803529 0.05169032901462204 0.031852496478396913 0.10048825624438906 0.091847354371425161 0.039793828984619979 0.11232117433955598
leaf_weight=185.73759088665247 5.4251553863286999 80.509675815701485 15.162839770317076 8.0335783362388593 4.2132603824138632 17.506055504083633 98.535785362124443 366.07268652319908 13.084475964307783 68.697652637958527 1105.2479603439569 45.042043000459671 49.857952773571014 371.33050751686096
leaf_count=1687 35 377 27 49 29 107 299 2182 51 371 1857 101 235 514
internal_value=0.0671367 0.00725835 0.0232423 0.101416 0.0552869 0.0484965 0.0579371 0.0117202 0.0183464 0.0073267 0.102421 0.073406 0.031959 0.103464
internal_weight=2434.46 886.293 700.556 1548.16 185.276 170.113 152.607 515.28 18.5096 434.77 1529.65 53.0756 54.0712 1476.58
internal_count=7921 5314 3627 2607 697 670 563 2930 86 2553 2521 150 264 2371
is_linear=0
shrinkage=0.05


Tree=7
num_leaves=15
num_cat=0
split_feature=12 12 0 16 0 6 8 1 6 6 5 0 10 10
split_gain=1629.86 324.248 92.9233 37.7076 33.1412 23.8737 19.4717 17.8706 38.4892 14.4489 16.692 18.0537 26.8825 13.9864
threshold=0.01460708952406631 -0.65241903286834568 1.2655000000000001 -0.9159756150367534 0.99950000000000017 85.005359063500023 84.76807398950001 219.50000000000003 112.10692639850002 85.005359060500012 46.500000000000007 37.081500000000005 0.17528932186113932 0.093948873259916313
decision_type=2 2 2 2 2 2 2 2 2 2 2 2 2 2
left_child=1 -1 3 -3 5 6 -2 -4 -9 13 -11 12 -12 -6
right_child=4 2 7 -5 9 -7 -8 8 -10 10 11 -13 -14 -15
leaf_value=-0.051226595681968773 0.065042662533525572 0.043487939339208928 0.069806364692929126 0.0094295634829489675 0.058465940048282733 0.099547780831385504 -0.040008553865364664 -0.039642361205526118 0.12632200427223902 0.1035552725013149 0.091765455481661679 0.092951933179080806 -0.020549420068313663 0.089449648772897863
leaf_weight=181.58747697621584 7.6812426149845185 97.916828662157059 110.01065410673618 477.96746312081814 51.089904069900513 10.498442918062208 10.360929653048514 10.938504986464979 5.1325838416814795 453.70852233469486 13.491017132997515 911.139952018857 8.8046199381351453 126.8758410513401
leaf_count=1705 26 431 311 2743 120 24 58 67 9 625 22 1467 30 237
internal_value=0.0627953 0.00832693 0.0237325 0.0152205 0.0929937 0.039599 0.00471577 0.0626116 0.0133613 0.0939674 0.0956881 0.0918642 0.0474119 0.0805549
internal_weight=2477.2 883.554 701.966 575.884 1593.65 28.5406 18.0422 126.082 16.0711 1565.11 1387.14 933.436 22.2956 177.966
internal_count=7875 5266 3561 3174 2609 108 84 387 76 2501 2144 1519 52 357
is_linear=0
shrinkage=0.05


Tree=8
num_leaves=15
num_cat=0
split_feature=13 12 2 8 16 8 0 15 5 17 8 4 9 1
split_gain=1445.17 202.173 147.782 42.0673 46.8911 27.2502 26.4157 20.6665 18.9452 16.5985 25.2335 22.5021 33.0239 15.8277
threshold=27.958993477632809 -0.73097753731019566 6.5000000000000009 84.964320424500031 0.78656609248549303 2.7034894360000004 0.70250000000000001 0.91597561503675362 11.500000000000002 1.0000000180025095e-35 85.005359372000001 625.50000000000011 1.3269060538396971 66.500000000000014
decision_type=2 2 2 2 2 2 2 2 2 2 2 2 2 2
left_child=1 -1 3 -2 6 7 -5 8 -3 10 -4 -12 -13 -11
right_child=2 5 9 4 -6 -7 -8 -9 -10 13 11 12 -14 -15
leaf_value=-0.050440391586629912 0.086057879728036524 0.0080412878923639929 0.09442920512378139 -0.001494581852857962 -0.026155598341939559 0.082848227765400406 0.053374813600066066 0.035467003990684053 -0.059807492707036447 0.050298352681099806 0.08429558028076721 0.064842448013005996 -0.043151732331910636 0.082146999869129766
leaf_weight=169.84923127293587 57.042112857103348 433.86561338603497 909.45294272899628 25.225000619888306 25.308327540755272 13.328408896923063 168.19291949272156 71.091946057975292 10.538496926426886 44.150193065404892 211.1599512398243 46.007776886224747 8.3661700636148435 335.05619268119335
leaf_count=1666 125 2450 1252 138 128 34 550 368 79 106 337 92 35 566
internal_value=0.0581931 -0.00298144 0.0815493 0.0478174 0.0378446 0.0122616 0.0462189 0.0104365 0.00643234 0.0875345 0.09047 0.0769096 0.0482261 0.0784389
internal_weight=2528.64 698.674 1829.96 275.768 218.726 528.824 193.418 515.496 444.404 1554.19 1174.99 265.534 54.3739 379.206
internal_count=7926 4597 3329 941 816 2931 688 2897 2529 2388 1716 464 127 672
is_linear=0
shrinkage=0.05


Tree=9
num_leaves=15
num_cat=0
split_feature=12 12 0 0 0 16 15 11 16 12 6 0 17 4
split_gain=1302.19 244.336 64.563 36.4159 20.4749 24.0309 20.8333 17.9996 19.8409 16.2154 30.5469 33.7316 26.9769 22.1334
threshold=0.01460708952406631 -0.54055632513247243 0.70250000000000001 0.99950000000000017 0.5375000000000002 -0.78656609248549325 0.91597561503675362 0.41887214383517846 0.91597561503675351 13.695814078352688 209.02961892300002 532.20900000000017 1.5000000000000002 9.5000000000000018
decision_type=2 2 2 2 2 2 2 2 2 2 2 2 2 2
left_child=1 -1 4 -2 5 -3 -7 -4 -9 12 11 -11 13 -5
right_child=3 2 7 9 -6 6 -8 8 -10 10 -12 -13 -14 -15
leaf_value=-0.048999425891820658 0.026356750994077822 0.02956819422587071 0.096055453638842242 0.068721289509059383 -0.061856367081304334 -0.0013441383465708013 0.028588263535154854 0.042398548186356771 -0.035920663592683866 -0.051936414475709174 0.073897739701826545 0.087306795528617309 0.068766667620705726 0.08937096836864164
leaf_weight=173.60460691899061 31.765671938657761 118.31821709871292 14.719489440321921 151.56510651111603 10.173403739929197 330.30333963036537 70.548112452030182 156.4612764492631 8.5273252725601179 10.374039843678476 277.52880452573299 7.489361807703971 273.07732935249805 902.24017244577408
leaf_count=1742 118 555 25 292 66 1970 361 548 45 43 462 11 499 1197
internal_value=0.0532056 0.00416564 0.0171826 0.079375 0.00839161 0.00976816 0.00392383 0.0430771 0.0383507 0.0804132 0.0698185 0.00644232 0.0827718 0.086401
internal_weight=2536.7 882.656 709.051 1654.04 529.343 519.17 400.851 179.708 164.989 1622.27 295.392 17.8634 1326.88 1053.81
internal_count=7934 5312 3570 2622 2952 2886 2331 618 593 2504 516 54 1988 1489
is_linear=0
shrinkage=0.05


Tree=10
num_leaves=15
num_cat=0
split_feature=13 12 4 8 0 0 15 15 6 16 16 15 17 16
split_gain=1144.71 176.959 113.848 26.49 22.9875 22.8305 21.6217 20.532 23.8973 20.3637 13.9756 16.2034 13.4559 29.6989
threshold=27.958993477632809 -0.65241903286834568 4.5000000000000009 2.7034894360000004 0.70250000000000001 0.85350000000000004 -0.60355339059327362 1.0000000180025095e-35 38.80893488200001 -0.78656609248549325 -0.60355339059327384 -0.9159756150367534 12.500000000000002 0.91597561503675351
decision_type=2 2 2 2 2 2 2 2 2 2 2 2 2 2
left_child=1 -1 4 9 -2 -4 -6 8 -8 -3 -11 -12 -7 -14
right_child=2 3 5 -5 6 12 7 -9 -10 10 11 -13 13 -15
leaf_value=-0.049672254789972461 -0.0094940328902667209 0.026391076426295325 0.018950863035095824 0.079104208148728539 0.064159307988986503 0.077348176317851153 0.094114488029690524 0.040382956011618315 -0.031920580923150248 -0.028988952505548241 -0.019449871355031428 0.0098135530300893573 0.068023294971102696 -0.016111558015287738
leaf_weight=163.81685938686132 24.352549612522125 116.36880345642567 17.723336786031723 13.430868953466414 69.642414227128029 1501.1096656173468 4.5513841509819057 87.972434535622597 21.658409968018532 32.141744628548622 55.730698183178902 312.842888250947 119.55280615389347 11.497601255774496
leaf_count=1728 139 541 73 31 194 2221 9 297 107 206 352 1777 210 36
internal_value=0.0505285 -0.00424758 0.0709975 0.00977904 0.0361547 0.0753939 0.0422022 0.02881 -0.0100343 0.00797837 0.00263127 0.00538873 0.0760068 0.0606418
internal_weight=2552.39 694.332 1858.06 530.515 208.177 1649.88 183.825 114.182 26.2098 517.084 400.715 368.574 1632.16 131.05
internal_count=7921 4635 3286 2907 746 2540 607 413 116 2876 2335 2129 2467 246
is_linear=0
shrinkage=0.05


Tree=11
num_leaves=15
num_cat=0
split_feature=8 13 4 5 0 16 12 0 0 15 16 15 0 17
split_gain=990.344 174.02 103.025 29.7011 26.2575 26.1671 20.5736 28.1518 20.4128 17.8529 17.5931 14.4332 14.0619 13.8873
threshold=2.1614247075000006 27.952914903533649 4.5000000000000009 52.500000000000007 0.99950000000000017 0.60355339059327384 1.0000000180025095e-35 0.70250000000000001 0.70250000000000001 -0.60355339059327362 -0.9159756150367534 0.91597561503675362 0.57750000000000001 1.0000000180025095e-35
decision_type=2 2 2 2 2 2 2 2 2 2 2 2 2 2
left_child=1 -1 5 6 -4 8 7 10 12 -7 -3 -12 -2 -6
right_child=2 3 4 -5 13 9 -8 -9 -10 -11 11 -13 -14 -15
leaf_value=-0.04938928522495447 0.023919204263081958 0.02961684584083556 0.021821349085925534 0.09719357773083602 0.074023987808393601 0.058030981664449637 -0.08068595819270484 0.083462378674525189 0.047594790170302284 -0.027574702494449984 -0.00016779150740797038 0.024563075366032881 -0.061078297559742124 0.063269575278537868
leaf_weight=158.92507412284613 14.804891124367716 78.433252617716789 27.152691438794136 9.625761538743971 1229.7548988461494 7.9687205702066413 6.3784916996955863 12.608950629830359 145.89747126400471 25.837782129645348 360.98578369617462 70.521422266960144 7.2483636587858191 397.11822679638863
leaf_count=1719 75 333 97 11 1755 24 28 23 448 128 2129 354 49 692
internal_value=0.0473799 -0.00341418 0.0664704 0.0101529 0.070585 0.032739 0.00856887 0.00965836 0.0408177 -0.00739611 0.00783346 0.00387399 -0.00401739 0.0713988
internal_weight=2553.26 697.479 1855.78 538.554 1654.03 201.757 528.928 522.549 167.951 33.8065 509.94 431.507 22.0533 1626.87
internal_count=7865 4597 3268 2878 2544 724 2867 2839 572 152 2816 2483 124 2447
is_linear=0
shrinkage=0.05


Tree=12
num_leaves=15
num_cat=0
split_feature=13 12 11 0 8 12 0 14 15 14 14 11 9 12
split_gain=865.283 167.116 95.0444 34.9339 30.8327 22.345 18.0521 17.5962 17.7968 17.5426 17.8302 15.6778 24.7221 37.8946
threshold=27.958993477632809 -0.54055632513247243 0.94523752430584207 0.76400000000000012 2.7034894360000004 13.695814013182984 1.2655000000000001 4.5000000000000009 -0.60355339059327362 19.500000000000004 3.5000000000000004 0.5393543131360824 86.849402375405916 13.678974981495658
decision_type=2 2 2 2 2 2 2 2 2 2 2 2 2 2
left_child=1 -1 3 -2 7 6 9 -3 -9 10 -4 12 -5 -14
right_child=2 4 5 11 -6 -7 -8 8 -10 -11 -12 -13 13 -15
leaf_value=-0.048786289327387496 -0.020747758501507528 -0.0084216246768342769 -0.06106479750079296 0.066805351761487566 0.082968895359488079 -0.057558085680784826 0.047611722677705796 -0.0015054314875781213 0.021121146717314174 -0.062538306547282069 0.030249035359568317 0.076442022939415988 -0.010500558324100739 0.060585621311922314
leaf_weight=152.6430796533823 11.280027061700819 116.78583674877882 5.7223278805613509 1222.6094786971807 14.337074697017668 6.7201499640941611 122.86264418065548 129.50313174724579 264.19896773248911 6.2412794679403296 81.275252014398575 382.59809595346451 26.545474261045456 63.821335509419441
leaf_count=1728 56 707 40 1815 27 23 311 786 1302 40 332 515 98 106
internal_value=0.0458752 -0.00273911 0.0629427 0.066952 0.0106535 0.0322305 0.0350227 0.00862254 0.0136784 0.0184338 0.0242428 0.0675354 0.0649401 0.0397039
internal_weight=2607.14 677.468 1929.68 1706.85 524.825 222.822 216.102 510.488 393.702 93.2389 86.9976 1695.57 1312.98 90.3668
internal_count=7886 4550 3336 2590 2822 746 723 2795 2088 412 372 2534 2019 204
is_linear=0
shrinkage=0.05


Tree=13
num_leaves=15
num_cat=0
split_feature=12 12 0 4 0 0 10 15 12 16 4 0 15 4
split_gain=779.235 190.268 35.5805 25.7871 26.4335 28.6049 23.1241 20.656 18.6757 15.5329 15.5229 13.5081 13.0486 11.9713
threshold=0.01460708952406631 -0.73097753731019566 1.2095000000000002 8.5000000000000018 0.76400000000000012 1.0315000000000001 0.48035421019805064 0.60355339059327384 13.318600096416366 -0.9159756150367534 29.500000000000004 1.9240000000000002 0.60355339059327384 4.5000000000000009
decision_type=2 2 2 2 2 2 2 2 2 2 2 2 2 2
left_child=1 -1 9 4 -2 -6 10 8 13 -3 -5 12 -4 -7
right_child=3 2 11 6 5 7 -8 -9 -10 -11 -12 -13 -14 -15
leaf_value=-0.047815017394826374 -0.036893519005891252 0.027621695181909253 0.068810799879708368 0.036505621116986679 0.066546827167973818 0.017238956386071206 0.077484566841860184 0.05990602038772494 0.027999303823208699 0.0063705160784660866 0.063322162750973646 0.024474292316719312 0.017259618461814934 -0.074078395562371835
leaf_weight=141.13240302354097 9.2884096503257734 104.09577676653862 46.020015940070152 56.523730263113976 102.81559903919697 5.7076282799243918 304.05354335904121 26.874676957726479 28.957418873906136 494.23954336345196 1191.8788002729416 84.973341971635818 16.740416079759598 9.6689520925283414
leaf_count=1685 51 428 105 116 166 20 354 45 72 2749 1762 292 53 48
internal_value=0.0435416 0.00542254 0.0154934 0.0630254 0.0452901 0.0496766 0.0651195 0.0253182 0.00435153 0.0100677 0.062108 0.0374679 0.0550603 -0.0401823
internal_weight=2622.97 887.201 746.069 1735.77 183.313 174.024 1552.46 71.2087 44.334 598.335 1248.4 147.734 62.7604 15.3766
internal_count=7946 5312 3627 2634 402 351 2232 185 140 3177 1878 450 158 68
is_linear=0
shrinkage=0.05


Tree=14
num_leaves=15
num_cat=0
split_feature=13 12 2 0 8 16 8 11 12 10 14 11 4 14
split_gain=665.09 150.668 87.0561 16.5629 16.0172 15.1877 22.4248 15.0308 26.1368 18.0164 14.5546 12.609 12.1255 11.8788
threshold=27.958993477632809 -0.73097753731019566 6.5000000000000009 0.70250000000000001 2.7034894360000004 0.78656609248549303 84.148826509500026 0.94523752430584207 7.9173349174294367 0.48035421019805064 13.500000000000002 0.39065087066809284 8.5000000000000018 21.500000000000004
decision_type=2 2 2 2 2 2 2 2 2 2 2 2 2 2
left_child=1 -1 3 10 11 -5 -7 9 -9 -4 -2 -3 -11 -8
right_child=2 4 7 5 -6 6 13 8 -10 12 -12 -13 -14 -15
leaf_value=-0.047352940269041556 0.017979365498184918 0.010982253680477472 0.059281454552485693 0.040696896354833645 0.059747339539621851 0.071219590458381304 0.0049327764286960264 0.064268553126355932 -0.043594131901523128 0.052569046834741631 -0.060812149835437583 -0.039553199232581465 0.076591568854755196 -0.067719004726249157
leaf_weight=136.81354860961437 22.111287698149685 520.2928030192852 1255.4436412602663 238.10804516077042 16.53812263906002 9.4330555945634824 17.054380126297477 14.270662680268289 9.2610198706388456 64.478923887014389 7.9751462042331687 12.643195837736128 283.4464558660984 8.3961851149797422
leaf_count=1699 111 2794 1878 651 36 15 71 21 29 109 55 96 318 47
internal_value=0.041873 -0.000402901 0.056906 0.0323025 0.0112872 0.0361829 0.00537107 0.0614894 0.0218186 0.0620716 -0.00290626 0.00978337 0.0721396 -0.0190352
internal_weight=2616.27 686.288 1929.98 303.078 549.474 272.992 34.8836 1626.9 23.5317 1603.37 30.0864 532.936 347.925 25.4506
internal_count=7930 4625 3305 950 2926 784 133 2355 50 2305 166 2890 427 118
is_linear=0
shrinkage=0.05


Tree=15
num_leaves=15
num_cat=0
split_feature=12 12 4 0 15 0 0 10 14 4 7 6 7 3
split_gain=636.37 175.802 28.7974 24.2897 19.3511 23.7516 24.58 17.4365 16.371 15.4444 53.7029 19.6609 16.4574 26.3152
threshold=0.01460708952406631 -0.73097753731019566 6.5000000000000009 1.3235000000000003 0.25881904510252091 0.99950000000000017 1.0315000000000001 0.0027296459923915194 4.5000000000000009 352.50000000000006 105.87724728500001 125.15219499700002 236.86487928700004 490.00000000000006
decision_type=2 2 2 2 2 2 2 2 2 2 2 2 2 2
left_child=1 -1 4 8 5 -2 -7 -4 -3 -9 11 -11 13 -12
right_child=2 3 7 -5 -6 6 -8 9 -10 10 12 -13 -14 -15
leaf_value=-0.050607188397290406 -0.065915975617779038 -0.007354140671740797 0.041893406110371567 0.032262094390212777 0.053919245342980517 0.061596247201765167 -0.011435930974658257 0.063388125033126838 0.012727902052213712 0.030884929514213816 0.049769473407876096 -0.087562968483054449 0.060153054661334616 -0.012545326411451242
leaf_weight=128.45998170226812 8.6745900213718397 128.08942774683237 158.451760455966 131.01925547420979 46.207763612270355 22.540315136313438 23.566864728927612 893.70351414382458 488.59227930754423 5.7338102757930747 96.403098687529564 9.0062349289655668 397.92617778480053 20.554233729839325
leaf_count=1667 51 764 281 396 92 35 87 1199 2440 11 153 38 567 54
internal_value=0.0379825 0.00342714 0.0559744 0.0127106 0.0300881 0.00998682 0.0242671 0.0576271 0.00855671 0.0593786 0.0526129 -0.0414873 0.0553068 0.0388182
internal_weight=2558.93 876.161 1682.77 747.701 100.99 54.7818 46.1072 1581.78 616.682 1423.33 529.624 14.74 514.884 116.957
internal_count=7835 5267 2568 3600 265 173 122 2303 3204 2022 823 49 774 207
is_linear=0
shrinkage=0.05


Tree=16
num_leaves=15
num_cat=0
split_feature=12 12 0 4 2 11 17 8 4 5 2 14 0 15
split_gain=561.009 156.2 29.2111 18.4556 15.9168 25.2642 12.739 23.6426 20.7543 25.9357 21.6223 19.8514 18.1637 15.7985
threshold=0.01460708952406631 -0.73097753731019566 1.2655000000000001 4.5000000000000009 101.50000000000001 0.47590304447115811 1.0000000180025095e-35 85.005359372000001 625.50000000000011 434.00000000000006 1003.5000000000001 1.0000000180025095e-35 0.99950000000000017 0.25881904510252091
decision_type=2 2 2 2 2 2 2 2 2 2 2 2 2 2
left_child=1 -1 -3 -2 -4 -6 7 12 -9 10 -10 -8 13 -5
right_child=3 2 4 6 5 -7 11 8 9 -11 -12 -13 -14 -15
leaf_value=-0.046272484432964008 0.0036904789507603412 0.0090035738218291732 0.040615191204764423 -0.017054954969525787 0.082738309804178539 -0.036565546843371148 -0.015640291592697139 0.051083484572563259 0.021275586442192108 0.039475969059627351 -0.089924751432392272 0.048839276377632843 0.061703188930359469 0.055227077295764739
leaf_weight=126.08087472617626 17.999538891017437 623.95650424063206 125.953010417521 13.800984703004362 6.0448391959071186 16.688076883554459 12.306286022067068 218.46057753264904 8.8811607658863085 40.212211161851883 8.6090508401393873 397.56693284213543 989.20182441174984 16.715632408857346
leaf_count=1699 58 3233 315 61 14 102 33 333 20 71 36 646 1320 38
internal_value=0.0373566 0.005329 0.0137494 0.054055 0.0336652 -0.00484183 0.0545864 0.0570165 0.044039 0.0173684 -0.0334596 0.0469033 0.0605311 0.0225379
internal_weight=2622.48 898.723 772.642 1723.75 148.686 22.7329 1705.75 1295.88 276.163 57.7024 17.4902 409.873 1019.72 30.5166
internal_count=7979 5363 3664 2616 431 116 2558 1879 460 127 56 679 1419 99
is_linear=0
shrinkage=0.05


Tree=17
num_leaves=15
num_cat=0
split_feature=13 12 11 9 12 0 0 16 7 0 17 12 7 16
split_gain=476.682 117.777 62.4191 13.4385 15.9542 13.3484 13.4599 21.2582 12.9398 12.8672 11.9245 16.1911 29.199 14.79
threshold=27.958993477632809 -0.73097753731019566 0.99681048294243479 1.1253134187847322 -0.14940380132856937 23.922000000000004 1.3595000000000004 0.60355339059327384 10.687598290500002 0.99950000000000017 1.0000000180025095e-35 13.695814078352688 108.05694260650002 0.98296291314453421
decision_type=2 2 2 2 2 2 2 2 2 2 2 2 2 2
left_child=1 -1 9 4 -3 6 7 -4 -5 -2 11 -11 -13 -12
right_child=2 3 5 8 -6 -7 -8 -9 -10 10 13 12 -14 -15
leaf_value=-0.04565014538970396 0.022520155915992473 -0.061650454601126996 0.018614409222269902 0.0063167760663983413 0.0085080645687296338 -0.049348160919566592 0.038406576249638696 -0.06269086891992183 0.08599495322707762 0.05714215125850735 0.046022362013527641 -0.039079702020809633 0.046575309899214018 -0.010817228550621255
leaf_weight=119.76215187460184 38.387878336012363 8.2276773899793607 96.045222744345665 9.5753668770194071 535.47295440733433 6.4320544749498358 87.080265834927559 8.7739436477422696 10.891352228820322 992.64130006730556 397.3998150229454 10.354563906788824 254.34595815837383 11.784126952290533
leaf_count=1678 125 64 376 43 2829 23 216 59 24 1368 651 36 400 31
internal_value=0.0351862 -0.000616254 0.0480518 0.0089436 0.00744637 0.0215035 0.0238783 0.0118087 0.0487175 0.0511402 0.0517994 0.0542122 0.0432247 0.0443854
internal_weight=2587.17 683.93 1903.25 564.167 543.701 198.331 191.899 104.819 20.4667 1704.91 1666.53 1257.34 264.701 409.184
internal_count=7923 4638 3285 2960 2893 674 651 435 67 2611 2486 1804 436 682
is_linear=0
shrinkage=0.05


Tree=18
num_leaves=15
num_cat=0
split_feature=12 12 0 11 0 3 6 15 17 8 16 17 14 12
split_gain=474.293 131.702 22.9711 19.1859 17.3513 15.9304 20.0985 13.2144 13.1711 14.299 41.0298 15.3956 14.9322 13.0433
threshold=0.01460708952406631 -0.73097753731019566 0.70250000000000001 0.39065087066809284 0.85350000000000004 112.50000000000001 98.790105035000025 0.91597561503675362 1.0000000180025095e-35 85.00535910950002 0.91597561503675351 10.500000000000002 20.500000000000004 13.515310161348266
decision_type=2 2 2 2 2 2 2 2 2 2 2 2 2 2
left_child=1 -1 7 -4 13 -5 -7 -3 -6 10 12 -12 -10 -2
right_child=4 2 3 5 8 6 -8 -9 9 -11 11 -13 -14 -15
leaf_value=-0.045151614873138124 -0.064308478139292566 0.0034328428843940512 0.074499954477042982 0.02499019656074503 0.052758180266870326 -0.062616576700239526 0.082386805630026871 0.025349669558121492 0.045931675802330381 0.053380512927543179 -0.0035431054517113363 -0.095425006606642118 0.0054799381916786748 0.027304557382115874
leaf_weight=115.48974961042404 5.2256142795085934 473.09731341153383 18.422949850559235 190.59668075293303 1267.9034077227116 10.795986279845236 3.0690602809190741 80.473966121673584 192.35852243006229 174.65903799235821 15.501346156001093 6.4586285799741736 25.883004993200302 15.146544411778448
leaf_count=1682 32 2554 28 597 1814 83 6 374 311 256 38 26 59 50
internal_value=0.0342036 0.0046661 0.012076 0.0256294 0.0496726 0.0212259 -0.0305197 0.00661894 0.0502278 0.0424946 0.0345791 -0.0305664 0.0411342 0.00380511
internal_weight=2595.08 891.946 776.456 222.885 1703.14 204.462 13.865 553.571 1682.76 414.861 240.202 21.96 218.242 20.3722
internal_count=7910 5324 3642 714 2586 686 89 2928 2504 690 434 64 370 82
is_linear=0
shrinkage=0.05


Tree=19
num_leaves=15
num_cat=0
split_feature=12 12 4 11 10 15 15 17 0 11 1 11 11 11
split_gain=442.099 118.001 17.9185 29.5515 22.562 16.6248 28.6881 16.1015 20.1454 14.8249 19.8394 13.7451 12.5765 11.0868
threshold=0.01460708952406631 -0.73097753731019566 8.5000000000000018 0.40173772504239447 0.48035421019805064 -0.37940952255126059 -0.70710678118654735 30.500000000000004 1.2095000000000002 0.39065087066809284 219.50000000000003 0.57295446215551193 0.9133760355187952 0.03971067036301254
decision_type=2 2 2 2 2 2 2 2 2 2 2 2 2 2
left_child=1 -1 3 -2 13 6 11 8 -3 -10 -11 -5 -6 -4
right_child=2 7 4 5 12 -7 -8 -9 9 10 -12 -13 -14 -15
leaf_value=-0.044651907258706852 -0.051111272236588394 0.0071214656366003631 0.054602789199218661 -0.0030812931246062764 0.063699011286035293 0.046421108870526098 -0.063397915900613347 -0.068831761743669964 0.078676394147641687 0.028371306811298888 -0.043716371293143846 0.060168584859379273 0.019120167584131532 0.043217310214613086
leaf_weight=111.3782062381506 10.075369551777838 623.62560641765594 276.06993308663368 15.30561802536249 279.03735701739788 124.71943137049675 10.067633867263792 6.3625118285417548 13.015968278050421 122.76676032692194 10.348903790116308 19.574849367141724 16.772336378693581 948.21930769085884
leaf_count=1686 48 3197 378 42 323 222 42 43 17 327 67 33 32 1485
internal_value=0.0320794 0.00347564 0.0470137 0.0320848 0.0487789 0.0370252 0.010954 0.0103823 0.011037 0.0277468 0.0227669 0.0324144 0.0611714 0.0457847
internal_weight=2587.34 887.498 1699.84 179.743 1520.1 169.668 44.9481 776.12 769.757 146.132 133.116 34.8805 295.81 1224.29
internal_count=7942 5337 2605 387 2218 339 117 3651 3608 411 394 75 355 1863
is_linear=0
shrinkage=0.05


Tree=20
num_leaves=15
num_cat=0
split_feature=13 13 4 14 15 8 5 17 11 0 9 4 7 0
split_gain=360.332 97.5826 50.5067 23.6485 20.5612 17.7161 17.698 24.1401 19.8232 17.2111 15.9082 31.3306 25.6524 16.0947
threshold=27.958993477632809 7.5597044024900892 8.5000000000000018 21.500000000000004 -0.60355339059327362 84.148826509500026 46.500000000000007 12.500000000000002 0.94523752430584207 0.70250000000000001 1.263010249572434 757.50000000000011 282.17614693900003 37.081500000000005
decision_type=2 2 2 2 2 2 2 2 2 2 2 2 2 2
left_child=1 -1 3 9 -3 -5 7 8 -4 -2 -8 13 -13 -12
right_child=2 4 6 5 -6 -7 10 -9 -10 -11 11 12 -14 -15
leaf_value=-0.044181883955232815 -0.0068703987771715994 -0.0088767972440680406 0.05896582226343048 0.041283034945356983 0.013224094723849328 -0.071190353655108271 0.049948325080869389 0.019726618383049933 0.0015511364164879091 0.031764970794696902 -0.0065341999944511248 -0.091701562483976151 0.038909834321698471 0.040442692016719149
leaf_weight=107.78882762044668 31.389256745576859 139.97492023557425 454.09507589042187 5.2421208024024954 424.05173995345831 10.541910067200659 401.31208337843418 47.683252826333046 15.548555225133894 352.93492691218853 18.837810963392258 8.4667778462171537 6.7613614797592154 567.72203567624092
leaf_count=1696 164 827 563 10 2099 60 570 98 35 861 44 36 11 892
internal_value=0.030927 -0.000591148 0.0419522 0.026146 0.0077393 -0.0338362 0.0461117 0.0536234 0.057065 0.0286095 0.0422377 0.0370958 -0.0337095 0.038934
internal_weight=2592.35 671.815 1920.54 400.108 564.027 15.784 1520.43 517.327 469.644 384.324 1003.1 601.788 15.2281 586.56
internal_count=7966 4622 3344 1095 2926 70 2249 696 598 1025 1553 983 47 936
is_linear=0
shrinkage=0.05


Tree=21
num_leaves=15
num_cat=0
split_feature=12 12 10 7 17 4 8 8 4 11 12 2 10 12
split_gain=410.802 92.5498 16.2241 16.7747 15.9496 22.2112 26.6573 19.9052 39.1121 17.7988 19.3162 15.7253 14.152 13.602
threshold=0.01460708952406631 -0.73097753731019566 0.025647653995641419 11.321706249500002 1.0000000180025095e-35 8.5000000000000018 85.005359563000013 85.005362194999989 710.00000000000011 0.52684739827572957 11.916242897053264 104.50000000000001 0.021353112623515701 13.695814243577054
decision_type=2 2 2 2 2 2 2 2 2 2 2 2 2 2
left_child=1 -1 11 -4 5 9 -7 8 -8 10 -2 -3 -6 -10
right_child=4 2 3 -5 12 6 7 -9 13 -11 -12 -13 -14 -15
leaf_value=-0.04358245379203278 0.079212851514532626 0.0037996721990777209 0.015371919008843691 0.071838370407955848 0.020816154981122645 0.052277960491339065 0.03330151270886126 0.059257520178529866 -0.077017328708963287 0.034854603692248742 -0.041194545023223929 -0.063016431039544143 0.040883985587122765 0.0060519083192910675
leaf_weight=102.95340901240706 4.2331971824169186 584.7521498054266 173.96690330654383 14.22835837304592 129.92893254756927 885.54124456644058 148.2530765235424 54.259091824293137 11.386282950639727 149.38922274112701 15.626138754189013 8.9405972063541395 271.28789082169533 8.6879872381687147
leaf_count=1683 6 2948 617 30 255 1172 250 68 44 288 77 72 433 19
internal_value=0.0285494 0.000980794 0.00684856 0.019641 0.0430817 0.0458132 0.0483899 0.0329218 0.0244327 0.0289427 -0.0155286 0.00279347 0.0343853 -0.0410656
internal_weight=2563.43 884.841 781.888 188.195 1678.59 1277.38 1108.13 222.586 168.327 169.249 19.8593 593.693 401.217 20.0743
internal_count=7962 5350 3667 647 2612 1924 1553 381 313 371 83 3020 688 63
is_linear=0
shrinkage=0.05


Tree=22
num_leaves=15
num_cat=0
split_feature=12 12 0 16 0 15 1 0 17 8 4 7 16 10
split_gain=299.873 101.861 16.1166 15.5938 13.1366 13.6337 11.8273 10.446 9.78385 19.6263 25.8841 15.2265 12.6202 14.1488
threshold=0.01460708952406631 -0.73097753731019566 1.2655000000000001 0.37940952255126048 0.99950000000000017 0.25881904510252091 6.5000000000000009 0.45150000000000007 1.0000000180025095e-35 85.005359372000001 625.50000000000011 260.14146603450007 0.98296291314453421 0.025913949614690211
decision_type=2 2 2 2 2 2 2 2 2 2 2 2 2 2
left_child=1 -1 3 -3 5 6 -2 -5 9 -6 -11 -12 13 -10
right_child=4 2 -4 7 8 -7 -8 -9 12 10 11 -13 -14 -15
leaf_value=-0.042972927472079404 -0.066272220486654682 0.013140954611380646 0.025603350107301588 -0.00046395501357505883 0.047347352894577109 0.039517493382600348 0.021421748317782485 -0.045024789286465139 0.023878168472627349 0.039809914988390184 -0.058557368656016219 0.01284436805165202 -0.011571199867700558 0.043651014703001534
leaf_weight=98.354849137365818 8.0709454864263517 419.3868210464716 152.21114276349545 204.63078950345516 939.87655693292618 18.067968517541885 7.3430261164903632 14.055143423378466 139.83634831011295 211.00216992199421 8.9685847461223585 44.584501549601555 14.037020593881605 256.29326099157333
leaf_count=1670 49 1964 428 1157 1335 43 20 87 264 325 35 91 36 390
internal_value=0.0284235 0.00501204 0.010984 0.0074966 0.0410469 0.0100479 -0.0244959 -0.00332792 0.0416897 0.0439611 0.0319308 0.000886653 0.0350201 0.0366711
internal_weight=2536.72 888.639 790.284 638.073 1648.08 33.4819 15.414 218.686 1614.6 1204.43 264.555 53.5531 410.167 396.13
internal_count=7894 5306 3636 3208 2588 112 69 1244 2476 1786 451 126 690 654
is_linear=0
shrinkage=0.05


Tree=23
num_leaves=15
num_cat=0
split_feature=12 12 4 0 0 11 0 15 16 17 1 8 11 4
split_gain=310.468 95.3186 19.2363 20.4391 16.9747 15.8526 14.6929 18.859 14.053 13.9099 20.0376 15.3833 17.0165 14.7026
threshold=0.01460708952406631 -0.65241903286834568 6.5000000000000009 1.0315000000000001 0.70250000000000001 0.081009467978800168 0.99950000000000017 1.0000000180025095e-35 0.78656609248549303 1.0000000180025095e-35 66.500000000000014 85.005359595500011 0.96163105425419315 625.50000000000011
decision_type=2 2 2 2 2 2 2 2 2 2 2 2 2 2
left_child=1 -1 3 6 -3 -6 7 -2 -5 11 -11 12 -4 -13
right_child=2 4 9 8 5 -7 -8 -9 -10 10 -12 13 -14 -15
leaf_value=-0.043178425601125323 -0.065248614509243838 0.0039973988065791109 0.047112904202669947 0.004224979081501822 0.06720652794404347 0.016490598618554713 0.049517996862475183 0.044755719208599831 -0.07458145835666101 0.000571775889827126 0.036584809717594861 0.039374564987536192 -0.005980323024871257 0.0097758546729119142
leaf_weight=100.33413865417242 7.2304132282733908 571.46401330828667 925.43842449784279 35.007206976413727 16.664261147379875 204.41757517307997 49.880714192986488 8.4490566849708539 6.7473363578319541 43.344262912869453 354.72901795804501 154.63630896806717 15.341693654656408 57.577066794037819
leaf_count=1743 45 2970 1280 96 23 647 72 25 33 101 573 238 35 126
internal_value=0.0265071 0.00273611 0.0393055 0.0188328 0.00854876 0.0203134 0.036247 -0.00597156 -0.00850977 0.0407219 0.0326635 0.0435041 0.0462471 0.0313439
internal_weight=2551.26 892.88 1658.38 107.315 792.546 221.082 65.5602 15.6795 41.7545 1551.07 398.073 1152.99 940.78 212.213
internal_count=8007 5383 2624 271 3640 670 142 70 129 2353 674 1679 1315 364
is_linear=0
shrinkage=0.05


Tree=24
num_leaves=15
num_cat=0
split_feature=12 12 0 6 3 0 16 10 16 0 14 0 7 15
split_gain=264.566 94.5736 14.932 11.9623 14.0625 13.9043 9.46274 16.4146 8.79704 15.9251 8.44644 23.2983 9.76075 8.14
threshold=0.01460708952406631 -0.73097753731019566 0.99950000000000017 112.10692639850002 152.50000000000003 1.2655000000000001 -0.78656609248549325 0.338148943134637 -0.9159756150367534 0.88650000000000018 4.5000000000000009 6.0060000000000011 10.687598290500002 0.91597561503675362
decision_type=2 2 2 2 2 2 2 2 2 2 2 2 2 2
left_child=1 -1 -2 4 5 8 7 -7 9 -3 11 -8 -12 -10
right_child=2 3 -4 -5 -6 6 10 -9 13 -11 12 -13 -14 -15
leaf_value=-0.044683116785200365 0.003866079301514331 0.024465591851025065 0.038294351067238191 0.084088337163529481 -0.061034927458494953 -0.075172652419191049 0.030435056417637069 0.022217241770837892 0.00066251302710001005 -0.045408146780510319 0.030312261534255799 -0.079929564014691271 0.078577187986922342 0.017148837205953029
leaf_weight=91.273307967931032 32.135863997042179 102.71343305706978 1576.8502055630088 5.2797855436801902 7.1889575570821753 6.2249915376305589 20.820814296603206 14.186833798885345 439.55562981963158 8.8576271235942823 74.459400944411755 6.2076668888330451 12.190078273415564 90.243107125163078
leaf_count=1676 112 391 2462 7 62 32 53 34 2383 38 177 29 23 401
internal_value=0.0255546 0.0034986 0.0376067 0.00907995 0.00857394 0.00921925 0.023862 -0.00748374 0.00615793 0.0189183 0.0294903 0.00508747 0.0371023 0.00347071
internal_weight=2488.19 879.202 1608.99 787.928 782.649 775.46 134.09 20.4118 641.37 111.571 113.678 27.0285 86.6495 529.799
internal_count=7880 5306 2574 3630 3623 3561 348 66 3213 429 282 82 200 2784
is_linear=0
shrinkage=0.05


Tree=25
num_leaves=15
num_cat=0
split_feature=12 12 2 15 10 16 11 14 11 13 14 6 11 4
split_gain=237.338 77.8303 17.9905 16.5673 15.6486 14.5438 12.398 11.8466 11.6628 11.0948 11.8707 11.0744 10.726 10.0707
threshold=0.01460708952406631 -0.73097753731019566 6.5000000000000009 0.98296291314453421 0.48035421019805064 0.37940952255126048 0.5393543131360824 11.500000000000002 0.96163105425419315 27.958993477632809 14.500000000000002 580.44748821600012 0.50414792775970341 969.00000000000011
decision_type=2 2 2 2 2 2 2 2 2 2 2 2 2 2
left_child=1 -1 3 6 11 7 -2 -3 -6 -9 12 13 -11 -4
right_child=2 5 4 -5 8 -7 -8 9 -10 10 -12 -13 -14 -15
leaf_value=-0.041244258404090114 -0.025457710212441892 0.021316955953630878 0.033579625873768372 0.080395264197569621 0.04880159547508834 -0.00095216198150466507 0.018822963688749358 -0.00085398793127591712 0.0047311823230329585 0.060105918330119058 0.034273929463279472 0.050390055567423257 -0.012371363485875753 -0.0064983819602161715
leaf_weight=87.208382301032543 20.178004659712315 246.82280181348324 1066.100354552269 8.9656853377819044 318.01047918200493 269.71054748445749 72.980026721954346 185.43059749901295 15.756108045578001 6.0287022292613974 58.365527912974358 99.891808047890663 33.307428941130638 15.908145636320112
leaf_count=1662 90 1011 1719 9 429 1386 161 952 33 9 147 133 130 40
internal_value=0.0243963 0.00360843 0.0357922 0.0154794 0.0371608 0.00849988 0.00923178 0.0133103 0.0467212 0.00633048 0.0199661 0.034461 -0.00126341 0.0329904
internal_weight=2504.66 886.874 1617.79 102.124 1515.67 799.666 93.158 529.955 333.767 283.132 97.7017 1181.9 39.3361 1082.01
internal_count=7911 5297 2614 260 2354 3635 251 2249 462 1238 286 1892 139 1759
is_linear=0
shrinkage=0.05


Tree=26
num_leaves=15
num_cat=0
split_feature=12 12 14 0 0 9 6 10 0 0 15 7 4 6
split_gain=225.169 72.5598 22.4739 17.8267 13.5027 11.1114 10.3504 19.1417 12.5147 21.4708 13.5785 10.4741 35.7698 34.227
threshold=0.01460708952406631 -0.73097753731019566 3.5000000000000004 0.76400000000000012 0.70250000000000001 1.0035402745658522 85.005359064500013 0.48035421019805064 1.0315000000000001 1.4650000000000001 1.0000000180025095e-35 229.87647295150003 507.00000000000006 274.88514551250006
decision_type=2 2 2 2 2 2 2 2 2 2 2 2 2 2
left_child=1 -1 -3 -2 -4 -6 8 11 -5 10 -10 12 -8 -14
right_child=3 2 4 6 5 -7 7 -9 9 -11 -12 -13 13 -15
leaf_value=-0.04085408794621339 -0.026808696587040194 -0.011668754228446213 0.0066858827697916998 0.039867924839095424 0.061225272652382673 0.018621797748762773 0.032711762708847937 0.050227190454913279 -0.078949946322300929 0.024769390299207356 0.0013581530380623666 0.039496773630475809 -0.073513742744196364 0.024907311548136704
leaf_weight=85.215194616466761 11.772596277296541 126.34209428727627 471.63166807591915 102.14388483762741 16.687392145395279 184.67988324165344 559.68462282419205 220.43188717961311 8.1781400144100207 145.77821162343025 14.768658518791197 487.60305893421173 15.907448306679724 19.864163219928741
leaf_count=1685 57 696 2349 171 24 574 900 285 40 269 36 730 60 35
internal_value=0.0232179 0.00300534 0.00768105 0.0344901 0.0113136 0.0221524 0.0349485 0.0367966 0.026055 0.0176929 -0.0272633 0.0340631 0.0296136 -0.01886
internal_weight=2470.69 884.556 799.341 1586.13 672.999 201.367 1574.36 1303.49 270.869 168.725 22.9468 1083.06 595.456 35.7716
internal_count=7911 5328 3643 2583 2947 598 2526 2010 516 345 76 1725 995 95
is_linear=0
shrinkage=0.05


Tree=27
num_leaves=15
num_cat=0
split_feature=12 12 0 17 8 8 4 14 10 4 0 15 12 15
split_gain=220.034 63.5373 12.832 13.5539 17.3271 15.9662 17.617 30.5992 14.2219 13.4187 18.7755 15.0169 13.3114 16.612
threshold=0.01460708952406631 -0.73097753731019566 0.85350000000000004 1.0000000180025095e-35 85.005359372000001 85.005362194999989 611.50000000000011 15.500000000000002 0.021353112623515701 9.5000000000000018 1.0315000000000001 0.60355339059327384 13.695814126654938 1.0000000180025095e-35
decision_type=2 2 2 2 2 2 2 2 2 2 2 2 2 2
left_child=1 -1 -2 4 9 6 12 -8 -5 10 -4 -12 13 -6
right_child=2 -3 3 8 5 -7 7 -9 -10 -11 11 -13 -14 -15
leaf_value=-0.040194416355449125 -0.0076348566405744257 0.0061794419809495689 0.041136912194646116 0.011556799431210246 0.026797187789696537 0.049983711267813376 -0.05791225328328628 0.026656695757780104 0.032157879189510678 0.042368618604964714 -0.011288400516292152 0.038612283771438466 0.044179587586091307 -0.019421325927006065
leaf_weight=81.475662011653185 19.044721521437168 790.44565752148628 90.182427674531937 123.89643792808056 77.603148877620697 51.53829126060009 18.609109476208687 25.154493853449821 258.70585951209068 752.26409713923931 43.259493358433247 23.14226096868515 64.323666214942932 25.940148279070854
leaf_count=1671 79 3634 140 250 131 68 61 48 423 1066 128 37 91 63
internal_value=0.0219945 0.00184609 0.0331582 0.0336579 0.0363253 0.0250275 0.0189499 -0.00930362 0.0254867 0.0395968 0.0262803 0.00610293 0.0263158 0.0152183
internal_weight=2445.59 871.921 1573.66 1554.62 1172.02 263.169 211.631 43.7636 382.602 908.848 156.584 66.4018 167.867 103.543
internal_count=7890 5305 2585 2506 1833 462 394 109 673 1371 305 165 285 194
is_linear=0
shrinkage=0.05


Tree=28
num_leaves=15
num_cat=0
split_feature=12 12 4 13 5 0 10 17 12 11 4 7 4 16
split_gain=212.542 69.3102 16.129 26.5563 19.6419 17.3229 20.9457 13.9304 11.0061 9.9951 9.03835 8.17691 26.9031 16.1947
threshold=0.01460708952406631 -0.73097753731019566 21.500000000000004 410.88016819757064 46.500000000000007 37.081500000000005 0.17960823030697884 1.5000000000000002 13.695645020319921 0.027637837086859313 4.5000000000000009 229.87647295150003 507.00000000000006 -0.60355339059327384
decision_type=2 2 2 2 2 2 2 2 2 2 2 2 2 2
left_child=1 -1 3 8 7 6 -6 -4 10 -7 -2 12 -11 -14
right_child=2 -3 4 -5 5 9 -8 -9 -10 11 -12 -13 13 -15
leaf_value=-0.042994481978852382 -0.029597299970763463 0.005923420888119587 0.050348519383027368 -0.059686577072805391 0.025626993991389277 0.050519725930973439 -0.072886419805710215 0.027122799442517005 0.037650965469991846 0.029085185060766336 0.019458100509079271 0.035139324208281281 0.027594045910923792 -0.045759406490917434
leaf_weight=79.642207533121109 9.9760913550853711 797.45546479523182 265.35233546793461 9.763805538415907 14.042205199599268 66.744018539786339 8.762700751423834 85.318167760968208 97.538389980792999 370.85751448571682 159.76903788745403 439.07022407650948 11.965355321764944 20.273214921355247
leaf_count=1698 39 3639 340 32 24 87 29 149 148 609 351 682 22 62
internal_value=0.0211725 0.00148158 0.0322476 0.0213075 0.0346111 0.0308148 -0.0122264 0.0446977 0.0242662 0.0318947 0.0165751 0.0304187 0.0252767 -0.0185342
internal_weight=2436.53 877.098 1559.43 277.047 1282.39 931.715 22.8049 350.671 267.284 908.91 169.745 842.166 403.096 32.2386
internal_count=7911 5337 2574 570 2004 1515 53 489 538 1462 390 1375 693 84
is_linear=0
shrinkage=0.05


Tree=29
num_leaves=15
num_cat=0
split_feature=12 12 17 4 11 11 4 2 0 0 0 12 0 7
split_gain=147.665 63.7594 13.6026 15.6529 17.0864 23.7259 15.3379 17.6747 12.7691 10.4338 19.9066 10.1766 14.7394 9.73913
threshold=0.01460708952406631 -0.73097753731019566 82.500000000000014 8.5000000000000018 0.96163105425419315 0.52021777935736491 22.500000000000004 17.500000000000004 1.2655000000000001 0.99950000000000017 1.0315000000000001 13.678974981495658 4.0005000000000015 507.41590767150007
decision_type=2 2 2 2 2 2 2 2 2 2 2 2 2 2
left_child=1 -1 3 9 5 6 7 -5 -3 -2 -11 12 -12 -8
right_child=2 8 -4 4 -6 -7 13 -9 -10 10 11 -13 -14 -15
leaf_value=-0.039110209289596465 -0.012844000399760755 0.0057492305888743201 -0.0071192033616695131 0.03463886612239319 -0.022377631963629321 0.047378632797459609 0.029470382876778931 -0.060995947212125604 0.021938853992673854 0.03953476662934477 -0.042295569491725638 0.030861905468496292 0.014844016774117882 0.047126767079925962
leaf_weight=76.166856661438942 25.866228841245174 658.21627842634916 23.988600373268127 9.4836894571781176 13.986969798803328 241.13774511218071 998.03277425467968 9.8482344001531583 149.44719894230366 73.988799244165421 20.909696131944656 20.673141166567802 24.522203326225281 84.731719583272934
leaf_count=1684 102 3223 55 16 35 324 1640 32 411 111 80 36 54 114
internal_value=0.0209251 0.00462084 0.030239 0.0308274 0.0325998 0.0331723 0.0300639 -0.0140802 0.0087449 0.0163325 0.0217195 0.00177949 -0.0114541 0.0308521
internal_weight=2431 883.83 1547.17 1523.18 1357.22 1343.23 1102.1 19.3319 807.663 165.96 140.094 66.105 45.4319 1082.76
internal_count=7917 5318 2599 2544 2161 2126 1802 48 3634 383 281 170 134 1754
is_linear=0
shrinkage=0.05


Tree=30
num_leaves=15
num_cat=0
split_feature=12 12 4 11 11 0 2 11 13 0 11 8 6 16
split_gain=154.448 55.3259 13.8345 16.8084 21.4928 13.4591 12.5211 12.2019 13.1801 10.9946 15.0945 11.4983 11.2742 10.9532
threshold=0.01460708952406631 -0.73097753731019566 8.5000000000000018 0.96163105425419315 0.22328926234880317 0.83050000000000013 30.500000000000004 0.51620083924879001 410.88016814398003 0.70250000000000001 0.39065087066809284 2.1614247075000006 27.643521702500003 0.78656609248549303
decision_type=2 2 2 2 2 2 2 2 2 2 2 2 2 2
left_child=1 -1 5 4 6 -2 -4 -7 -9 -3 -11 -12 -13 -14
right_child=2 9 3 -5 -6 7 -8 8 -10 10 11 12 13 -15
leaf_value=-0.038408643439617599 -0.032600430731272133 0.0033999744857295833 -0.013696442975970252 -0.022708008025806137 0.042550631813794225 -0.022517748003203983 0.028846274262965117 0.029817980646283316 -0.019417099000533015 0.058527786183770636 -0.03139275840149288 0.056200743951145972 0.015929238119554889 -0.026496282490637169
leaf_weight=72.856934394687414 13.060332946479319 579.28009358793497 17.600584745407104 14.306106403470038 345.21064549684525 15.142088063061236 997.86194249987602 129.6157483458519 15.185281306505201 19.385618850588799 13.978940106928347 15.68779896199703 165.35328483581543 16.754991799592972
leaf_count=1669 66 2929 44 36 491 59 1646 235 38 28 97 31 474 76
internal_value=0.0200098 0.00332689 0.0295293 0.031206 0.0317729 0.0162037 0.0281089 0.0201888 0.0246547 0.00707883 0.0162979 0.0124322 0.0155295 0.0120259
internal_weight=2431.28 883.298 1547.98 1374.98 1360.67 173.003 1015.46 159.943 144.801 810.441 231.161 211.775 197.796 182.108
internal_count=7919 5304 2615 2217 2181 398 1690 332 273 3635 706 678 581 550
is_linear=0
shrinkage=0.05


Tree=31
num_leaves=15
num_cat=0
split_feature=12 12 16 4 10 15 11 17 17 9 4 4 11 8
split_gain=143.805 50.7807 9.17173 9.13879 24.9502 12.7325 24.1191 12.4173 10.1052 9.55008 13.5566 13.372 11.3873 8.87973
threshold=0.01460708952406631 -0.73097753731019566 0.37940952255126048 8.5000000000000018 0.42036924032394768 0.25881904510252091 0.5393543131360824 82.500000000000014 122.50000000000001 1.1699668693647609 969.00000000000011 21.500000000000004 0.56955271321817413 0.11257761750000041
decision_type=2 2 2 2 2 2 2 2 2 2 2 2 2 2
left_child=1 13 -3 5 7 6 -2 9 -9 -5 11 12 -11 -1
right_child=3 2 -4 4 -6 -7 -8 8 -10 10 -12 -13 -14 -15
leaf_value=-0.052281295284562802 -0.045308709534204343 0.010098823621541573 -0.0011383676019211856 0.038258494882710672 0.043472584818453688 0.030498534446466254 0.018243922970522658 0.013127602999614976 -0.058361833756097652 -0.045799423832132646 -0.02537394758552456 0.026798662034823492 0.020831598294867873 -0.016059444886061324
leaf_weight=42.565616145730019 19.590109787881374 538.77465765178204 273.893554225564 159.6579455435276 259.52533015608788 87.732559755444527 62.746564544737339 14.770957112312319 7.4293211996555319 11.839656099677088 13.16549004614353 862.96501357853413 13.987814992666243 28.082965578883886
leaf_count=1020 93 2258 1402 237 365 159 139 29 23 36 38 1446 25 656
internal_value=0.0188081 0.00277683 0.00631155 0.0281649 0.0295474 0.0172451 0.00312304 0.0262129 -0.0107963 0.0269868 0.0249916 0.0257377 -0.00971295 -0.037883
internal_weight=2396.73 883.317 812.668 1513.41 1343.34 170.069 82.3367 1083.82 22.2003 1061.62 901.958 888.792 25.8275 70.6486
internal_count=7926 5336 3660 2590 2199 391 232 1834 52 1782 1545 1507 61 1676
is_linear=0
shrinkage=0.05


Tree=32
num_leaves=15
num_cat=0
split_feature=12 12 0 1 17 4 12 6 4 8 5 6 12 2
split_gain=154.616 51.7291 15.4923 11.3403 9.33234 17.4385 13.6697 13.6064 33.6894 18.2247 17.9732 32.4809 17.6476 15.9016
threshold=0.01460708952406631 -0.73097753731019566 0.76400000000000012 7.5000000000000009 1.5000000000000002 3.5000000000000004 13.695814078352688 301.06818936600001 507.00000000000006 84.921885215000003 400.50000000000006 503.32276407850003 13.69581420517804 791.50000000000011
decision_type=2 2 2 2 2 2 2 2 2 2 2 2 2 2
left_child=1 -1 3 -2 5 -4 -7 8 -8 -9 13 12 -12 -11
right_child=2 -3 4 -5 -6 6 7 9 -10 10 11 -13 -14 -15
leaf_value=-0.041017846866581685 -0.065441774703241792 0.0043318307445534025 -0.042617159697800729 0.037334642972499443 0.019902357574883834 0.0329495479438736 0.018674882095525026 0.052379039683518785 -0.070761702447819458 -0.0021378981417694942 -0.13068765937495955 0.02716620040230441 -0.025391879113031368 0.043278453388623329
leaf_weight=68.241398133337498 7.7242605239152891 800.67973347753286 8.2793219685554487 4.1132012903690338 305.67611050605774 938.10452675819397 49.41662161052227 49.842443495988846 13.380383387207983 27.744169875979424 6.1076193749904659 24.365543007850647 11.419207021594046 63.124442473053932
leaf_count=1680 49 3610 27 9 556 1516 89 62 50 59 26 41 29 89
internal_value=0.0175726 0.000770258 0.0272459 -0.0297297 0.0276963 0.0296953 0.0302012 0.0196948 -0.000381692 0.0265991 0.0169205 -0.0101743 -0.0620846 0.0294119
internal_weight=2378.22 868.921 1509.3 11.8375 1497.46 1191.78 1183.5 245.4 62.797 182.603 132.761 41.8924 17.5268 90.8686
internal_count=7892 5290 2602 58 2544 1988 1961 445 139 306 244 96 55 148
is_linear=0
shrinkage=0.05


Tree=33
num_leaves=15
num_cat=0
split_feature=12 13 4 11 14 17 8 5 13 3 15 1 3 8
split_gain=137.517 40.8055 11.5051 14.4929 11.2044 9.72789 15.4089 14.6886 10.9913 11.7835 12.3105 10.8762 15.2259 12.2212
threshold=0.01460708952406631 0.56689948910325116 5.5000000000000009 0.5393543131360824 3.5000000000000004 1.0000000180025095e-35 85.005359242000011 709.00000000000011 410.8801681546982 560.50000000000011 -0.37940952255126059 66.500000000000014 34.500000000000007 84.502439461500032
decision_type=2 2 2 2 2 2 2 2 2 2 2 2 2 2
left_child=1 -1 3 -2 -3 6 8 11 9 10 -4 -7 -13 -14
right_child=2 4 5 -5 -6 7 -8 -9 -10 -11 -12 12 13 -15
leaf_value=-0.052082035221387803 -0.045804224635921632 -0.011136869434328907 0.010577500819617128 0.015776078235899559 0.0048487500155698195 -0.0077226441834754994 0.018628101347158362 0.057040915644972746 0.038587786599078425 0.044965776510036227 0.030246973551275414 0.056458615420473181 0.0049502933516441024 0.026219434812457976
leaf_weight=35.919029150158167 11.767959542572497 129.92439068853855 129.42590706050396 50.799002148211002 701.23839503526688 41.177336990833282 286.15066270530224 23.745588436722755 360.08433793485165 71.93360410630703 206.41743831336498 25.727553129196167 127.57727187871933 143.51428155601025
leaf_count=936 67 793 261 114 3564 97 523 28 533 98 344 31 260 241
internal_value=0.0159037 9.50805e-05 0.025176 0.0041937 0.00234994 0.0261032 0.0285313 0.0190285 0.0322219 0.0266005 0.0226668 0.016358 0.0196987 0.0162101
internal_weight=2345.4 867.082 1478.32 62.567 831.163 1415.75 1054.01 361.742 767.861 407.777 335.843 337.996 296.819 271.092
internal_count=7890 5293 2597 181 4357 2416 1759 657 1236 703 605 629 532 501
is_linear=0
shrinkage=0.05


Tree=34
num_leaves=15
num_cat=0
split_feature=13 13 4 10 11 16 6 15 16 0 8 8 11 17
split_gain=116.313 38.6566 18.3562 14.8954 16.1757 14.1399 13.939 14.4457 10.0324 10.3922 9.66918 14.2882 27.817 11.0491
threshold=27.958993477632809 0.56689948910325116 8.5000000000000018 0.48035421019805064 0.9133760355187952 0.78656609248549303 84.997972864500014 0.12940952255126045 1.0000000180025095e-35 0.99950000000000017 2.7034894360000004 0.17247549299999901 0.3960094629967798 5.5000000000000009
decision_type=2 2 2 2 2 2 2 2 2 2 2 2 2 2
left_child=1 -1 5 -4 -5 8 -7 -8 -2 -10 11 13 -13 -3
right_child=2 10 3 4 -6 6 7 -9 9 -11 -12 12 -14 -15
leaf_value=-0.051976510115213904 0.011496124694482962 0.0019417626665626402 0.024208588991097582 0.041671646656460865 -0.012687018234464487 0.035242811020687145 -0.064083817849402994 0.00092619285762007408 -0.0075554428076491393 0.034963960633411 0.038756957452135699 0.11543775939845102 -0.046870747355888753 0.068610520657360077
leaf_weight=35.151523843407631 223.16267804801464 564.04834228008986 1082.9937362521887 215.41719816625118 14.614120945334433 11.880149215459822 15.185025215148924 19.542025715112686 16.600032933056355 106.99613747000694 17.320348404347897 2.907994911074641 28.62108588218689 6.283953581005334
leaf_count=961 628 2928 1862 313 34 21 83 67 75 215 38 43 515 138
internal_value=0.0169519 -0.000970722 0.0238245 0.026663 0.0382182 0.0143499 -0.0115073 -0.0275006 0.0178253 0.0292532 0.00192492 0.000864973 -0.0319007 0.00267632
internal_weight=2360.72 654.333 1706.39 1313.03 230.031 393.366 46.6072 34.7271 346.759 123.596 619.182 601.861 31.5291 570.332
internal_count=7921 4623 3298 2209 347 1089 171 150 918 290 3662 3624 558 3066
is_linear=0
shrinkage=0.05


Tree=35
num_leaves=15
num_cat=0
split_feature=12 12 4 10 11 15 11 17 15 5 3 0 8 8
split_gain=113.969 41.8381 9.69272 12.7133 12.1271 11.5176 15.0328 9.28782 15.9104 80.1863 17.9673 10.137 8.37488 16.2076
threshold=0.01460708952406631 -0.54055632513247243 8.5000000000000018 0.48035421019805064 0.9133760355187952 1.0000000180025095e-35 0.5393543131360824 21.500000000000004 -0.9159756150367534 29.500000000000004 379.50000000000006 91.160000000000011 85.005362194999989 85.005360159000006
decision_type=2 2 2 2 2 2 2 2 2 2 2 2 2 2
left_child=1 7 5 12 -5 6 -2 -1 9 -9 11 -10 13 -4
right_child=2 -3 3 4 -6 -7 -8 8 10 -11 -12 -13 -14 -15
leaf_value=-0.04766026897138223 -0.045772660590280102 0.0048339457997872591 0.024231218470056631 0.039482243249748229 -0.0058402353890286574 0.023815039023170254 0.010056199567128627 -0.052847184159989485 0.071485838208792535 0.4804347872981225 0.16059725079553833 -0.052466640987656049 0.040010959614561012 0.0010030924231903631
leaf_weight=48.161738142371178 15.680901661515234 808.34799156337976 915.62184280157089 217.1760368347168 15.83564120531082 100.53580252081156 52.18311770260334 2.691546242684129 1.838544674217707 0.9550093226134776 1.1942129582166661 16.037141546607018 71.760778486728668 81.807956486940384
leaf_count=1215 78 3596 1568 325 35 198 117 66 15 16 26 405 104 176
internal_value=0.0158453 0.00160424 0.0243596 0.0258194 0.0364021 0.0130717 -0.00284382 -0.0352297 -0.00887545 0.0868159 -0.0271736 -0.0397179 0.023513 0.0223261
internal_weight=2349.83 879.226 1470.6 1302.2 233.012 168.4 67.864 70.8782 22.7165 3.64656 19.0699 17.8757 1069.19 997.43
internal_count=7940 5339 2601 2208 360 393 195 1743 528 82 446 420 1848 1744
is_linear=0
shrinkage=0.05


Tree=36
num_leaves=15
num_cat=0
split_feature=12 12 14 4 5 5 14 10 5 0 1 4 11 4
split_gain=108.485 45.7916 10.2309 8.38672 9.01703 18.9375 15.4607 12.2301 25.9696 16.9614 17.9729 16.4766 11.8799 11.3559
threshold=0.01460708952406631 -0.65241903286834568 2.5000000000000004 5.5000000000000009 46.500000000000007 54.500000000000007 6.5000000000000009 0.16388072069811196 203.50000000000003 82.165000000000006 764.00000000000011 128.50000000000003 0.063668923286241366 48.500000000000007
decision_type=2 2 2 2 2 2 2 2 2 2 2 2 2 2
left_child=1 -1 -3 -2 13 6 -6 11 9 10 -9 -7 -10 -5
right_child=3 2 -4 4 5 7 -8 8 12 -11 -12 -13 -14 -15
leaf_value=-0.040065912689115413 0.0054508724850158008 -0.011553129165347309 0.0062134036232684041 0.024069936902604387 0.01933807445335485 -0.038425440690300079 -0.068398755511411086 -0.071828951261153684 -0.078486139085446438 0.029359974136727973 0.035591430938658346 0.025149800228978243 0.0027768695806684378 0.039532415808545683
leaf_weight=62.993444196879864 63.10054774582386 91.394651509821415 714.56862473487854 359.47855243086815 9.5117561519145983 10.334302783012388 10.635572925209997 9.5317307561635989 11.619379192590715 64.973979666829109 6.5833377093076697 736.61184486746788 7.3375754952430716 177.30965466797352
leaf_count=1706 184 505 3095 650 17 28 34 31 39 105 10 1251 15 262
internal_value=0.0149902 0.00098983 0.00419871 0.023283 0.0240845 0.0209317 -0.0269773 0.0220713 0.00565446 0.0179715 -0.0279455 0.0242702 -0.0470321 0.0291774
internal_weight=2335.98 868.957 805.963 1467.03 1403.93 867.139 20.1473 846.992 100.046 81.089 16.1151 746.946 18.957 536.788
internal_count=7932 5306 3600 2626 2442 1530 51 1479 200 146 41 1279 54 912
is_linear=0
shrinkage=0.05


Tree=37
num_leaves=15
num_cat=0
split_feature=13 13 11 12 11 12 14 16 11 2 1 6 15 10
split_gain=113.952 29.6001 21.6043 12.3592 10.7952 7.58713 30.9016 16.6 12.2518 11.3257 23.6272 11.0626 14.3384 10.6994
threshold=27.958993477632809 0.56689948910325116 0.94523752430584207 13.695814013182984 0.024985308466332335 -0.96752589408323286 18.500000000000004 -0.9159756150367534 0.5758650161855271 94.500000000000014 168.50000000000003 12.594564321000002 -0.9159756150367534 0.025647653995641419
decision_type=2 2 2 2 2 2 2 2 2 2 2 2 2 2
left_child=1 -1 4 -4 -2 6 7 -3 11 10 -10 -7 -13 -14
right_child=2 5 3 -5 -6 8 -8 -9 9 -11 -12 12 13 -15
leaf_value=-0.051739549685108646 0.04332500600905468 0.15475877985429343 0.0087554874233213582 -0.058103532007414284 0.022012955465701495 -0.0018093055565478547 0.22788991176617313 -0.052045071802063497 -0.068353827366143954 -0.056698998145668124 0.10787705138190862 0.13568748114823828 -0.060973424819674264 0.068917373428726642
leaf_weight=31.185014322400093 62.146749526262283 1.2299498245120046 235.14244510233402 7.1214554458856574 1353.4288520663977 567.0287260748446 1.8145691864192484 4.5974649861454955 3.9926262907683876 18.716133013367653 3.6320327632129192 3.3521762415766716 2.9891973696649057 3.3759747557342052
leaf_count=964 90 29 727 22 2454 2968 35 123 42 370 6 6 50 20
internal_value=0.0136617 -0.00422466 0.0205873 0.00679014 0.0229486 -0.00179846 0.0477091 -0.0083965 -0.00242579 -0.0357728 0.0155944 -0.000902786 0.0519946 0.00791836
internal_weight=2299.75 641.914 1657.84 242.264 1415.58 610.729 7.64198 5.82741 603.087 26.3408 7.62466 576.746 9.71735 6.36517
internal_count=7906 4613 3293 749 2544 3649 187 152 3462 418 48 3044 76 70
is_linear=0
shrinkage=0.05


Tree=38
num_leaves=15
num_cat=0
split_feature=12 13 0 15 17 8 4 9 15 8 0 8 8 16
split_gain=84.708 33.5491 9.18857 10.5409 8.2984 18.1644 12.1139 16.6666 14.5329 40.9878 13.1145 14.8525 12.0348 38.3373
threshold=0.01460708952406631 0.56689948910325116 0.85350000000000004 1.0000000180025095e-35 1.0000000180025095e-35 85.005359242000011 605.50000000000011 1.3269060538396971 -0.78656609248549292 85.03051459350003 26.092000000000002 85.005360336999999 85.00535910950002 0.91597561503675351
decision_type=2 2 2 2 2 2 2 2 2 2 2 2 2 2
left_child=1 -1 3 -2 5 -4 10 8 -8 -10 -7 -12 13 -6
right_child=2 -3 4 -5 12 6 7 -9 9 -11 11 -13 -14 -15
leaf_value=-0.051653672670218323 -0.068156930598251314 0.0024553626310732553 0.02732676663302468 0.01143331541884347 0.013861247941848259 -0.045420378386140089 0.039022932316996495 -0.068827227277305225 -0.064329239073017616 0.055437000343196423 0.013101126360473973 0.045352431792410906 0.025447211271871981 -0.057377187039786809
leaf_weight=29.668553518131375 6.097671307623389 832.1270799934864 747.79562550783157 13.0916715785861 193.03498955070972 7.929626762866973 18.242610082030296 9.4369408935308439 18.295184165239338 11.720111429691313 164.95320393145084 45.557106643915176 147.70575754344463 20.933748319745064
leaf_count=962 40 4338 1286 40 366 23 27 37 58 14 310 62 249 65
internal_value=0.0129336 0.000592581 0.0205044 -0.0138576 0.0209802 0.0232799 0.0123208 -0.00805663 0.0038272 -0.017564 0.017703 0.0200807 0.0144696 0.0068916
internal_weight=2266.59 861.796 1404.79 19.1893 1385.6 1023.93 276.135 57.6948 48.2579 30.0153 218.44 210.51 361.674 213.969
internal_count=7877 5300 2577 80 2497 1817 531 136 99 72 395 372 680 431
is_linear=0
shrinkage=0.05


Tree=39
num_leaves=15
num_cat=0
split_feature=6 13 10 0 0 5 0 15 13 0 6 7 1 16
split_gain=73.0872 33.837 11.4969 17.1403 11.2226 16.0257 13.721 12.9742 12.2021 45.5162 29.9021 20.6336 18.8486 10.2844
threshold=85.005359060500012 0.56689948910325116 0.15198647967311932 0.99950000000000017 111.25300000000001 10.500000000000002 151.02600000000004 0.91597561503675362 0.90574110575205447 186.50000000000003 27.643521702500003 10.964506932000001 174.50000000000003 1.0000000180025095e-35
decision_type=2 2 2 2 2 2 2 2 2 2 2 2 2 2
left_child=1 -1 4 -4 7 -6 -7 -3 9 -8 -11 -10 -13 -5
right_child=-2 2 3 13 5 6 8 -9 11 10 -12 12 -14 -15
leaf_value=-0.051569312311935595 0.020811265156091802 -0.00022634644753838915 -0.0081147210815336168 0.0087787382686990156 -0.092547951897769876 -0.073630036236501537 0.31893311141407277 0.019097150123990294 -0.070591816260798121 -0.052155659739440731 0.28982432794680246 0.066799366315885414 -0.015454817811297426 0.029833051290071241
leaf_weight=27.816416889429092 1222.0085170995444 549.37169121205807 76.628529541194439 117.64180844649673 6.6358343213796607 7.5242934599518767 1.367533467710017 103.18050245568156 10.894175164401529 4.5822603888809681 0.74282506108283985 9.8380745984613878 23.846563957631588 114.40743497014046
leaf_count=947 2209 2669 337 304 56 108 20 403 232 118 13 13 225 259
internal_value=0.012489 0.00284461 0.0043189 0.0123885 0.000849603 -0.0188916 -0.0105785 0.00282905 -0.00132544 0.0616275 -0.00445102 -0.0107766 0.00856868 0.0191592
internal_weight=2276.49 1054.48 1026.66 308.678 717.984 65.4316 58.7957 652.552 51.2714 6.69262 5.32509 44.5788 33.6846 232.049
internal_count=7913 5704 4757 900 3857 785 729 3072 621 151 131 470 238 563
is_linear=0
shrinkage=0.05


Tree=40
num_leaves=15
num_cat=0
split_feature=12 12 17 5 8 14 0 11 8 0 17 11 11 6
split_gain=74.0875 35.3554 13.1097 14.6572 29.5731 56.5579 11.8918 12.1226 11.884 9.72616 8.46038 7.07648 9.0692 15.6647
threshold=0.01460708952406631 -0.54055632513247243 21.500000000000004 23.500000000000004 0.11257761750000041 16.500000000000004 0.81300000000000006 0.54091293803385654 1.3978951800000028 1.2655000000000001 103.50000000000001 0.031462117469079488 0.5393543131360824 64.137538282000023
decision_type=2 2 2 2 2 2 2 2 2 2 2 2 2 2
left_child=1 2 -1 -4 -5 8 7 -2 -6 -3 11 -8 -13 -14
right_child=6 9 3 4 5 -7 10 -9 -10 -11 -12 12 13 -15
leaf_value=-0.052584582566604379 0.025413518634054996 0.00066604020305470902 -0.052638693930798112 -0.051680896872755656 -0.052160381931483195 0.32712631229775879 0.033884615678064549 -0.074240018798360854 0.13506984954651327 0.014923802120612032 -0.017920723282609866 0.016571548075635906 -0.0096582670304255214 0.02974347687008836
leaf_weight=40.748737134039402 5.5117848366498929 663.49482501298189 8.5757672060281056 5.3769181389361602 2.8927612975239754 1.9999886602163313 85.196050077676773 6.8375659584999084 1.1987278014421461 145.9190516397357 14.92285008728504 957.47824699431658 27.626125574111938 290.22947560250759
leaf_count=1225 28 3213 237 179 79 19 134 36 2 363 36 1793 66 491
internal_value=0.0119119 0.000474368 -0.0363 -0.00319434 0.0337789 0.109214 0.0190837 -0.0297625 0.00269448 0.00323639 0.0195222 0.0199329 0.0190009 0.0263189
internal_weight=2258.01 870.207 60.7929 20.0442 11.4684 6.09148 1387.8 12.3494 4.09149 809.414 1375.45 1360.53 1275.33 317.856
internal_count=7901 5317 1741 516 279 100 2584 64 81 3576 2520 2484 2350 557
is_linear=0
shrinkage=0.05


Tree=41
num_leaves=15
num_cat=0
split_feature=12 13 12 3 15 10 6 0 11 9 0 13 3 15
split_gain=58.3144 29.1261 14.8139 15.1956 23.068 18.1424 9.78773 9.03426 11.5153 15.3949 13.1675 12.6188 12.5098 11.5138
threshold=0.01460708952406631 0.56689948910325116 13.695814219937061 721.50000000000011 0.25881904510252091 0.033413031451262586 580.44748821600012 0.99950000000000017 0.44786239985181903 86.849402375405916 14.193500000000002 259.7521663246095 155.50000000000003 0.37940952255126054
decision_type=2 2 2 2 2 2 2 2 2 2 2 2 2 2
left_child=1 -1 6 -4 -5 -6 7 -2 9 -9 -11 12 13 -10
right_child=2 -3 3 4 5 -7 -8 8 11 10 -12 -13 -14 -15
leaf_value=-0.051425334552374968 -0.0080429109816679226 0.0028107935364891164 -0.062042920642057776 0.025910666813772323 -0.0053502764618384236 -0.1206385299300429 0.039411446503053435 0.016972147688339888 -0.042286774206007217 -0.058297875057699171 0.0041410655332273357 0.029711069793074803 0.038240201725246205 0.014027977937140813
leaf_weight=25.513539027422667 32.416510239243507 831.50346750579774 10.159468054771422 36.902676373720169 9.1484280079603177 5.4425581842660895 55.792912468314171 814.89596901834011 17.548493206501007 12.128675431013106 27.791074693202972 323.20697700977325 17.554559201002121 18.800291612744331
leaf_count=955 116 4318 33 62 20 22 82 1497 52 53 60 548 26 36
internal_value=0.0114427 0.00119617 0.0177978 -0.00615831 0.00486747 -0.0483537 0.0189166 0.0180122 0.0186978 0.015487 -0.0148295 0.0259759 0.00357957 -0.0131597
internal_weight=2238.81 857.017 1381.79 61.6531 51.4937 14.591 1320.14 1264.34 1231.93 854.816 39.9198 377.11 53.9033 36.3488
internal_count=7880 5273 2607 137 104 42 2470 2388 2272 1610 113 662 114 88
is_linear=0
shrinkage=0.05


Tree=42
num_leaves=15
num_cat=0
split_feature=13 13 1 17 4 7 4 3 11 0 8 14 7 3
split_gain=46.8282 26.8762 14.4623 14.6983 23.0738 37.8623 31.4424 13.02 21.518 12.5758 12.4419 17.6175 31.5175 12.4337
threshold=27.958993477632809 0.56689948910325116 8.5000000000000018 1.0000000180025095e-35 275.50000000000006 233.71512733700004 673.50000000000011 275.50000000000006 0.050938501082898678 9374.0000000000018 85.005359273500019 20.500000000000004 115.56573029350001 490.00000000000006
decision_type=2 2 2 2 2 2 2 2 2 2 2 2 2 2
left_child=1 -1 -2 4 -4 6 7 8 -6 10 11 -5 -13 -9
right_child=2 -3 3 9 5 -7 -8 13 -10 -11 -12 12 -14 -15
leaf_value=-0.051352755674952226 0.006966873860691291 0.0018358164908249359 0.029448402922099139 0.005934665167823313 -0.0016313817024015268 0.024087713072621694 -0.098133007350043294 0.014988636749331142 -0.084514081304593813 0.051342093113079246 0.021212773669765109 -0.0034904394253911565 -0.12100881013624454 -0.034868762132744022
leaf_weight=24.696208534762263 362.14805570989847 620.16031709127128 463.22669766843319 189.01608709990978 26.032288104295731 284.89319641888142 8.9015018790960294 88.414390474557877 11.200159817934034 17.066124573349953 107.6077978760004 20.404315397143368 7.919812560081481 14.564855203032492
leaf_count=971 1045 3662 775 383 56 490 39 164 39 22 188 45 32 39
internal_value=0.0111754 -0.000201158 0.0157566 0.0183253 0.0216872 0.0134035 -0.00700956 -0.00122448 -0.0265639 0.00950554 0.00730831 0.000424036 -0.0363502 0.00793706
internal_weight=2246.25 644.857 1601.4 1239.25 897.233 434.006 149.113 140.212 37.2324 342.014 324.948 217.34 28.3241 102.979
internal_count=7950 4633 3317 2272 1602 827 337 298 95 670 648 460 77 203
is_linear=0
shrinkage=0.05


Tree=43
num_leaves=15
num_cat=0
split_feature=13 0 15 1 15 10 0 15 15 1 9 0 0 15
split_gain=58.0818 27.1289 13.606 12.0803 14.2779 11.8669 15.9757 11.0082 19.1387 12.4227 11.7048 13.6804 15.9483 10.9275
threshold=27.958993477632809 186.50000000000003 -0.60355339059327362 8.5000000000000018 0.98296291314453421 0.48035421019805064 14.193500000000002 -0.70710678118654735 -0.37940952255126059 1.5000000000000002 68359349.752500013 1.2655000000000001 1.0730000000000002 -0.5
decision_type=2 2 2 2 2 2 2 2 2 2 2 2 2 2
left_child=1 2 -1 4 7 6 -5 10 9 -9 -2 12 -12 -4
right_child=3 -3 13 5 -6 -7 -8 8 -10 -11 11 -13 -14 -15
leaf_value=-0.013253105979636554 0.074593571118415025 -0.039427858972900923 0.034659183914993133 -0.041995668049211538 0.045616923035245727 0.02824125678986257 0.015894025814915818 -0.013591371183077931 0.0046198001319810453 -0.075881636083936416 0.0062692262193396507 0.0301059738546431 -0.074176869721124597 0.0023776796970551664
leaf_weight=144.47100071050227 8.4745880812406522 46.992893788963556 27.996927427127957 12.062737092375754 22.67384634912014 211.0555462539196 992.13186986744404 23.138834089040756 209.64942391961813 12.237232416868208 34.956025771796703 53.506950795650482 7.4790672808885565 411.93414703942835
leaf_count=881 12 1438 130 34 42 368 1847 86 618 58 109 108 35 2130
internal_value=0.00994804 -0.0028789 6.00762e-05 0.0150501 0.00716761 0.0174638 0.0151986 0.00467279 -0.00112042 -0.0351387 0.0182672 0.0132919 -0.00790917 0.00443205
internal_weight=2218.76 631.395 584.402 1587.37 372.116 1215.25 1004.19 349.442 245.025 35.3761 104.417 95.942 42.4351 439.931
internal_count=7896 4579 3141 3317 1068 2249 1881 1026 762 144 264 252 144 2260
is_linear=0
shrinkage=0.05


Tree=44
num_leaves=15
num_cat=0
split_feature=6 12 12 11 11 11 0 1 2 11 2 6 3 2
split_gain=60.4847 29.7007 10.5936 9.57153 12.9313 9.87709 9.04764 13.474 32.3435 15.9411 18.9578 10.9398 10.6701 17.1978
threshold=85.005359060500012 -0.97402350352783418 1.0057626746675601 0.89321835323455245 0.57132512175651651 0.027637837086859313 0.70250000000000001 212.50000000000003 154.50000000000003 0.3960094629967798 172.50000000000003 83.812624334500015 233.50000000000003 269.50000000000006
decision_type=2 2 2 2 2 2 2 2 2 2 2 2 2 2
left_child=1 -1 -2 4 5 -4 -3 11 -9 -10 -11 -8 -12 -14
right_child=2 6 3 -5 -6 -7 7 8 9 10 12 -13 13 -15
leaf_value=-0.0513505068255415 0.048486312952341744 -0.0010384796771206611 0.036474143603455085 -0.026051532761860747 0.035982933955939177 0.015144841228034819 0.023322893891395406 -0.10328200453671132 0.052060549947495809 0.053474313966002211 -0.061578905934088574 0.0055029087856418666 0.1314264733998112 -0.026146354862059025
leaf_weight=25.797274604439735 28.03588205948472 591.62559730559587 57.393112227320671 12.547219708561896 90.626164376735687 999.67643887549639 134.71517793647945 8.6459381394088251 11.863811438903211 7.9132143110036841 15.636543555185201 238.78749572485685 2.0884752441197625 10.133909737691281
leaf_count=1049 53 2970 89 32 147 1894 307 110 57 53 265 689 20 204
internal_value=0.0103951 0.00163419 0.0181159 0.0173821 0.0178569 0.0163029 0.0029724 0.00849362 -0.0143127 0.00183528 -0.0148219 0.0119302 -0.0342212 0.000778583
internal_weight=2235.49 1047.21 1188.28 1160.24 1147.7 1057.07 1021.41 429.785 56.2819 47.636 35.7721 373.503 27.8589 12.2224
internal_count=7939 5724 2215 2162 2130 1983 4675 1705 709 599 542 996 489 224
is_linear=0
shrinkage=0.05


Tree=45
num_leaves=15
num_cat=0
split_feature=6 13 6 1 15 0 5 10 6 5 15 3 3 10
split_gain=41.0405 25.3756 12.7182 11.7848 10.7055 12.2166 9.76434 9.62456 9.50812 20.2774 20.0056 8.92023 13.9953 25.704
threshold=85.005359064500013 0.56689948910325116 117.46236780700001 168.50000000000003 -0.98296291314453399 19.191000000000006 207.50000000000003 0.0011349697655967685 136.12040950850005 44.500000000000007 -1.0000000180025095e-35 128.50000000000003 187.50000000000003 0.042248653607118436
decision_type=2 2 2 2 2 2 2 2 2 2 2 2 2 2
left_child=1 -1 7 -4 5 -5 -7 -2 9 -6 -11 -10 13 -13
right_child=2 -3 3 4 8 6 -8 -9 11 10 -12 12 -14 -15
leaf_value=-0.051169603067472737 0.0035051287155156464 0.0040257849451731898 -0.030035769857680125 -0.18343674033525781 0.032450562514085513 0.015507270875801088 -0.03261377108194579 0.030568341152598079 0.031206561298138508 -0.11968715515490413 0.0078135284408216484 -0.12147282648642527 0.01687095312719902 0.00097361224620780024
leaf_weight=21.227551741525531 38.800288459286094 1093.5819764696062 15.162847921252249 0.98807895183563133 11.507111728191378 24.025840938091278 18.783198058605194 214.29222538694739 93.613052397966385 6.5497470945119858 5.8018067814409715 4.6913908272981635 617.86174230650067 49.594450607895851
leaf_count=956 83 4930 40 5 20 45 50 371 152 28 13 19 1144 104
internal_value=0.00973826 0.00297479 0.0165824 0.0136485 0.0144432 -0.00961857 -0.00560666 0.0264194 0.0157778 -0.0153058 -0.0597972 0.0167463 0.0147324 -0.00960823
internal_weight=2216.48 1114.81 1101.67 848.579 833.416 43.7971 42.809 253.093 789.619 23.8587 12.3516 765.761 672.148 54.2858
internal_count=7960 5886 2074 1620 1580 100 95 454 1480 61 41 1419 1267 123
is_linear=0
shrinkage=0.05


Tree=46
num_leaves=15
num_cat=0
split_feature=13 12 11 3 12 3 17 17 14 2 5 4 13 11
split_gain=41.5455 22.9743 14.0745 10.2138 12.2322 26.7067 10.0268 22.8604 15.2144 20.5195 14.5085 8.96889 29.5718 21.0865
threshold=259.7521663246095 -0.73097753731019566 0.027637837086859313 292.50000000000006 4.1889882976313713 122.50000000000001 21.500000000000004 22.500000000000004 18.500000000000004 417.50000000000006 29.500000000000004 21.500000000000004 410.88016821900686 0.44786239985181903
decision_type=2 2 2 2 2 2 2 2 2 2 2 2 2 2
left_child=1 6 -2 4 -3 -6 -1 -8 -9 10 -10 12 -4 -13
right_child=2 3 11 -5 5 -7 7 8 9 -11 -12 13 -14 -15
leaf_value=-0.051424724876140672 0.037094431235915992 0.0016745351625218115 0.0094782011872314928 0.020367942114597914 -0.0045815593158807389 -0.13658872522657414 0.25508540329100887 -0.051549441373318051 -0.051618492764779624 0.30850339020456735 0.15979053821953704 0.013063453363126054 -0.08186591964284691 0.034089397887141923
leaf_weight=29.605503877624869 66.265923321247101 658.36117829754949 425.30125834047794 71.441937826573849 15.308815076947214 5.1105290800333014 0.82232058234512706 9.6323468405753356 2.61659806035459 0.70045324228703965 1.1764251515269277 774.87564890086651 9.0489732027053815 140.93064001202583
leaf_count=1167 104 3062 1147 134 36 22 14 357 95 8 16 1480 33 236
internal_value=0.0094629 0.000313509 0.0145968 0.00238515 0.000492457 -0.0376202 -0.0345701 -0.00118885 -0.0161076 0.0598666 0.0139511 0.0134926 0.0075752 0.0162991
internal_weight=2211.2 794.776 1416.42 750.222 678.781 20.4193 44.5536 14.9481 14.1258 4.49348 3.79302 1350.16 434.35 915.806
internal_count=7911 4911 3000 3254 3120 58 1657 490 476 119 111 2896 1180 1716
is_linear=0
shrinkage=0.05


Tree=47
num_leaves=15
num_cat=0
split_feature=12 13 11 0 11 8 0 11 4 12 14 0 13 11
split_gain=38.6594 22.642 8.39446 9.32521 7.42753 17.4194 9.3107 6.85399 11.1381 12.4237 6.78473 10.448 6.99664 17.4908
threshold=0.01460708952406631 0.56689948910325116 0.028914541553387133 474.70650000000006 0.57132512175651651 3.1271139420000003 16630.000000000004 0.96163105425419315 7.5000000000000009 13.599542158868063 3.5000000000000004 3.6715000000000004 0.90574110575205447 0.56780518074857278
decision_type=2 2 2 2 2 2 2 2 2 2 2 2 2 2
left_child=1 -1 3 -2 6 -6 -4 -7 -9 -10 11 -3 13 -12
right_child=2 10 4 -5 5 7 -8 8 9 -11 12 -13 -14 -15
leaf_value=-0.051077473391495931 0.011914231741299845 -0.0034563757118277368 0.01167192540748496 0.050283396334264235 -0.057289968824890153 0.03099227082971015 0.036669845126763925 0.03430085678378976 0.014590548973769206 -0.0741560311083313 -0.052261686934674569 -0.054394644923920536 0.0041413035586146899 0.11209950212139271
leaf_weight=20.029192049056292 29.237482830882072 122.68612709641457 1058.7328626513481 34.546791046857834 6.4539318680763236 145.05967662483454 38.607298523187637 16.642475351691246 9.048188582062723 6.990078091621398 2.5020011644810429 10.966513223946093 709.58363469131291 4.5846339464187622
leaf_count=983 58 664 2119 46 21 255 59 27 17 23 67 149 3407 88
internal_value=0.00967983 0.00146856 0.0149921 0.0326957 0.014111 0.0234019 0.0125514 0.0263319 0.00564592 -0.0240885 0.00270628 -0.00763598 0.00463502 0.0540703
internal_weight=2215.67 870.352 1345.32 63.7843 1281.53 184.194 1097.34 177.74 32.6807 16.0383 850.323 133.653 716.67 7.08664
internal_count=7983 5358 2625 104 2521 343 2178 322 67 40 4375 813 3562 155
is_linear=0
shrinkage=0.05


Tree=48
num_leaves=15
num_cat=0
split_feature=12 13 14 0 4 4 3 10 17 3 9 4 0 4
split_gain=48.1317 18.689 9.95526 12.4511 7.15482 7.50421 40.0592 16.5993 14.3494 12.9367 15.5964 15.2753 14.494 13.5708
threshold=0.01460708952406631 0.56689948910325116 4.5000000000000009 5.0015000000000009 3.5000000000000004 352.50000000000006 189.50000000000003 0.032383945469855208 1.5000000000000002 357.50000000000006 1.4977336327571957 10.500000000000002 602.50000000000011 318.50000000000006
decision_type=2 2 2 2 2 2 2 2 2 2 2 2 2 2
left_child=1 -1 3 -3 -2 8 -7 -8 9 10 13 -12 -13 -6
right_child=4 2 -4 -5 5 6 7 -9 -10 -11 11 12 -14 -15
leaf_value=-0.051024928348608403 -0.02001308404701348 -0.0071092276602286696 0.0025388174679360463 -0.057779508683152986 -0.0095541643415137205 -0.14031133460002532 0.022652639576762588 0.0030985059400666704 0.0042211574553574415 0.044336240908341949 0.0090483120999044469 0.030829724657406739 -0.00087643121644463522 0.041436734581621393
leaf_weight=18.435803364962339 15.325010225176809 151.54024585336447 679.13476586528122 13.178214458748696 75.243537530303001 4.4358693808317176 177.13189166784286 280.23180484771729 171.44678039848804 52.163450360298157 165.22775240987539 327.95748141407967 40.495363801717758 15.786060586571692
leaf_count=950 43 816 3368 190 172 20 310 584 353 74 388 556 87 23
internal_value=0.00797103 -0.00122378 -0.000135765 -0.0111631 0.0139529 0.0143502 0.00922132 0.0106716 0.0171422 0.020415 0.0184175 0.0216803 0.027345 -0.000711486
internal_weight=2187.73 862.289 843.853 164.718 1325.45 1310.12 461.8 457.364 848.32 676.874 624.71 533.681 368.453 91.0296
internal_count=7934 5324 4374 1006 2610 2567 914 894 1653 1300 1226 1031 643 195
is_linear=0
shrinkage=0.05


Tree=49
num_leaves=15
num_cat=0
split_feature=13 3 0 0 8 2 17 1 8 15 0 0 0 0
split_gain=34.9442 19.6934 11.4065 21.5828 10.0412 9.70374 16.7926 12.0169 13.0587 12.3406 7.69466 17.7369 11.9921 9.1173
threshold=27.958993477632809 152.50000000000003 0.99950000000000017 0.94700000000000006 0.9329535770000007 168.50000000000003 24.500000000000004 212.50000000000003 2.1614247075000006 -0.9159756150367534 0.85350000000000004 0.7915000000000002 0.76400000000000012 0.88650000000000018
decision_type=2 2 2 2 2 2 2 2 2 2 2 2 2 2
left_child=1 5 3 4 -2 7 -7 8 9 -1 11 12 -6 -12
right_child=2 -3 -4 -5 10 6 -8 -9 -10 -11 13 -13 -14 -15
leaf_value=-0.020399441134628209 0.063989958301764446 -0.034958266169672646 0.014479966369264054 -0.085145667079907547 -0.0054078455027830414 -0.05618846640468949 0.12767172408623406 -0.058430932486731604 0.050709281793759914 0.0033239964991564723 0.062363452295857297 -0.060184339458257324 0.062557590658891341 -0.005464827053950445
leaf_weight=61.43424460850656 6.4199313074350348 39.067656844854355 1451.1208622530103 7.3820642679929724 47.660014130175114 1.8524424713104952 3.767902011051774 8.3679182883352023 13.3973465077579 508.9686351120472 9.4031666144728678 13.451715208590029 7.5133827626705161 10.471584990620611
leaf_count=372 11 1379 2910 35 216 41 13 238 25 2532 19 62 20 34
internal_value=0.00929862 -0.000564898 0.0133424 -0.00279421 0.0036104 0.00168283 0.0670722 0.00106222 0.00191496 0.000768905 -0.000769639 -0.00870383 0.00384753 0.0266262
internal_weight=2190.28 636.856 1553.42 102.302 94.9198 597.788 5.62034 592.168 583.8 570.403 88.4999 68.6251 55.1734 19.8748
internal_count=7907 4600 3307 397 362 3221 54 3167 2929 2904 351 298 236 53
is_linear=0
shrinkage=0.05


Tree=50
num_leaves=15
num_cat=0
split_feature=12 13 12 6 4 10 10 16 16 3 11 13 6 8
split_gain=32.1046 18.3383 10.1108 10.4033 10.3122 12.0929 9.40482 30.098 11.8501 10.7912 9.73312 9.03486 10.4278 7.89847
threshold=0.01460708952406631 0.56689948910325116 13.695814219937061 580.44748821600012 855.50000000000011 0.038007080198068963 0.032383945469855208 0.91597561503675351 -0.12940952255126037 882.50000000000011 0.048351134333064823 410.88017296713116 445.43507405650001 85.005359563000013
decision_type=2 2 2 2 2 2 2 2 2 2 2 2 2 2
left_child=1 -1 3 4 11 -6 10 8 -8 -10 -4 13 -13 -2
right_child=2 -3 6 -5 5 -7 7 -9 9 -11 -12 12 -14 -15
leaf_value=-0.050934577671616105 0.014231955830212948 0.0015958008536787428 -0.021224276224133976 0.035716978458867156 0.011885371105118172 -0.069335733102696487 -0.015509329712110187 0.0530586221811509 -0.04433350990627468 -0.13643046864161812 0.03656480560384047 0.043330074525104949 0.0010413119772233429 0.0020249454387522626
leaf_weight=16.950588824227452 944.62665899097919 836.93874814547598 12.222491577267649 52.85125245153904 10.40215438604355 8.1918396353721601 10.102811902761463 8.7556522041559237 6.7085473686456645 6.0482731312513351 18.040933564305305 49.925196051597595 20.589178279042244 154.1375645250082
leaf_count=952 1887 4347 30 83 20 31 24 11 20 26 28 71 43 322
internal_value=0.00808804 0.000553018 0.0130274 0.0140112 0.0130455 -0.0238977 -0.0066979 -0.0257694 -0.055962 -0.0879986 0.0132255 0.0136329 0.0309824 0.0125195
internal_weight=2156.49 853.889 1302.6 1240.72 1187.87 18.594 61.8787 31.6153 22.8596 12.7568 30.2634 1169.28 70.5144 1098.76
internal_count=7895 5299 2596 2457 2374 51 139 81 70 46 58 2323 114 2209
is_linear=0
shrinkage=0.05


Tree=51
num_leaves=15
num_cat=0
split_feature=6 12 12 3 10 10 4 12 12 6 0 7 4 8
split_gain=35.4393 21.4062 12.1426 14.4834 10.9698 14.5302 18.46 16.4065 12.7549 17.8926 39.7665 10.5161 18.2435 12.8378
threshold=85.005359064500013 -0.97402350352783418 13.695814219937061 721.50000000000011 0.48035421019805064 0.16388072069811196 278.50000000000006 13.695814026472492 6.6458885345841976 232.97950326750001 113.89650000000002 260.14146603450007 648.50000000000011 84.950479580500044
decision_type=2 2 2 2 2 2 2 2 2 2 2 2 2 2
left_child=1 -1 4 -4 5 11 7 8 -7 10 -10 12 -2 -14
right_child=2 -3 3 -5 -6 6 -8 -9 9 -11 -12 -13 13 -15
leaf_value=-0.05104689765302603 0.012694908409659287 0.0017833489527437378 -0.065503244774862607 0.0023706515023367482 0.027051455772253631 0.023663690991658045 -0.031918791286001419 0.027730751134202172 -0.024658549953477632 0.020642526859138963 -0.20503137684181505 0.023482486918179817 -0.0038470903674700237 -0.1002660866723387
leaf_weight=19.518674165010452 434.65912488661706 1086.0630659945309 9.3758549690246564 48.602780520915985 157.33568701148033 14.978412613272665 37.981291756033897 53.508135423064232 14.533708885312086 9.9498883634805662 3.8692470341920844 262.20686605572701 8.0714978873729688 6.0324053019285193
leaf_count=1060 851 4839 31 101 294 27 100 91 37 18 21 459 18 28
internal_value=0.00711532 0.000850649 0.0136426 -0.00860539 0.0149285 0.0126733 -0.00237618 0.0092107 -0.013659 -0.0333761 -0.0625822 0.0155271 0.0108789 -0.0450866
internal_weight=2166.69 1105.58 1061.1 57.9786 1003.13 845.791 134.821 96.8394 43.3313 28.3528 18.403 710.97 448.763 14.1039
internal_count=7975 5899 2076 132 1944 1650 294 194 103 76 58 1356 897 46
is_linear=0
shrinkage=0.05


Tree=52
num_leaves=15
num_cat=0
split_feature=6 13 4 6 10 8 17 17 5 14 16 9 1 10
split_gain=34.5645 16.3695 8.88218 30.5258 19.9641 15.201 14.7961 13.4916 12.5733 14.7844 11.3526 15.7921 12.4867 9.91113
threshold=85.005359061500016 0.56689948910325116 275.50000000000006 194.11431782250006 0.16388072069811196 84.979344858999994 3.5000000000000004 6.5000000000000009 258.50000000000006 17.500000000000004 -0.5 2.440285302428276 72.500000000000014 0.10576182986920592
decision_type=2 2 2 2 2 2 2 2 2 2 2 2 2 2
left_child=1 -1 6 8 -5 -6 -2 -8 9 -4 -9 13 -13 -12
right_child=2 -3 3 4 5 -7 7 10 -10 -11 11 12 -14 -15
leaf_value=-0.050842166584139627 0.021470669655552985 0.0010960848458920868 -0.10712688885037217 0.014074633512006546 0.004265057667954133 -0.058330182017255365 -0.051927446257627789 0.038457087766989556 0.013957353695418121 -0.02349979356980544 -0.044154641406228975 -0.0061087219899491141 0.059882564227964133 0.015478340970495065
leaf_weight=15.399586454965172 443.74151250161231 1019.7355855125934 9.5759496688842827 497.81077571213245 22.385951802134514 17.113850370049477 11.149774972349404 20.993402902036905 7.586024045944213 11.794593989849089 24.322659805417061 16.196708202362064 12.859675303101538 9.7651195339858514
leaf_count=956 839 4757 38 946 46 52 35 35 18 32 73 37 15 19
internal_value=0.00688902 0.000323405 0.0130379 0.00866481 0.0113598 -0.0228552 0.0176319 -0.000244687 -0.0413423 -0.0609723 0.00660423 -0.00398582 0.0230975 -0.0270716
internal_weight=2140.43 1035.14 1105.3 566.267 537.311 39.4998 539.029 95.2873 28.9566 21.3705 84.1376 63.1442 29.0564 34.0878
internal_count=7898 5713 2185 1132 1044 98 1053 214 88 70 179 144 52 92
is_linear=0
shrinkage=0.05


Tree=53
num_leaves=15
num_cat=0
split_feature=8 11 13 13 11 3 11 7 0 14 15 12 4 0
split_gain=24.3154 19.9115 13.69 12.317 29.9678 25.8688 16.927 13.8111 12.2228 10.8134 7.22222 6.53446 13.1305 21.1715
threshold=2.7034894360000004 0.73117661618791185 0.56689948910325116 0.90574110575205447 0.69072606703686523 374.50000000000006 0.49320803756572479 10.964506932000001 0.49250000000000005 22.500000000000004 -0.9159756150367534 13.695814219937061 767.00000000000011 833.57150000000013
decision_type=2 2 2 2 2 2 2 2 2 2 2 2 2 2
left_child=1 2 -1 4 5 -4 7 10 -2 -3 -5 -10 13 -13
right_child=8 9 3 6 -6 -7 -8 -9 11 -11 -12 12 -14 -15
leaf_value=-0.050807275035180177 -0.042721053353277014 -0.064545526076545609 -0.052201068157415834 -0.0150345055269283 0.25717427665525833 0.26270415437833722 -0.054093303066404474 0.051871128600284346 0.011534977727903795 0.058717084260267727 0.0028014843990062468 0.0021150130559272041 0.0081532016643068462 -0.11871963422976728
leaf_weight=12.790733959525822 10.72576120495796 16.966269378550354 3.5891199093312016 63.700157981365919 1.6111342962831257 0.79697959311306465 13.750932542607186 13.575769511982797 1422.8549826554954 1.9877077070996154 520.68151037767529 9.2059524208307248 46.020455598831177 5.9795526713132849
leaf_count=830 58 412 107 370 15 7 292 58 3095 19 2540 20 92 24
internal_value=0.00695288 -0.00112488 0.000393074 0.00145327 0.0727596 0.00501903 0.000754179 0.00201548 0.0104625 -0.0516189 0.000857283 0.0108469 -0.00514992 -0.0454657
internal_weight=2144.24 649.45 630.496 617.706 5.99723 4.3861 611.708 597.957 1494.79 18.954 584.382 1484.06 61.206 15.1855
internal_count=7939 4650 4219 3389 129 114 3260 2968 3289 431 2910 3231 136 44
is_linear=0
shrinkage=0.05


Tree=54
num_leaves=15
num_cat=0
split_feature=6 1 7 12 12 1 17 16 1 6 4 14 3 17
split_gain=24.8277 15.4193 17.4883 17.672 12.2993 12.1361 15.6289 12.0751 11.4725 11.0158 20.2541 13.4421 11.2514 10.5826
threshold=85.005359064500013 191.50000000000003 29.608937727500003 0.14203657912606363 13.695814078352688 178.50000000000003 14.500000000000002 -0.37940952255126015 8.5000000000000018 296.19938415450002 507.00000000000006 14.500000000000002 99.500000000000014 1.0000000180025095e-35
decision_type=2 2 2 2 2 2 2 2 2 2 2 2 2 2
left_child=1 5 3 -3 13 6 8 -8 -1 10 12 -11 -6 -2
right_child=4 2 -4 -5 9 -7 7 -9 -10 11 -12 -13 -14 -15
leaf_value=0.0011729755209070037 0.018653569348981668 -0.032073659429796252 0.010118541108942503 -0.15752766287631603 -0.10843226821948615 0.063690742639649828 0.01026656491170125 -0.10432314545905444 0.020462108759924255 -0.0059007146113058623 -0.074658846402022472 0.020767348809067998 0.0030702454841096943 0.006087727245206496
leaf_weight=912.26623971760273 560.69551383331418 41.766189124435186 27.560824916698039 3.0093485563993445 2.3738738596439353 8.0850337548181397 3.7078796569257975 6.0505560822784883 84.200395894236863 89.168516173958778 11.90259902179241 100.52000391483307 48.193994894623756 238.95988170430064
leaf_count=3787 1075 1572 152 14 10 20 13 37 201 198 46 179 99 495
internal_value=0.00638637 0.00108591 -0.0212172 -0.0405054 0.0118624 0.00267648 0.00218623 -0.0607829 0.00280289 0.00223393 -0.0159767 0.00823126 -0.00216416 0.0148985
internal_weight=2138.46 1086.65 72.3364 44.7755 1051.81 1014.31 1006.23 9.75844 996.467 252.159 62.4705 189.689 50.5679 799.655
internal_count=7898 5796 1738 1586 2102 4058 4038 50 3988 532 155 377 109 1570
is_linear=0
shrinkage=0.05


Tree=55
num_leaves=15
num_cat=0
split_feature=12 13 9 4 10 15 3 13 10 0 10 14 8 4
split_gain=24.7934 14.526 11.9168 13.8821 14.4183 14.213 11.3825 10.7707 13.6205 13.0111 20.2944 20.0884 19.8439 10.7088
threshold=0.01460708952406631 0.56689948910325116 1.2051985078958893 930.50000000000011 0.0027296459923915194 -0.9159756150367534 160.50000000000003 259.7521663246095 0.0076610192335180754 3326.5000000000005 0.24869387941144847 7.5000000000000009 26.407337687500007 349.50000000000006
decision_type=2 2 2 2 2 2 2 2 2 2 2 2 2 2
left_child=1 -1 6 4 5 -4 -2 8 -6 12 11 -11 -10 -9
right_child=2 -3 3 -5 7 -7 -8 13 9 10 -12 -13 -14 -15
leaf_value=-0.050745045355070052 -0.024709641701179438 0.0013788747720756378 -0.065056794435592161 -0.052432581904630994 0.048056696943539909 -0.001651658168912228 0.02500216951944554 0.01698823547271917 -0.0064360207892010914 0.032607607255944339 0.055584682704071714 -0.072145638102444051 -0.099379215844937793 0.0050229467804796092
leaf_weight=13.58252954483032 12.198980778455732 839.73970284871757 9.6940684616565687 9.0094226449727994 9.2466873675584775 100.14187954366207 205.32441580295563 610.91589851677418 13.658113539218904 7.8776742666959825 11.718517228960989 10.921966612339018 9.9097051471471769 269.48393186926842
leaf_count=954 31 4337 32 32 13 219 358 1235 31 13 15 36 39 554
internal_value=0.00715105 0.000549206 0.0115519 0.00936915 0.00989763 -0.00724777 0.0222143 0.0118931 -0.00802252 -0.01761 0.00394093 -0.0282505 -0.0455164 0.0133257
internal_weight=2133.42 853.322 1280.1 1062.58 1053.57 109.836 217.523 943.732 63.3327 54.086 30.5182 18.7996 23.5678 880.4
internal_count=7899 5291 2608 2219 2187 251 389 1936 147 134 64 49 70 1789
is_linear=0
shrinkage=0.05


Tree=56
num_leaves=15
num_cat=0
split_feature=6 13 12 17 8 8 5 14 0 10 10 12 11 2
split_gain=23.8704 13.4822 9.51737 8.34315 16.3211 13.0389 24.4649 32.322 12.6434 11.4572 11.318 10.8628 9.55613 9.33956
threshold=85.005359062500006 0.56689948910325116 1.6778231692700614 1.0000000180025095e-35 85.005359372000001 85.005362194999989 398.50000000000006 16.500000000000004 14.193500000000002 0.051244068477868561 0.003168737992787302 13.69581413457753 0.83255546828922489 467.50000000000006
decision_type=2 2 2 2 2 2 2 2 2 2 2 2 2 2
left_child=1 -1 -2 4 12 6 10 -8 -5 -10 -6 13 -4 -12
right_child=2 -3 3 8 5 -7 7 -9 9 -11 11 -13 -14 -15
leaf_value=-0.050705585941482591 0.034826891126576699 0.00050207925632750122 0.017768861093194619 -0.059999041182421144 -0.089449573312387662 0.025881166772759368 -0.11410828655115396 0.0093054093378761651 -0.0055820268052646053 0.015579685261668585 0.010431336852522607 0.021841003664562136 -0.031080241335639663 -0.021493517022522862
leaf_weight=13.015130907297133 38.761338563635945 1036.7109554056078 532.85633178055286 7.9810200482606879 3.340654805302619 40.569645598530769 11.2288805693388 10.05692610144615 142.79757605493069 115.85373936593533 42.714076727628708 52.296418905258179 10.2034355700016 49.408945694565773
leaf_count=962 81 4831 1033 25 12 72 45 20 314 217 84 95 28 125
internal_value=0.00520918 -0.000132824 0.0105091 0.00958433 0.0122767 0.000425752 -0.00568334 -0.0557989 0.00198405 0.00389662 0.00153613 0.00364078 0.016851 -0.00669113
internal_weight=2107.8 1049.73 1058.07 1019.31 752.675 209.616 169.046 21.2858 266.632 258.651 147.76 144.419 543.06 92.123
internal_count=7944 5793 2151 2070 1514 453 381 65 556 531 316 304 1061 209
is_linear=0
shrinkage=0.05


Tree=57
num_leaves=15
num_cat=0
split_feature=13 4 13 5 10 4 4 0 16 11 13 13 12 14
split_gain=15.9108 15.327 20.2125 13.8238 15.3742 21.4717 20.8138 23.1196 19.0178 17.7045 16.0416 14.3609 9.71385 11.2201
threshold=0.56689948910325116 21.500000000000004 410.88016821900686 46.500000000000007 0.16388072069811196 128.50000000000003 275.50000000000006 82.165000000000006 0.78656609248549303 0.033529132714509323 410.88016956234372 410.88017051268315 13.695814042253783 10.500000000000002
decision_type=2 2 2 2 2 2 2 2 2 2 2 2 2 2
left_child=-1 2 -2 -3 5 8 7 -6 -5 -8 -11 -12 13 -9
right_child=1 3 -4 4 6 -7 9 12 -10 10 11 -13 -14 -15
leaf_value=-0.050676208060193885 0.0025391003754121153 0.019749257176620919 -0.076971964055745454 -0.10810427345756353 -0.060322998709524678 0.011052153918184156 0.015167849498892728 0.040850476096171026 0.0043754593815845885 -0.11318887133399945 -0.0017487366529832734 -0.09462613457114985 0.046490258103414207 -0.026488581186646393
leaf_weight=12.370698586106299 1039.6058186311275 290.78474221937358 8.0548563450574857 7.1939122788608056 10.385112836956976 637.68892964720726 10.524349153041838 10.482536345720293 7.8681210093200207 9.628533750772478 12.14020821452141 6.3331923037767401 21.88652391731739 15.091916069388388
leaf_count=957 4307 1045 29 32 32 1262 20 16 19 38 26 23 31 39
internal_value=0.00586127 0.00619629 0.00192779 0.0104962 0.00690494 0.00965846 -0.0117259 0.00725204 -0.049347 -0.0401469 -0.0608627 -0.0335897 0.0220384 0.00111256
internal_weight=2100.04 2087.67 1047.66 1040.01 749.223 652.751 96.4724 57.8461 15.062 38.6263 28.1019 18.4734 47.461 25.5745
internal_count=7876 6919 4336 2583 1538 1313 225 118 51 107 87 49 86 55
is_linear=0
shrinkage=0.05


Tree=58
num_leaves=15
num_cat=0
split_feature=13 4 13 13 7 7 13 13 8 8 11 15 7 17
split_gain=15.0703 13.2021 23.2335 9.84646 9.82658 10.1964 9.65442 24.8921 9.82879 9.5205 11.6615 7.99237 7.84189 23.6053
threshold=0.56689948910325116 21.500000000000004 410.88016823329764 9.7544519078242242 4.9114758540000008 3.7903208630000003 410.88017836727403 410.88017670239378 85.005361241000017 85.005360159000006 0.058832756773437217 1.0000000180025095e-35 10.687598290500002 1.0000000180025095e-35
decision_type=2 2 2 2 2 2 2 2 2 2 2 2 2 2
left_child=-1 2 3 -2 5 -3 7 8 9 12 -11 -7 13 -6
right_child=1 4 -4 -5 6 11 -8 -9 -10 10 -12 -13 -14 -15
leaf_value=-0.050642891271382086 -0.052304058971064188 0.019524311136077659 -0.098962424876548785 0.003695433882924272 0.011415342878380192 0.10285219428221036 0.041017042657193206 -0.075606429796788596 0.028908433755277324 -0.0019376051834417826 -0.061934045381342895 0.022186776066380115 0.010345231138703909 -0.082927642847678756
leaf_weight=11.535814129747449 7.9090024698525658 88.075402557849884 5.5863323956727973 1046.4981182925403 24.186992989853024 7.0641202814877015 23.075622648000717 8.7606635093688947 58.474079370498657 59.216931581497192 9.3824443817138654 5.431964211165905 746.31859910674393 9.1341535132378322
leaf_count=937 258 242 23 4080 79 21 34 30 98 131 30 31 1714 152
internal_value=0.00634942 0.00666262 0.00273658 0.00327539 0.0106675 0.025521 0.00907588 0.00827076 0.00908118 0.00771438 -0.0101434 0.0677875 0.00928566 -0.0144464
internal_weight=2110.65 2099.11 1059.99 1054.41 1039.12 100.571 938.549 915.474 906.713 848.239 68.5994 12.4961 779.64 33.3211
internal_count=7860 6923 4361 4338 2562 294 2268 2234 2204 2106 161 52 1945 231
is_linear=0
shrinkage=0.05


Tree=59
num_leaves=15
num_cat=0
split_feature=13 0 0 16 0 11 6 0 10 6 4 10 15 15
split_gain=14.1925 13.4325 12.3592 9.86187 9.83616 9.86654 13.7625 10.5035 8.81872 8.97323 22.0223 14.329 16.4134 8.34183
threshold=0.56689948910325116 0.99950000000000017 0.9125000000000002 -0.9159756150367534 1.0015000000000003 0.022485041054121711 2.1601393020000006 1.2655000000000001 0.42036924032394768 322.97600477700007 673.50000000000011 0.1608726473050324 -0.78656609248549292 0.91597561503675362
decision_type=2 2 2 2 2 2 2 2 2 2 2 2 2 2
left_child=-1 2 3 -2 -3 -6 -7 13 9 10 -9 -11 -13 -8
right_child=1 4 -4 -5 5 6 7 8 -10 11 -12 12 -14 -15
leaf_value=-0.050609461668868296 0.014473061364433751 0.026188520857628003 -0.0473897226461302 -0.0016506163376220784 0.0317312352970874 -0.07791917001818599 -0.023524102160886462 0.0036401665281732536 0.016116121637817438 0.01524439573348205 -0.073933039735595119 0.01799789360671666 -0.072233828701033162 0.033013453018239623
leaf_weight=11.120551093481479 114.8971301689744 76.752684384584427 13.372408822178839 543.14246656000614 41.68368211388588 4.7516411524265996 43.083338931202888 626.94160136207938 276.45751448720694 314.3742108643055 9.2846182882785779 9.8377830833196658 10.333971336483954 7.6884847730398169
leaf_count=950 408 136 57 2725 72 67 161 2033 598 599 38 18 34 18
internal_value=0.00572645 0.00602584 0.000197611 0.00116466 0.00877926 0.00778538 0.0070192 0.00733013 0.00823761 0.00599396 0.00250812 0.0126232 -0.0282277 -0.0149625
internal_weight=2103.72 2092.6 671.412 658.04 1421.19 1344.44 1302.75 1298 1247.23 970.772 636.226 334.546 20.1718 50.7718
internal_count=7914 6964 3190 3133 3774 3638 3566 3499 3320 2722 2071 651 52 179
is_linear=0
shrinkage=0.05


Tree=60
num_leaves=15
num_cat=0
split_feature=0 0 0 13 0 17 8 8 4 14 2 10 11 10
split_gain=13.7531 19.4305 15.7037 14.172 10.6403 8.29788 15.0986 10.7704 12.3296 20.9175 15.5149 10.8741 13.6646 16.0978
threshold=0.99950000000000017 0.9125000000000002 1.0015000000000003 0.56689948910325116 1.3235000000000003 1.0000000180025095e-35 85.005359563000013 85.005362194999989 710.00000000000011 16.500000000000004 791.50000000000011 0.019232284573113993 0.069476098717721355 0.10406861330874981
decision_type=2 2 2 2 2 2 2 2 2 2 2 2 2 2
left_child=1 -1 -2 -4 -5 6 -6 8 10 -10 11 -8 13 -13
right_child=2 -3 3 4 5 -7 7 -9 9 -11 -12 12 -14 -15
leaf_value=0.00039970781478574697 0.030363556822603582 -0.064763183707061758 -0.050580885234867756 -0.012546244723266826 0.013867038475813604 0.0019038858129108314 -0.10563243048502886 0.020524644118548218 -0.097291119034263102 0.0065493771879300685 0.015402560610629577 0.016376309898944393 -0.071157418030552297 -0.05183530482055379
leaf_weight=655.68795324116945 74.153730660676956 11.64305294305086 10.701136956922708 64.987286686897278 735.64059330895543 371.42169785499573 3.6420958936214438 38.293436154723167 9.8967916220426577 9.5098310410976392 55.546589285135269 29.081900730729103 9.2409177571535093 12.311027660965918
leaf_count=3129 127 54 960 219 1670 1371 14 72 39 23 105 54 30 37
internal_value=0.00518609 -0.000737202 0.0079611 0.00673081 0.00718865 0.00819487 0.010782 -0.00276525 -0.00966656 -0.0464061 -0.00317435 -0.0221862 -0.0161839 -0.00391109
internal_weight=2091.76 667.331 1424.43 1350.27 1339.57 1274.58 903.163 167.523 129.229 19.4066 109.823 54.2759 50.6338 41.3929
internal_count=7904 3183 4721 4594 3634 3415 2044 374 302 62 240 135 121 91
is_linear=0
shrinkage=0.05


Tree=61
num_leaves=15
num_cat=0
split_feature=4 7 15 9 9 12 13 17 8 0 5 9 5 0
split_gain=19.5441 12.6987 9.9438 13.8306 26.6526 8.93682 8.20828 9.94342 13.4402 8.05795 14.8732 9.33969 7.72541 15.418
threshold=29.500000000000004 5.3122029740000007 -0.98296291314453399 1.3071986902434554 1.1662238736693364 -0.93508722680131928 410.88017836727403 81.500000000000014 85.005359177500011 211.00750000000002 17.500000000000004 86.849402375405916 46.500000000000007 37.081500000000005
decision_type=2 2 2 2 2 2 2 2 2 2 2 2 2 2
left_child=-1 9 3 4 -3 -4 7 12 -9 11 -11 -2 -7 -14
right_child=1 2 5 -5 -6 6 -8 8 -10 10 -12 -13 13 -15
leaf_value=-5.2955981447749606e-05 0.050423844101825356 0.0088766679314099661 -0.051343207806341773 0.001786137201573752 -0.13809356497650158 0.020976812635000893 0.043224167706887126 -0.076005113521173617 0.019852337363966924 -0.18128348600347816 0.010239735963055108 0.013190158976690902 -0.041280178442905574 0.0087122164588014795
leaf_weight=1108.9123839363456 39.713969005271792 6.6091816015541536 6.0499741239473215 34.813824467360973 5.7846737951040268 127.23794755898416 17.814537987112999 7.9316001329570991 6.7847249209880829 1.1934258844703425 6.7303119925782084 29.244554184377193 15.783977523446081 673.79712988622487
leaf_count=5285 98 35 376 76 25 303 26 38 12 7 168 60 44 1372
internal_value=0.00449297 0.00963956 0.00797801 -0.0143616 -0.0597198 0.00921089 0.00964222 0.00892277 -0.0318116 0.0291464 -0.0186063 0.0346334 0.00965666 0.00756793
internal_weight=2088.4 979.49 902.608 47.2077 12.3939 855.4 849.35 831.535 14.7163 76.8823 7.92374 68.9585 816.819 689.581
internal_count=7925 2640 2307 136 60 2171 1795 1769 50 333 175 158 1719 1416
is_linear=0
shrinkage=0.05


Tree=62
num_leaves=15
num_cat=0
split_feature=8 11 6 11 0 11 13 0 0 0 0 0 0 0
split_gain=15.4445 24.0901 9.59208 9.48973 17.4556 14.4032 14.0093 9.15101 9.54788 11.5916 9.09054 10.0354 9.60812 11.8402
threshold=2.1614247075000006 0.73117661618791185 9.7527981195000013 0.69072606703686523 200.05900000000003 0.56955271321817413 27.958993477632809 0.85350000000000004 0.7915000000000002 0.73850000000000005 0.88650000000000018 0.99950000000000017 1.0015000000000003 1.1360000000000003
decision_type=2 2 2 2 2 2 2 2 2 2 2 2 2 2
left_child=1 3 -2 5 -5 6 -1 8 9 -4 -9 -12 -13 -14
right_child=2 -3 7 4 -6 -7 -8 10 -10 -11 11 12 13 -15
leaf_value=-0.0015513803898945877 0.058094056160362756 -0.06374743067859609 -0.014356922666492961 0.1761751948442328 -0.014621193143679288 -0.063171035086419913 0.039120315887832997 0.058307496331223729 -0.047111350527940146 0.039050336300637083 -0.029630315968697769 0.025608755255389273 -0.030830884768082434 0.0076684492258316337
leaf_weight=587.2630392415449 9.2480121701955778 15.415387047454713 41.390194334089756 2.13526084460318 2.7332660285755992 9.1840178947895748 21.964351892471313 8.8884459957480413 14.307283423840998 13.464916087687014 17.88371667265892 73.815465867519379 20.296245984733105 1245.0117464680225
leaf_count=3759 13 428 197 21 59 324 35 16 62 40 73 133 79 2687
internal_value=0.00447267 -0.00200167 0.00733573 -0.000474528 0.0690592 -0.00102194 -8.5052e-05 0.00700862 -0.0107351 -0.0012474 0.00790708 0.00757695 0.00807385 0.0070509
internal_weight=2083 638.695 1444.31 623.28 4.86853 618.411 609.227 1435.06 69.1624 54.8551 1365.9 1357.01 1339.12 1265.31
internal_count=7926 4626 3300 4198 80 4118 3794 3287 299 237 2988 2972 2899 2766
is_linear=0
shrinkage=0.05


Tree=63
num_leaves=15
num_cat=0
split_feature=12 14 6 11 0 0 0 0 0 8 11 0 4 3
split_gain=13.6984 10.5369 19.1356 15.8312 7.99552 9.58466 8.64566 7.07694 13.7785 7.12013 7.11198 11.2726 11.0184 15.4136
threshold=-0.73097753731019566 16.500000000000004 17.856602968500003 0.5758650161855271 0.85350000000000004 0.7915000000000002 0.76400000000000012 1.0315000000000001 1.1360000000000003 84.979344858999994 0.028914541553387133 474.70650000000006 280.50000000000006 444.50000000000006
decision_type=2 2 2 2 2 2 2 2 2 2 2 2 2 2
left_child=1 -1 -3 -4 5 6 -2 9 -9 -6 11 12 -10 -14
right_child=4 2 3 -5 7 -7 -8 8 10 -11 -12 -13 13 -15
leaf_value=-0.051147100094501401 0.00081222224763113178 -0.02659779926400745 0.20040402673654786 -0.05149863686108528 0.038883564308872 -0.041351380488977706 0.048259386710065674 -0.044017741018076567 0.029322184065471421 0.011319459397048055 0.0059920913790448976 0.042712182754717366 -0.082363278878005541 0.018791747188962864
leaf_weight=19.16508573573083 621.66326152533293 9.2916435012593848 1.9737820997834199 0.91186728514730919 33.087027370929718 13.296145141124724 9.7516303285956365 13.444754481315611 16.75034183263779 80.255784824490547 1209.600783854723 34.310834839940071 7.2173250615596753 7.8749953210353851
leaf_count=1108 3025 491 28 39 52 58 24 60 29 201 2707 53 26 16
internal_value=0.00476685 -0.0280381 0.00833163 0.120803 0.00526908 0.000660331 0.001545 0.0073876 0.00633449 0.019366 0.00686514 0.0228286 0.00140374 -0.0295818
internal_weight=2078.6 31.3424 12.1773 2.88565 2047.25 644.711 631.415 1402.54 1289.2 113.343 1275.75 66.1535 31.8427 15.0923
internal_count=7917 1666 558 67 6251 3107 3049 3144 2891 253 2831 124 71 42
is_linear=0
shrinkage=0.05


Tree=64
num_leaves=15
num_cat=0
split_feature=12 12 12 17 11 5 1 12 8 0 5 5 15 8
split_gain=12.6013 7.00771 15.1682 12.3697 19.4169 15.3567 19.5133 12.2571 10.4867 11.3413 10.0086 23.9127 9.92161 8.42679
threshold=-0.73097753731019566 12.773957907115348 11.916242897053264 1.5000000000000002 0.045062611268046011 67.500000000000014 76.500000000000014 11.145300899807493 84.921885215000003 1197.6005000000002 508.00000000000006 299.50000000000006 1.0000000180025095e-35 85.005359078500021
decision_type=2 2 2 2 2 2 2 2 2 2 2 2 2 2
left_child=-1 2 7 4 -4 6 12 13 -3 -10 11 -11 -6 -2
right_child=1 8 3 -5 5 -7 -8 -9 9 10 -12 -13 -14 -15
leaf_value=-0.02718775054313349 0.0021066870535321864 0.017836111112981314 0.034421782089068591 -0.078723308167601064 -0.084739292792494411 -0.08491950844839119 0.06264144242736551 0.028708235823518433 0.0070744768292659594 -0.0064386720570327799 0.011994783441350534 -0.11819469033011326 -0.0082283113290207138 0.022435574467246977
leaf_weight=30.216412106528878 1055.4900145679712 234.48220335692167 15.191647499799727 8.2623967081308347 7.0796397477388444 10.195923462510107 6.4581845402717581 48.736550182104111 561.72351059317589 14.549006864428522 13.216931432485579 7.1334940791130057 10.553287886083124 53.56409102678299
leaf_count=1656 4117 460 25 28 38 36 8 84 1219 33 26 29 29 99
internal_value=0.00486566 0.00533889 0.00291963 -0.0220911 -0.0126341 -0.0334833 -0.0117143 0.00416696 0.00887718 0.00535617 -0.0223007 -0.0432062 -0.0389476 0.00308851
internal_weight=2076.85 2046.64 1215.53 57.7411 49.4787 34.287 24.0911 1157.79 831.105 596.623 34.8994 21.6825 17.6329 1109.05
internal_count=7887 6231 4464 164 136 111 75 4300 1767 1307 88 62 67 4216
is_linear=0
shrinkage=0.05


Tree=65
num_leaves=15
num_cat=0
split_feature=0 0 13 11 6 13 10 17 4 4 9 14 14 4
split_gain=16.1957 17.4748 16.0923 8.95005 10.236 9.51751 15.9885 9.75765 29.0483 9.42525 22.7164 15.6334 9.07083 8.54329
threshold=0.99950000000000017 0.94700000000000006 0.72708737942122192 0.036114346813113977 3.5552659055000002 410.88017670239378 0.036137695693214657 80.500000000000014 32.500000000000007 469.50000000000006 1.2802834010525956 18.500000000000004 14.500000000000002 30.500000000000004
decision_type=2 2 2 2 2 2 2 2 2 2 2 2 2 2
left_child=1 -1 -2 9 -5 7 -7 -6 13 -4 -11 -12 -10 -9
right_child=2 -3 3 4 5 6 -8 8 12 10 11 -13 -14 -15
leaf_value=-0.001854361250764567 -0.050753924172922377 -0.08030251216510581 0.027907898465267096 -0.052559972598959531 0.007490576611443406 0.0036260825415739073 -0.088750949032908991 -0.0040178809990532678 -0.044093668830809431 0.022227284208656089 -0.11607565578000477 -0.0038139027203117574 -0.13315241562362842 0.076964808428340456
leaf_weight=659.98729622364044 12.057759605348108 7.1760180369019499 97.143822971731424 7.4409820903092614 1198.36489700526 14.123289212584497 7.0084058642387381 9.3144318908453005 6.7373432666063291 32.43449641764164 5.9195440709590894 6.5136734992265701 4.9669604618102312 5.0075861234217873
leaf_count=3164 1058 37 172 136 3065 30 26 70 29 60 25 16 31 10
internal_value=0.0037181 -0.00269815 0.00676045 0.00725759 0.00590927 0.00625858 -0.0270111 0.00683278 -0.0234552 0.0191537 0.000199994 -0.0572625 -0.0818876 0.0242971
internal_weight=2074.2 667.163 1407.03 1394.98 1252.96 1245.52 21.1317 1224.39 26.0263 142.012 44.8677 12.4332 11.7043 14.322
internal_count=7929 3201 4728 3670 3397 3261 56 3205 140 273 101 41 60 80
is_linear=0
shrinkage=0.05


Tree=66
num_leaves=15
num_cat=0
split_feature=12 17 17 14 3 1 10 11 10 11 4 7 16 3
split_gain=12.0154 11.4029 16.3789 12.1994 12.7894 8.43335 10.76 17.8286 8.28691 7.51311 8.61735 15.3632 17.0134 44.4041
threshold=-0.73097753731019566 21.500000000000004 22.500000000000004 18.500000000000004 379.50000000000006 8.5000000000000018 0.48035421019805064 0.96163105425419315 0.054385347190145213 0.03971067036301254 352.50000000000006 233.71512733700004 -0.37940952255126015 484.50000000000006
decision_type=2 2 2 2 2 2 2 2 2 2 2 2 2 2
left_child=1 -1 -3 -4 8 -2 9 -8 -5 -7 -11 12 -12 -14
right_child=5 2 3 4 -6 6 7 -9 -10 10 11 -13 13 -15
leaf_value=-0.051056171052783587 0.0020233345281279822 0.21272299222674051 -0.051139632311437581 -0.051924194885929878 0.23009656678996479 0.015099306544174938 0.024148233384849296 -0.040012641938802461 0.10614842747938746 0.0084629789956760081 0.0086024228902012081 0.0042127145534063782 -0.020255266723377855 -0.1569559350461624
leaf_weight=18.231859790161256 938.76330813765526 0.94059325661510129 6.0122715099714679 1.944218095391989 0.87299517355859269 194.23717810213566 162.51371186971664 11.600024327635763 1.4456153679639099 445.93018066883087 29.151489123702049 221.41642864048481 41.780815064907074 6.9251072704792014
leaf_count=1183 3854 14 359 95 5 383 334 32 21 985 61 464 105 33
internal_value=0.00505912 -0.0266527 0.0130167 -0.0052646 0.0594373 0.00551414 0.008457 0.0198736 0.0154868 0.00634107 0.00405824 -0.002505 -0.0216093 -0.0396916
internal_weight=2081.77 29.4476 11.2157 10.2751 4.26283 2052.32 1113.55 174.114 3.38983 939.441 745.204 299.274 77.8574 48.7059
internal_count=7928 1677 494 480 121 6251 2397 366 116 2031 1648 663 199 138
is_linear=0
shrinkage=0.05


Tree=67
num_leaves=15
num_cat=0
split_feature=12 10 12 14 11 0 6 12 11 0 7 0 6 2
split_gain=10.0521 7.0182 11.751 6.90663 7.678 8.62613 6.5582 15.4066 10.0989 6.48319 9.2024 25.7928 8.47784 12.9359
threshold=-0.97984750174127655 0.0028972839519702067 13.695814022766763 18.500000000000004 0.028914541553387133 611.69400000000007 468.69715041450007 13.69581411502662 0.047772409217940626 0.99950000000000017 102.81704263250002 37.081500000000005 16.298697479500003 98.500000000000014
decision_type=2 2 2 2 2 2 2 2 2 2 2 2 2 2
left_child=-1 2 -2 4 5 -3 7 9 -9 -5 12 -12 13 -11
right_child=1 3 -4 6 -6 -7 -8 8 -10 10 11 -13 -14 -15
leaf_value=-0.050470239504817882 0.0011029693072558259 -0.00078755838246268083 -0.050802357946596349 -0.021132479386635147 0.0032799157802358724 0.048067569181029349 0.030778066891153994 -0.00073351730769123148 -0.064016753735898643 -0.10229786172467761 -0.10941846736117021 0.0091794820631035719 0.025897396251973855 0.023063840997313227
leaf_weight=8.4650871492922288 757.97684349492192 16.10796582698822 11.063314989209173 12.917468935251234 899.88447281625122 20.577116683125496 42.988247618079185 15.259852066636087 10.742239803075789 3.3331385198980552 4.8075328022241584 98.779515996575356 143.60312272422016 5.3782363049685955
leaf_count=956 3280 36 33 62 2702 32 73 35 37 26 19 201 308 104
internal_value=0.00390308 0.00412833 0.000356266 0.00640463 0.00419398 0.0266159 0.0125336 0.00987336 -0.0268777 0.0134282 0.0151727 0.00367528 0.022992 -0.0249019
internal_weight=2051.88 2043.42 769.04 1274.38 936.57 36.6851 337.809 294.821 26.0021 268.819 255.902 103.587 152.314 8.71137
internal_count=7904 6948 3313 3635 2770 68 865 792 72 720 658 220 438 130
is_linear=0
shrinkage=0.05


Tree=68
num_leaves=15
num_cat=0
split_feature=0 0 16 13 14 11 6 0 11 11 0 15 8 8
split_gain=10.8223 15.9133 12.1119 10.3508 6.93907 6.48456 10.9261 9.29837 8.13703 6.19028 11.8085 26.4775 9.21611 8.26901
threshold=0.99950000000000017 0.94700000000000006 -0.9159756150367534 0.56689948910325116 11.500000000000002 0.027637837086859313 2.1601393020000006 456.22950000000009 0.01598935021515269 0.54091293803385654 3.0075000000000007 0.60355339059327384 85.005362194999989 2.1614247075000006
decision_type=2 2 2 2 2 2 2 2 2 2 2 2 2 2
left_child=1 2 4 -2 -1 7 -7 8 -5 10 11 -8 -12 -11
right_child=3 -3 -4 5 -6 6 9 -9 -10 13 12 -13 -14 -15
leaf_value=0.029775923898290681 -0.050442572857772719 -0.078647078712226925 -0.0037943020397166157 0.026988361518844008 0.0048917389883844304 -0.074671853705168392 -0.063308040212478572 0.044348729449737903 -0.027288035299741331 -0.019518338780187591 0.0036395543322747881 0.031011746040198532 0.025043950385214914 0.01271577544303041
leaf_weight=42.979657292366028 7.9704082291573277 6.592652015388011 543.31816577538848 15.830457985401155 80.463334187865257 4.1836468670517197 18.979557149112228 27.154619006440043 12.247915565967558 20.904190822504461 807.6967299990356 12.238655030727385 53.629173561930656 412.45782563649118
leaf_count=134 950 35 2731 28 300 72 76 44 34 521 1945 21 95 948
internal_value=0.00385825 -0.00134646 -0.00058214 0.00637359 0.0135558 0.00670048 0.00600338 0.0234876 0.00331275 0.00625793 0.00387737 -0.0263313 0.00497227 0.0111609
internal_weight=2066.65 673.354 666.761 1393.29 123.443 1385.32 1330.09 55.233 28.0784 1325.91 892.544 31.2182 861.326 433.362
internal_count=7934 3200 3165 4734 434 3784 3678 106 62 3606 2137 97 2040 1469
is_linear=0
shrinkage=0.05


Tree=69
num_leaves=15
num_cat=0
split_feature=6 11 4 11 0 16 6 3 13 17 4 4 7 10
split_gain=12.8 8.14258 13.2466 12.2579 10.9593 28.2619 21.9904 27.7215 7.6261 7.44539 10.0394 8.24886 25.6813 15.2428
threshold=85.00535906650002 0.52021777935736491 21.500000000000004 0.94523752430584207 26.092000000000002 0.91597561503675351 125.15219499700002 79.500000000000014 0.56689948910325116 64.500000000000014 417.50000000000006 275.50000000000006 80.126162271000013 0.16388072069811196
decision_type=2 2 2 2 2 2 2 2 2 2 2 2 2 2
left_child=8 2 -2 -3 5 6 -4 -8 -1 11 -11 -6 -13 -14
right_child=1 3 4 -5 9 -7 7 -9 -10 10 -12 12 13 -15
leaf_value=-0.050413863364382874 -0.061805752578417875 0.024052594146377171 -0.0086372501349846476 -0.034468511793258418 0.016096078917991561 0.036664835443586931 -0.17741417550905039 -0.02972357756193782 -0.00019804017966111375 -0.058442698587926889 0.019457365062374405 -0.074370297506058711 0.0089090314665235364 -0.02317759321334616
leaf_weight=7.6138495164923361 7.2230312228202811 112.93773831985891 16.697104483842853 9.7180740684270841 235.7453724751249 15.620823636651037 5.737903028726576 7.1195710003376007 1082.9417023137212 9.6949611268937606 7.2130575180053702 10.04021096229553 469.54861834645271 40.180515497922897
leaf_count=960 24 244 41 26 465 27 29 19 4937 32 13 38 959 101
internal_value=0.00314481 0.00739599 0.00560855 0.0194159 0.00620412 -0.0177328 -0.0464842 -0.0956334 -0.000548628 0.00760408 -0.0252101 0.00833845 0.00481991 0.00637973
internal_weight=2038.03 947.477 824.821 122.656 817.598 45.1754 29.5546 12.8575 1090.56 772.423 16.908 755.515 519.769 509.729
internal_count=7915 2018 1748 270 1724 116 89 48 5897 1608 45 1563 1098 1060
is_linear=0
shrinkage=0.05


Tree=70
num_leaves=15
num_cat=0
split_feature=13 13 0 6 6 9 13 0 13 12 11 11 16 16
split_gain=8.67287 10.6715 13.0549 9.18922 8.9704 11.0282 7.44218 7.37357 11.8548 8.14531 9.22583 13.2972 9.78039 8.22824
threshold=259.7521663246095 184.42613516551145 6507.5000000000009 72.031060911000012 268.17553102300008 10.306486615832531 0.56689948910325116 1.3595000000000004 410.20341832626303 13.695814013694118 0.57132512175651651 0.53566317320038792 0.37940952255126048 -0.60355339059327384
decision_type=2 2 2 2 2 2 2 2 2 2 2 2 2 2
left_child=1 6 4 -2 5 -3 -1 8 -5 10 11 12 -10 -12
right_child=3 2 -4 7 -6 -7 -8 -9 9 -11 13 -13 -14 -15
leaf_value=-0.050403095488760589 0.034326155203343832 -0.12907281330627515 0.0096355136418583912 0.023601506654232617 -0.010916175677053244 -0.030533572488286392 0.00084373465469914804 0.0070815861728685293 -0.035754178236358014 0.014288405506376726 0.0075066646800436192 -0.063969535105973183 0.038996507997389435 -0.018610608507809767
leaf_weight=7.1528617632575324 27.770099371671677 6.1766263842582756 12.455344393849371 35.607140727341175 6.7011398226022711 5.2552271634340286 740.67801090423018 1004.5152873247862 10.209969200193884 34.234107717871666 58.516544684767723 18.782289110124111 7.6580336429178706 62.226326838135719
leaf_count=939 49 26 26 73 16 15 3922 2166 44 72 201 69 26 256
internal_value=0.00331865 -0.000830431 -0.0297771 0.0058829 -0.0568492 -0.0837743 0.000353568 0.00524163 -0.00289208 -0.00781497 -0.0126226 -0.0345947 -0.00371684 -0.00595319
internal_weight=2037.94 778.419 30.5883 1259.52 18.133 11.4319 747.831 1231.75 227.234 191.627 157.393 36.6503 17.868 120.743
internal_count=7900 4944 83 2956 57 41 4861 2907 741 668 596 139 70 457
is_linear=0
shrinkage=0.05


Tree=71
num_leaves=15
num_cat=0
split_feature=17 8 13 1 10 6 11 11 8 11 4 6 2 8
split_gain=10.933 8.93278 7.73171 6.68277 10.1681 13.0974 11.399 8.20568 15.1743 9.55264 8.32524 11.0006 12.9672 11.0344
threshold=178.50000000000003 5.678624061999991 0.56689948910325116 8.5000000000000018 0.48035421019805064 4.4529543375000005 0.97353263481594876 0.7799897807604107 2.1614247075000006 0.036114346813113977 21.500000000000004 9.1597061565000022 17.500000000000004 2.7034894360000004
decision_type=2 2 2 2 2 2 2 2 2 2 2 2 2 2
left_child=2 -2 -1 -4 5 -5 -6 9 -9 -7 11 13 -13 -11
right_child=1 -3 3 4 6 7 -8 8 -10 10 -12 12 -14 -15
leaf_value=-0.05037846170980266 0.0019557052054575519 -0.12464758579026264 -5.0737536690051821e-06 -0.064183281580491719 0.020152947494379528 0.01603731562590963 -0.035656196902007158 -0.057885007003025041 0.039182264937648134 -0.054435586086585698 0.0022119469752888356 0.01802096455246072 -0.061008885557871997 0.0889867199746667
leaf_weight=6.7766484878957263 2.5611699433065942 3.0554182529449463 927.20339791476727 7.0527627402916542 160.8961940035224 125.12521476298571 9.7011294048279506 4.5928574427962294 32.636947583407164 2.0869113095104721 723.3132361639291 7.2731344848871258 18.126005839556456 3.7524642944335938
leaf_count=940 57 13 3859 204 348 251 28 143 57 62 1867 14 99 3
internal_value=0.00274664 -0.0669164 0.00293952 0.00311824 0.00576401 0.00369324 0.0169793 0.00421534 0.0272076 0.00324226 0.00112049 -0.0241516 -0.0383784 0.0377296
internal_weight=2034.15 5.61659 2028.54 2021.76 1094.56 923.96 170.597 916.907 37.2298 879.677 754.552 31.2385 25.3991 5.83938
internal_count=7945 70 7875 6935 3076 2700 376 2496 200 2296 2045 178 113 65
is_linear=0
shrinkage=0.05


Tree=72
num_leaves=15
num_cat=0
split_feature=12 13 0 13 0 0 13 12 10 16 9 9 3 11
split_gain=10.3591 7.3427 18.1156 8.08057 9.69929 9.09532 8.20885 8.07036 11.2001 21.9498 19.0442 16.9578 9.03483 7.72489
threshold=-0.97402350352783418 0.90574110575205447 186.50000000000003 376.05766578062338 0.49250000000000005 20674.153500000004 371.51578750429434 13.695814219937061 0.025913949614690211 0.91597561503675351 1.1903253298629022 1.2980889917755991 1122.5000000000002 0.01598935021515269
decision_type=2 2 2 2 2 2 2 2 2 2 2 2 2 2
left_child=-1 2 -2 5 -5 6 -3 12 -9 10 -10 -12 13 -6
right_child=1 3 -4 4 7 -7 -8 8 9 -11 11 -13 -14 -15
leaf_value=-0.050641988306333624 0.16615185299819279 -0.0016998131676338277 -0.051724030131001658 -0.042162324173836328 0.037977575175965159 0.023481655185205896 -0.063561145798382193 0.014220055809153196 -0.014827770568940343 0.042193593909688271 -0.15893440592428298 -0.038676580873937223 0.037541827423573683 0.0055840798816869921
leaf_weight=9.0833152048289758 2.1974926386028524 796.60842959303409 1.6860889699310062 10.614460363984106 18.728267893195152 36.270938746631145 5.3990518003702155 23.77988001704216 15.058410704135897 8.033742889761923 5.9618781059980375 5.7671298235654831 23.408332198858261 1063.5900443643332
leaf_count=1059 23 3888 64 58 31 83 18 47 36 12 28 18 38 2520
internal_value=0.00263415 0.00287406 0.0715592 0.00274156 0.00541723 -0.00100868 -0.00211626 0.00585098 -0.0122312 -0.0302951 -0.052035 -0.0998039 0.00680929 0.00614461
internal_weight=2026.19 2017.1 3.88358 2013.22 1174.94 838.278 802.007 1164.33 58.601 34.8212 26.7874 11.729 1105.73 1082.32
internal_count=7923 6864 87 6777 2788 3989 3906 2730 141 94 82 46 2589 2551
is_linear=0
shrinkage=0.05


Tree=73
num_leaves=15
num_cat=0
split_feature=13 11 4 8 17 12 8 17 6 0 15 4 6 10
split_gain=10.6352 9.13423 13.9321 8.20425 19.8341 20.2961 20.5258 14.6393 11.2131 10.3088 7.82729 7.53314 25.4631 9.54502
threshold=285.77293746797062 0.036114346813113977 1035.5000000000002 84.964320424500031 1.0000000180025095e-35 9.9267411720212575 78.333551066500021 31.500000000000004 305.10799932250006 1599.0000000000002 -0.37940952255126059 469.50000000000006 364.21082443850008 0.075812260655881647
decision_type=2 2 2 2 2 2 2 2 2 2 2 2 2 2
left_child=-1 11 3 4 -3 7 -7 -6 10 -5 -8 -2 13 -13
right_child=1 2 -4 9 5 6 8 -9 -10 -11 -12 12 -14 -15
leaf_value=-0.002408580695343744 0.026392561292838592 0.01780590786760821 -0.048414722785978623 0.0021357229209413072 -0.097076276026497793 0.028491513059628871 0.029261348446820285 -0.0056330534912536513 -0.064212523885103609 -0.039680304904100301 -0.030457368577620738 -0.023466327430296158 0.024268636386622071 -0.11367012555695502
leaf_weight=779.18708517681807 84.542279936373234 251.71094244718552 12.733655765652655 750.6838039457798 10.087099775671961 36.368805229663849 9.7379616945981979 7.731545776128768 12.070933192968367 15.034048035740851 12.56913548707962 7.0533620417118055 31.935131177306175 5.0199112519621849
leaf_count=4979 155 506 40 1919 37 61 16 17 38 42 34 19 59 22
internal_value=0.00217425 0.00503718 0.00358675 0.00418545 0.0106454 -0.00970525 0.0023071 -0.0573989 -0.0253936 0.00131471 -0.0043877 0.0176598 0.000883732 -0.0609719
internal_weight=2026.47 1247.28 1118.73 1105.99 340.276 88.5655 70.7468 17.8186 34.378 765.718 22.3071 128.551 44.0084 12.0733
internal_count=7944 2965 2710 2670 709 203 149 54 88 1961 50 255 100 41
is_linear=0
shrinkage=0.05


Tree=74
num_leaves=15
num_cat=0
split_feature=12 0 2 8 13 12 0 0 1 14 4 8 3 17
split_gain=10.3474 11.6797 16.3775 12.7042 10.4245 8.54709 19.2972 11.6195 37.6948 11.4234 15.4783 14.8182 10.5302 10.5212
threshold=13.046143337666452 1912.0000000000002 781.50000000000011 84.921885215000003 410.68103079318035 13.657191328501694 78.562500000000014 82.165000000000006 95.500000000000014 15.500000000000002 345.50000000000006 85.005359688500008 191.50000000000003 2.5000000000000004
decision_type=2 2 2 2 2 2 2 2 2 2 2 2 2 2
left_child=-1 3 -3 -2 -5 6 -6 -7 -9 10 11 -10 -11 -12
right_child=1 2 -4 4 5 7 -8 8 9 12 13 -13 -14 -15
leaf_value=-0.00068472368320914999 0.019112127841048099 0.011950961202696606 -0.077818873173489747 0.049147935166037632 -0.043702749823481199 0.01243173253911381 0.02534374735294951 -0.12260897445533947 -0.0037493035083323331 -0.020996930770665022 -0.031751274933374221 0.060579809607948558 0.018578553531641697 0.024189021464226253
leaf_weight=1256.979883200489 184.46528658270836 10.714166060090067 9.6630050987005216 12.46753580868244 27.544278658926487 247.29676409065723 15.995960518717764 6.4058417454361907 37.906672902405262 20.407567135989666 65.336261078715324 11.719743832945822 95.303641602396965 9.6463028937578184
leaf_count=6234 366 22 33 19 100 529 29 27 87 54 176 14 183 17
internal_value=0.0020941 0.00672126 -0.0306186 0.00775718 0.00394904 0.00290076 -0.0183362 0.00477246 -0.00290454 0.000286238 -0.0102185 0.0114426 0.0115988 -0.0245547
internal_weight=2011.85 754.873 20.3772 734.496 550.031 537.563 43.5402 494.023 246.726 240.32 124.609 49.6264 115.711 74.9826
internal_count=7890 1656 55 1601 1235 1216 129 1087 558 531 294 101 237 193
is_linear=0
shrinkage=0.05


Tree=75
num_leaves=15
num_cat=0
split_feature=12 8 10 14 4 8 10 2 8 12 8 14 4 8
split_gain=7.90397 9.97333 9.70975 22.3149 15.3645 13.976 8.34223 17.9862 13.8642 12.333 12.4873 13.2285 10.1026 6.96055
threshold=13.046143337666452 84.641716083500015 0.0063356507401377861 19.500000000000004 34.500000000000007 85.005359595500011 0.032383945469855208 1028.0000000000002 85.005360457000037 13.63091204589619 85.005359413000022 7.5000000000000009 806.50000000000011 84.568879929000019
decision_type=2 2 2 2 2 2 2 2 2 2 2 2 2 2
left_child=-1 13 3 4 -3 -6 -4 9 12 10 11 -8 -9 -2
right_child=1 2 6 -5 5 -7 7 8 -10 -11 -12 -13 -14 -15
leaf_value=0.00020402233382267915 0.015313726958878849 0.022351258037643068 0.022872873540191435 -0.089426388958108866 -0.09387611897648955 0.0041695365369319283 0.020759251647592597 -0.034325636542496395 -0.0044053757319750244 0.0089144333853745719 0.021267738406659822 -0.072477576039907426 -0.11373679630027267 0.057760483241080719
leaf_weight=1274.4257662673481 138.00283132493496 24.816190823912621 62.607559785246849 8.854280084371565 6.9125778526067716 7.664925754070282 5.1760535687208238 12.711707070469858 30.116399005055428 410.91286674886942 9.8555747419595701 14.354971699416636 5.8474435955286017 10.3849501311779
leaf_count=6279 282 45 114 33 25 16 14 35 69 891 19 63 27 14
internal_value=0.00259894 0.00667814 0.00380696 -0.0177023 -0.00158131 -0.0423232 0.00568842 0.00348815 -0.0253532 0.00667659 -0.0246152 -0.0477682 -0.0593458 0.0182844
internal_weight=2022.64 748.218 599.831 48.248 39.3937 14.5775 551.583 488.975 48.6755 440.299 29.3866 19.531 18.5592 148.388
internal_count=7926 1647 1351 119 86 41 1232 1118 131 987 96 77 62 296
is_linear=0
shrinkage=0.05


Tree=76
num_leaves=15
num_cat=0
split_feature=13 5 5 11 4 13 15 15 17 13 11 11 7 4
split_gain=7.02252 6.45767 24.8903 8.86961 9.00624 5.59692 12.3193 11.9862 8.12591 5.97821 9.64207 11.6911 5.30159 16.7587
threshold=0.56689948910325116 709.00000000000011 648.00000000000011 0.042416250846175681 1016.0000000000001 0.90574110575205447 -1.0000000180025095e-35 -0.60355339059327362 93.500000000000014 7.5597044024900892 0.3960094629967798 0.38388550074336852 297.28812622350006 782.50000000000011
decision_type=2 2 2 2 2 2 2 2 2 2 2 2 2 2
left_child=-1 2 5 -3 -5 6 7 8 -2 10 11 -7 13 -11
right_child=1 3 -4 4 -6 9 -8 -9 -10 12 -12 -13 -14 -15
leaf_value=-0.050347475619015251 -0.052189933556325299 0.055226249498442764 -0.086426032916005938 0.037948587837381788 -0.028619167889139874 -0.051887671148518603 -0.051278861323126514 0.17964409204132267 0.115939605600468 0.0022148101203030759 -0.051179298445157964 0.18562372663016319 0.010404771299712449 -0.069283665057111726
leaf_weight=6.2529087285511187 1.5936828888952734 13.798824295401571 7.8638949096202841 9.7624510228633898 10.595983773469923 1.0368024017661803 2.2330245310440651 2.1377021837979555 1.3089005295187233 1753.0192458629608 10.532388661056755 1.0356665346771476 203.47776970267296 8.2342221364378911
leaf_count=952 54 19 28 16 28 32 101 29 5 5738 492 8 416 35
internal_value=0.00255871 0.00272195 0.00235241 0.0242783 0.00330197 0.00270419 0.0464847 0.0897974 0.023627 0.00254315 -0.0317809 0.0668029 0.00276335 0.00188054
internal_weight=2032.88 2026.63 1992.47 34.1573 20.3584 1984.61 7.27331 5.04029 2.90258 1977.34 12.6049 2.07247 1964.73 1761.25
internal_count=7953 7001 6938 63 44 6910 189 88 59 6721 532 40 6189 5773
is_linear=0
shrinkage=0.05


Tree=77
num_leaves=15
num_cat=0
split_feature=12 12 17 16 5 1 12 16 13 11 0 2 17 2
split_gain=7.2428 9.61158 10.4797 9.46098 13.1943 21.6331 11.1129 10.9414 9.32954 8.79822 8.14973 7.67646 6.76636 6.61157
threshold=13.046143337666452 11.916242897053264 1.5000000000000002 1.0000000180025095e-35 62.500000000000007 909.50000000000011 12.441576512570089 -0.9159756150367534 410.88017018756705 0.040556734132691022 2014.8995000000002 781.50000000000011 166.50000000000003 527.50000000000011
decision_type=2 2 2 2 2 2 2 2 2 2 2 2 2 2
left_child=1 12 3 6 -5 -6 7 -3 -8 -7 -2 -12 -1 -14
right_child=10 2 -4 4 5 9 8 -9 -10 -11 11 -13 13 -15
leaf_value=0.0017149134063075549 0.0072144850194781635 -0.016526939038164472 -0.057010056326150221 0.031636581455628268 -0.089971814272254091 0.042621889029562432 0.012321207651286421 -0.11698231821363705 -0.05964838647063047 -0.022751021704832397 0.0051165813799258749 -0.06099294047051388 -0.090808693843735452 0.037150204856263656
leaf_weight=1167.894041961059 731.27633885294199 5.0149875730276108 12.804369166493414 24.303275063633919 7.719918608665469 9.7557688206434268 15.243643268942835 5.8990956395864469 6.3908820375800124 10.894298702478407 8.9708191305398959 8.6013356298208219 3.7120676860213271 1.3865691637620328
leaf_count=5946 1610 15 39 52 28 16 37 29 22 28 19 27 73 4
internal_value=0.00250523 0.000207058 -0.0148336 -0.00849674 0.00459911 -0.0185627 -0.0296897 -0.0708234 -0.00893875 0.00813328 0.00640592 -0.0272431 0.001464 -0.0560104
internal_weight=2019.87 1271.02 98.0262 85.2219 52.6733 28.37 32.5486 10.9141 21.6345 20.6501 748.848 17.5722 1172.99 5.09864
internal_count=7945 6289 266 227 124 72 103 44 59 44 1656 46 6023 77
is_linear=0
shrinkage=0.05


Tree=78
num_leaves=15
num_cat=0
split_feature=13 5 5 11 3 11 11 1 13 8 11 3 8 8
split_gain=6.55866 5.28237 23.4609 5.23481 9.94507 8.18435 15.9848 10.2595 9.50853 30.1145 12.3923 9.70178 8.16841 9.62017
threshold=0.56689948910325116 709.00000000000011 659.50000000000011 0.99681048294243479 1.0000000180025095e-35 0.5393543131360824 0.53566317320038792 8.5000000000000018 0.90574110575205447 1.8784879535000008 0.71144723922918063 258.50000000000006 5.678624061999991 41.153910958500013
decision_type=2 2 2 2 2 2 2 2 2 2 2 2 2 2
left_child=-1 2 3 5 -5 6 -2 -8 10 -10 11 -7 -11 -14
right_child=1 -3 -4 4 -6 8 7 -9 9 12 -12 -13 13 -15
leaf_value=-0.050329230673624263 0.0019851138040035748 0.02134581021705562 -0.09239520669266002 -0.003423350587189867 -0.070083390506785734 0.047039069688817353 -0.11318185944539581 -0.018173113267037938 -0.063616386457125071 0.039284986209709931 -0.051412010077574725 0.20114826205379385 -0.023810738261002065 0.013059966484738735
leaf_weight=5.9693500110879532 1448.9587183464319 35.242258191108704 6.5860662758350363 211.76548984646797 5.7470619743689886 2.1620729947462669 4.7549840509891492 7.0606740135699511 13.445246529765425 26.73247204720974 1.423492453061044 1.9354802519083021 19.188878178596497 226.68446952104568
leaf_count=957 4968 67 24 686 36 37 23 24 420 63 60 17 49 506
internal_value=0.00200318 0.00215847 0.00181633 0.00213132 -0.00518463 0.00303943 0.0015128 -0.0564076 0.0106878 0.00943341 0.0756806 0.119833 0.0130363 0.0101824
internal_weight=2017.66 2011.69 1976.45 1969.86 217.513 1752.35 1460.77 11.8157 291.572 286.051 5.52105 4.09755 272.606 245.873
internal_count=7937 6980 6913 6889 722 6167 5015 47 1152 1038 114 54 618 555
is_linear=0
shrinkage=0.05


Tree=79
num_leaves=15
num_cat=0
split_feature=13 3 13 10 5 5 6 4 13 14 3 17 12 8
split_gain=6.31277 4.45566 7.68834 13.9095 7.38921 12.184 5.55049 7.14845 4.40603 9.96168 8.39412 6.67756 5.0853 3.68275
threshold=0.56689948910325116 1927.0000000000002 410.88017670239378 0.036137695693214657 709.00000000000011 642.50000000000011 580.44748821600012 954.50000000000011 0.90574110575205447 12.500000000000002 258.50000000000006 93.500000000000014 -0.93508722680131928 85.005359595500011
decision_type=2 2 2 2 2 2 2 2 2 2 2 2 2 2
left_child=-1 2 4 -4 5 6 7 8 9 -2 11 -11 -10 -14
right_child=1 -3 3 -5 -6 -7 -8 -9 12 10 -12 -13 13 -15
leaf_value=-0.050313944285265803 -0.051267311477259547 0.03610566144525245 0.0020687223529184933 -0.075081127554930516 0.036883777381386533 -0.069753757599252411 0.024802845140665056 -0.050393805195537517 -0.051145478007654482 -0.051939306082209216 0.14521090891586036 0.098756954037621775 0.0031412998541013575 -0.0042492621188588995
leaf_weight=5.6850031223148099 2.1163479266688219 9.785551503300665 16.721763819456104 8.979524299502371 15.627559944987295 5.8389277458190909 27.700688324868679 6.4244366139173499 4.4426698330789796 1.5418893946334722 2.4458965081721544 1.4049214310944078 1706.7223893478513 187.03278516232967
leaf_count=957 98 17 37 32 26 19 53 25 219 56 25 6 5913 422
internal_value=0.00229955 0.00244935 0.0022836 -0.0248859 0.00263963 0.00236458 0.00258166 0.00225975 0.00243725 0.0406619 0.0767392 0.0199066 0.00228604 0.00241139
internal_weight=2002.47 1996.79 1987 25.7013 1961.3 1945.67 1939.83 1912.13 1905.71 7.50906 5.39271 2.94681 1898.2 1893.76
internal_count=7905 6948 6931 69 6862 6836 6817 6764 6739 185 87 62 6554 6335
is_linear=0
shrinkage=0.05


Tree=80
num_leaves=15
num_cat=0
split_feature=13 17 5 14 4 13 17 5 5 15 11 11 6 4
split_gain=5.80875 5.23994 23.909 6.01191 4.74293 23.3533 12.1243 9.8036 23.3747 17.2895 8.21572 7.3784 15.5911 15.2895
threshold=0.56689948910325116 105.50000000000001 20.500000000000004 21.500000000000004 21.500000000000004 410.88016821900686 27.500000000000004 46.500000000000007 56.500000000000007 -0.37940952255126059 0.078585198909901219 0.12097609423408349 136.12040950850005 237.50000000000003
decision_type=2 2 2 2 2 2 2 2 2 2 2 2 2 2
left_child=-1 4 -3 -4 5 6 -2 10 9 -9 -6 12 13 -10
right_child=1 2 3 -5 7 -7 -8 8 11 -11 -12 -13 -14 -15
leaf_value=-0.050295158330938117 0.00030454590252443846 0.023100092000377548 -0.12866584060079597 -0.028085852629860866 0.037971156045548952 -0.099142681766965168 -0.070321777646746783 -0.1107378955972696 -0.012764202234939931 -0.012650701445365642 0.0094481977787612866 0.017965067390847536 0.0024096264225616231 -0.10460602577847528
leaf_weight=5.4462120924144974 1029.162880031392 10.044312226586046 4.7986346064135423 2.1519567407667637 28.486569628119469 5.9876721501350394 6.1127187740057698 7.8356292098760632 14.606378734111788 10.530073670670388 221.94651453290135 70.61861458607018 588.44815123826265 6.5699359923601142
leaf_count=968 4288 44 55 10 48 25 62 31 35 31 932 136 1281 27
internal_value=0.00127231 0.00141223 -0.0262335 -0.0975255 0.00164829 -0.000681925 -0.000112463 0.00420494 0.00116231 -0.0544991 0.0126927 0.0026651 0.000892757 -0.0412581
internal_weight=2012.75 2007.3 16.9949 6.95059 1990.31 1041.26 1035.28 949.042 698.609 18.3657 250.433 680.243 609.624 21.1763
internal_count=7973 7005 109 65 6896 4375 4350 2521 1541 62 980 1479 1343 62
is_linear=0
shrinkage=0.05


Tree=81
num_leaves=15
num_cat=0
split_feature=17 0 0 16 17 0 11 0 5 7 12 9 12 9
split_gain=6.43502 15.318 14.8413 10.5402 11.7615 8.99221 11.9004 9.18836 8.75595 17.7795 16.3973 10.2276 12.9135 13.69
threshold=1.0000000180025095e-35 14.193500000000002 2.9905000000000004 -0.98296291314453399 14.500000000000002 1.9240000000000002 0.99403801742386422 0.64200000000000013 720.50000000000011 434.03719364400007 11.44139229028953 1.2200524555891921 10.288234802873898 1.2438557921750992
decision_type=2 2 2 2 2 2 2 2 2 2 2 2 2 2
left_child=-1 2 5 4 -3 6 7 -2 9 11 -11 -5 -13 -14
right_child=1 3 -4 8 -6 -7 -8 -9 -10 10 -12 12 13 -15
leaf_value=0.003246430135487745 -0.037137450825656587 -0.12878944173012621 -0.090867623712859058 0.01604167833017137 0.0090835090164951438 0.039143903424642114 -0.09655522715806987 0.048815544560309017 0.037229643629832672 -0.0095548298526307082 -0.10368346790457139 -0.023701436575028413 -0.067147587394550415 0.0066107228007617359
leaf_weight=1631.8228142322041 9.2620627582073265 3.3586818743497124 9.0530487149953824 86.833125657401979 2.8674441524781287 5.6828977763652793 5.258134499192237 4.6804754436016074 15.369433954358099 11.283363923430445 7.8424339741468421 61.259773680474609 6.5724395066499701 146.91592761129141
leaf_count=5707 50 39 34 1420 30 9 26 7 25 26 30 192 21 304
internal_value=0.00188733 -0.00400736 -0.0360486 -0.00083072 -0.065292 -0.0161046 -0.0324567 -0.00828324 0.000363485 -0.00140327 -0.0481518 0.00156144 -0.00429362 0.00345236
internal_weight=2008.06 376.239 33.9366 342.303 6.22613 24.8836 19.2007 13.9425 336.076 320.707 19.1258 301.581 214.748 153.488
internal_count=7920 2213 126 2087 69 92 83 57 2018 1993 56 1937 517 325
is_linear=0
shrinkage=0.05


Tree=82
num_leaves=15
num_cat=0
split_feature=1 6 16 7 7 17 7 12 11 2 1 12 4 17
split_gain=8.11302 8.97215 8.51609 7.78269 15.7998 17.6837 12.1511 11.8789 11.5748 9.42553 9.42391 8.69466 8.12387 7.71022
threshold=9.5000000000000018 3.5552659055000002 0.37940952255126048 4.9114758540000008 10.687598290500002 1.0000000180025095e-35 18.349071420000005 3.5642072137739707 0.85624623472337491 71.500000000000014 135.50000000000003 13.695814018422118 17.500000000000004 12.500000000000002
decision_type=2 2 2 2 2 2 2 2 2 2 2 2 2 2
left_child=2 -2 -1 7 5 -5 11 -3 13 -7 -11 -6 -8 -9
right_child=1 3 -4 4 6 9 12 8 -10 10 -12 -13 -14 -15
leaf_value=0.0017500168249207 -0.046725011373374363 0.046628013969879339 -0.0084011659145895017 -0.0024507659920202781 0.040118515236808427 -0.13712345981820917 -0.039848055003876226 0.018087926183773216 -0.042468751801672817 0.083217191664145471 -0.065764362688683797 -0.025968318974764783 0.0040695773015892046 -0.024713321680611626
leaf_weight=636.55071552097797 8.3786466196179372 25.765962896402925 305.89256947487593 23.792323654517531 36.285606900695711 4.1201317701488724 10.666494568809865 104.85845715552568 9.9197146296501142 1.2198915481567372 8.1734165516681951 5.7680965736508361 822.36158987088129 11.695459440350531
leaf_count=2432 538 273 1482 160 276 22 39 230 29 1 414 17 2014 31
internal_value=0.00184013 0.00481318 -0.00154479 0.00521878 0.00347252 -0.0283945 0.00483105 0.0156843 0.0093803 -0.0740722 -0.0464164 0.031054 0.00350723 0.0137931
internal_weight=2015.45 1073.01 942.443 1064.63 912.388 37.3058 875.082 152.24 126.474 13.5134 9.39331 42.0537 833.028 116.554
internal_count=7958 4044 3914 3506 2943 597 2346 563 290 437 415 293 2053 261
is_linear=0
shrinkage=0.05


Tree=83
num_leaves=15
num_cat=0
split_feature=0 0 10 11 11 16 4 6 12 0 5 12 14 14
split_gain=5.90428 10.7585 8.76014 8.71775 12.7505 21.377 14.1297 11.4043 9.86606 7.79198 10.4366 7.78567 8.74845 7.45488
threshold=1.3595000000000004 1.0315000000000001 0.54550250972447123 0.040085839990967147 0.043160239562828849 -0.78656609248549325 1156.0000000000002 4.0188644330000001 11.44139229028953 805.19650000000013 384.50000000000006 13.452706734261675 17.500000000000004 14.500000000000002
decision_type=2 2 2 2 2 2 2 2 2 2 2 2 2 2
left_child=1 -1 3 9 5 -5 7 -6 -7 10 -2 12 13 -3
right_child=2 11 -4 4 6 8 -8 -9 -10 -11 -12 -13 -14 -15
leaf_value=-0.0006944986632796198 0.0080718921311004263 -0.017164012150019583 0.012472231629869851 -0.097747675723463184 -0.058494542413886644 -0.067149097800328419 -0.088386087744282027 0.0018042424812100657 -0.0020311839345658069 0.024830819438336919 -0.041983670518032166 -0.06016290599271884 0.020967441030287349 -0.079707899753787156
leaf_weight=743.91442096233368 112.38676624745131 36.230529278516769 206.96188375167549 8.3868121355772001 7.928748548962175 6.7730137854814521 4.4345349073410025 711.2492197456304 41.200391806662083 64.812112824525684 11.476898066699503 10.990555882453917 13.462355367839335 5.4858346581459037
leaf_count=3352 239 125 481 32 618 22 16 2670 93 126 34 40 38 25
internal_value=0.000871467 -0.00241299 0.00313471 0.00113965 -0.00119331 -0.0241 0.000590822 0.00113946 -0.0112247 0.0107839 0.00343387 -0.0217333 -0.0140789 -0.0253887
internal_weight=1985.69 810.084 1175.61 968.648 779.973 56.3602 723.613 719.178 47.9734 188.676 123.864 66.1693 55.1787 41.7164
internal_count=7911 3580 4331 3850 3451 147 3304 3288 115 399 273 228 188 150
is_linear=0
shrinkage=0.05


Tree=84
num_leaves=15
num_cat=0
split_feature=12 17 16 5 8 9 8 6 2 11 2 15 3 7
split_gain=7.56603 6.95531 8.14973 7.55135 5.0884 8.91095 5.80979 11.1102 14.5413 14.5425 12.3213 5.97593 5.94069 4.79864
threshold=-0.54055632513247243 29.500000000000004 0.1294095225512602 23.500000000000004 85.005361241000017 85005359.066500023 85.005360159000006 503.32276407850003 962.50000000000011 0.049403179671036315 1267.0000000000002 -0.60355339059327362 595.50000000000011 229.87647295150003
decision_type=2 2 2 2 2 2 2 2 2 2 2 2 2 2
left_child=1 -1 -3 -4 5 6 13 8 12 10 -10 -9 -8 -2
right_child=4 2 3 -5 -6 -7 7 11 9 -11 -12 -13 -14 -15
leaf_value=-0.040419316945758246 0.00056406204203188258 -0.051470367510822734 -0.052406332298129556 0.073223504927873592 0.015312366769534397 0.030654526757906427 -0.021258255688451817 0.04399121839804071 -0.11897197722192737 -0.011638457345193004 -0.023194798058243593 -0.0080462817993283264 0.030769252598671401 0.0079891948744734067
leaf_weight=19.981124103767801 1553.5533242337406 3.4670384391210955 1.5709992935881016 5.0127747403457761 68.595795691013336 25.768152266740799 11.20209224522114 10.448430716991426 9.3430100679397601 12.877571292221544 5.2419176772236815 11.689664885401724 10.753853246569632 253.03622027486563
leaf_count=1337 5310 240 83 79 138 49 28 15 39 32 18 27 18 532
internal_value=0.00155407 -0.0233535 0.0105736 0.0432461 0.0019333 0.00145126 0.0010506 -0.0129224 -0.026109 -0.0503602 -0.084549 0.0165137 0.00422442 0.00160405
internal_weight=2002.54 30.0319 10.0508 6.58377 1972.51 1903.91 1878.15 71.5565 49.4184 27.4625 14.5849 22.1381 21.9559 1806.59
internal_count=7945 1739 402 162 6206 6068 6019 177 135 89 57 42 46 5842
is_linear=0
shrinkage=0.05


Tree=85
num_leaves=15
num_cat=0
split_feature=13 6 17 17 9 15 17 5 2 15 11 12 12 9
split_gain=5.17135 9.73574 8.43011 11.7868 11.6192 14.3058 9.51366 20.1133 8.02325 7.76025 17.0706 31.7888 21.7122 15.3225
threshold=410.8801681546982 85.005359072500013 48.500000000000007 27.500000000000004 1.2275227189128468 0.37940952255126054 78.500000000000014 45.500000000000007 104.50000000000001 0.91597561503675362 0.043945413115261116 13.695814022766763 12.594371600999951 3.6568046675628554
decision_type=2 2 2 2 2 2 2 2 2 2 2 2 2 2
left_child=2 -2 3 -1 5 -5 8 -8 -4 -3 -11 12 -12 -13
right_child=1 9 6 4 -6 -7 7 -9 -10 10 11 13 -14 -15
leaf_value=-0.00042886333302918157 0.039384035476897478 0.0057440378385761586 -0.038174666529593525 -0.090357379316791039 -0.1261607427548157 0.047154004666671474 0.0164750832530801 -0.14292204369665332 0.057481368783846964 0.022618350416877632 -0.041370911235438658 -0.033835933902016044 -0.19071774918021839 0.052570025503447984
leaf_weight=1264.6368389665149 20.20373459905386 602.12060449272394 2.4927836172282722 3.5441935840062779 3.5863698665052652 4.0557029964402318 15.376464566215875 2.2714259922504416 18.175144127802923 19.489294797182083 5.143244341015814 14.952608525753023 4.6193500906229019 7.8109798580408087
leaf_count=5900 36 1315 10 95 19 55 209 11 122 36 15 41 25 13
internal_value=0.00163969 0.00519922 -0.000186856 -0.000880856 -0.0519799 -0.0169741 0.0229217 -0.00404061 0.0459442 0.00414338 -0.0143855 -0.0365578 -0.112037 -0.00418704
internal_weight=1988.48 674.34 1314.14 1275.82 11.1863 7.5999 38.3158 17.6479 20.6679 654.136 52.0155 32.5262 9.76259 22.7636
internal_count=7902 1481 6421 6069 169 150 352 220 132 1445 130 94 40 54
is_linear=0
shrinkage=0.05


Tree=86
num_leaves=15
num_cat=0
split_feature=2 6 11 12 6 11 17 17 5 11 13 8 12 12
split_gain=7.07017 10.5513 6.64758 12.9423 7.1198 7.49635 8.15481 16.3985 10.5592 10.5412 20.7786 7.91097 23.8725 11.9784
threshold=6.5000000000000009 85.005359059500009 0.99403801742386422 3.5642072137739707 4.0188644330000001 0.5393543131360824 41.500000000000007 47.500000000000007 387.50000000000006 0.042090457230665297 410.8801686120043 2.1614247075000006 -0.96752589408323286 -0.96867696817238291
decision_type=2 2 2 2 2 2 2 2 2 2 2 2 2 2
left_child=1 -1 4 -4 -2 6 -6 -8 9 -9 -11 12 13 -7
right_child=2 -3 3 -5 5 11 7 8 -10 10 -12 -13 -14 -15
leaf_value=-0.0019160062859094038 -0.043906903070131183 -0.037372956836054003 0.0068731288519995326 -0.13006517711746571 0.0028044855142124775 0.031478569870946473 -0.14439282497647152 0.039176039289307095 0.04901288903026927 -0.011205807393454229 -0.11724330697499437 0.014787976225997791 -0.063019624550974221 0.23278649661273212
leaf_weight=856.06314572412521 7.8618184661027035 21.508913397789001 4.6366003216244271 2.7481215298175812 854.1337507199496 5.039496605284512 2.5089211808517566 5.3625738173723247 5.8910733610391608 18.097674585878853 6.203615427017211 205.16736909002066 11.316302476450799 0.86592729575932281
leaf_count=3694 599 73 38 12 2301 240 22 8 8 130 25 461 347 4
internal_value=0.000581881 -0.00278504 0.00319706 -0.0440866 0.00350815 0.00384259 0.00179537 -0.0208486 -0.0121308 -0.0242735 -0.038275 0.0120558 -0.0204937 0.0609969
internal_weight=2007.41 877.572 1129.83 7.38472 1122.45 1114.59 892.198 38.0639 35.5549 29.6639 24.3013 222.389 17.2217 5.90542
internal_count=7962 3767 4195 50 4145 3546 2494 193 171 163 155 1052 591 244
is_linear=0
shrinkage=0.05


Tree=87
num_leaves=15
num_cat=0
split_feature=10 10 11 7 13 13 1 8 13 16 11 5 6 15
split_gain=9.22059 11.8502 12.4189 10.6654 6.07271 8.80412 19.5967 8.54539 6.07031 6.58263 8.61293 8.55566 8.4743 8.47876
threshold=0.011035741315906757 0.0097946366823749489 0.073987131800000425 83.708196342000022 410.88017200250096 410.88016877456238 638.50000000000011 84.921885215000003 410.88016834762419 0.37940952255126048 0.97353263481594876 136.50000000000003 163.41146040800004 -0.37940952255126059
decision_type=2 2 2 2 2 2 2 2 2 2 2 2 2 2
left_child=1 4 -3 -4 5 8 -7 -6 9 11 12 -1 13 -11
right_child=-2 2 3 -5 7 6 -8 -9 -10 10 -12 -13 -14 -15
leaf_value=-0.00089544105334711857 0.0035500652363342974 -0.20163474834305603 -0.11411288004279108 0.062958224764313536 0.037794314813166474 -0.089971947623201001 -0.0003347644881660694 -0.013186390115222485 0.027874109596996179 0.0075562257159673962 -0.048747901978673722 0.040582037824837193 -0.050366764931244173 -0.011947399809752155
leaf_weight=429.72015807102434 1181.2129941575695 1.4852045029401768 1.7560701589100065 1.6488827466964719 20.790835380554199 9.4388812929391879 17.224017560482025 13.59440393745899 15.762790590524672 82.126517051365227 13.308970361948012 12.803222626447676 11.067552459426222 173.33176357578486
leaf_count=2098 4052 8 64 2 34 34 38 33 27 431 48 20 35 1007
internal_value=0.000738687 -0.0033914 -0.0809889 -0.0283644 -0.00291658 -0.00384076 -0.0320671 0.0176388 -0.00282115 -0.00349096 -0.00949317 0.000304598 -0.00753298 -0.00567724
internal_weight=1985.27 804.059 4.89016 3.40495 799.169 764.784 26.6629 34.3852 738.121 722.358 279.835 442.523 266.526 255.458
internal_count=7931 3879 74 66 3805 3738 72 67 3666 3639 1521 2118 1473 1438
is_linear=0
shrinkage=0.05


Tree=88
num_leaves=15
num_cat=0
split_feature=6 4 6 0 13 17 4 9 1 2 5 5 11 3
split_gain=6.75331 18.9328 15.4582 9.51526 8.54803 13.2907 12.1627 10.7042 8.64764 13.1471 8.37857 9.62557 25.4719 12.0338
threshold=301.06818936600001 548.50000000000011 287.43291779600003 466.50000000000006 410.88016832261525 19.500000000000004 382.50000000000006 1.8233707586573282 800.50000000000011 421.50000000000006 377.50000000000006 416.50000000000006 0.054279675988802976 667.50000000000011
decision_type=2 2 2 2 2 2 2 2 2 2 2 2 2 2
left_child=1 2 4 -3 6 -6 8 -7 9 -1 -2 12 13 -12
right_child=10 3 -4 -5 5 7 -8 -9 -10 -11 11 -13 -14 -15
leaf_value=-0.0012516326229443434 0.014042228624047349 -0.085441519511432404 -0.052577071048634086 -0.0050493898980900455 0.011215339856966804 -0.064934740908706282 -0.062113154848106866 0.0034591467897095887 0.026499563222514202 -0.079449537908468051 -0.03534464955764078 0.0035447289432513894 0.022012702050635415 -0.13719051683613837
leaf_weight=1243.7457671349403 193.75246198475361 9.8018981218337995 13.894422098994253 5.8939916342496863 269.71921750158072 10.705650404095651 8.1865173429250699 12.286280825734137 28.015180892776698 5.3983263224363318 6.1696984916925448 146.13863782584667 11.360796153545378 5.4735074937343597
leaf_count=6172 390 44 42 14 566 34 26 26 164 42 17 316 21 24
internal_value=0.00078287 -0.000607821 -6.9042e-05 -0.0552533 0.000393279 0.00810466 -0.00136283 -0.0283869 -0.000973424 -0.00158957 0.00694372 -0.00118761 -0.031251 -0.0832227
internal_weight=1970.54 1607.65 1591.95 15.6959 1578.06 292.711 1285.35 22.9919 1277.16 1249.14 362.895 169.143 23.004 11.6432
internal_count=7898 7130 7072 58 7030 626 6404 60 6378 6214 768 378 62 41
is_linear=0
shrinkage=0.05


Tree=89
num_leaves=15
num_cat=0
split_feature=13 4 8 6 1 6 7 17 11 8 14 5 9 0
split_gain=4.96438 5.10626 15.2832 8.79727 9.07175 12.8757 8.37207 8.65155 8.00004 10.7251 7.79157 7.10591 15.2264 11.3375
threshold=0.56689948910325116 21.500000000000004 85.005359087500025 88.253815127500005 191.50000000000003 50.017565608500007 0.25655770150000007 14.500000000000002 0.65217728143605669 3.1271139420000003 22.500000000000004 46.500000000000007 2.6466256195699489 26.092000000000002
decision_type=2 2 2 2 2 2 2 2 2 2 2 2 2 2
left_child=-1 2 3 4 6 -6 7 10 -8 -10 -2 -3 13 -13
right_child=1 11 -4 -5 5 -7 8 -9 9 -11 -12 12 -14 -15
leaf_value=-0.050269037903638319 -0.00094986179424935496 0.010585596724953725 -0.079276986190931722 -0.055624164403275403 -0.073938075307868445 0.062236347100319889 0.041437474576618991 0.061440154227591096 -0.058834982710546685 0.022841811025246822 -0.029401018267306813 -0.061252702984684507 -0.057419266018667404 0.0023469166265383291
leaf_weight=4.7890349291265002 933.04978807549924 249.60445010103285 6.3165374398231497 7.3885079193860284 8.6095946002751571 2.1742476336657992 22.858426106162369 5.4590405970811835 5.8421617075800922 12.880873575806616 24.700889348983765 7.0797937661409369 11.067492857575415 683.9582681953907
leaf_count=963 3832 1030 25 25 236 5 55 8 42 24 129 22 37 1505
internal_value=0.000576663 0.000699582 -0.00174141 -0.00126265 -0.000867155 -0.0464825 -0.000377592 -0.00132587 0.0215888 -0.00264386 -0.00168363 0.00333953 0.000763488 0.00169533
internal_weight=1985.78 1980.99 1029.28 1022.96 1015.58 10.7838 1004.79 963.21 41.5815 18.723 957.751 951.71 702.106 691.038
internal_count=7938 6975 4381 4356 4331 241 4090 3969 121 66 3961 2594 1564 1527
is_linear=0
shrinkage=0.05


Tree=90
num_leaves=15
num_cat=0
split_feature=13 7 4 10 1 10 10 17 4 17 10 3 13 5
split_gain=6.90195 5.36407 16.2248 7.89164 12.8236 8.54915 14.7952 36.214 10.4107 14.1347 9.62395 8.46289 6.92751 5.96415
threshold=0.72708737942122192 260.14146603450007 648.50000000000011 0.16719320464801871 1657.5000000000002 0.06898159673647826 0.100114980554983 1.0000000180025095e-35 782.50000000000011 1.0000000180025095e-35 0.026688624145142625 297.50000000000006 410.88017229189001 372.50000000000006
decision_type=2 2 2 2 2 2 2 2 2 2 2 2 2 2
left_child=-1 2 -2 4 -3 8 7 -7 9 13 -11 -5 -4 -6
right_child=1 3 12 11 5 6 -8 -9 -10 10 -12 -13 -14 -15
leaf_value=-0.050590472009803523 0.00017213064077421726 0.023328213083492599 -0.024050377888648396 0.011863460123957711 0.028330549605540618 -0.1425724196159219 0.013960824761646931 0.012696778196098086 0.017906040555882043 -0.081262788482108661 -0.011164590912967067 -0.055348500174763206 -0.095063936249474512 -0.0083144863672357742
leaf_weight=6.5523520708084098 1670.4473387096077 101.22254369407892 8.2446108236908895 8.7075956314802188 18.370010793209076 6.8897968530654934 13.56025870144367 8.2544040232896787 80.738121151924133 9.3159114569425601 10.321281164884565 10.134198322892187 5.8861209899187079 28.069827273488045
leaf_count=1050 6218 189 26 18 35 31 27 16 157 32 24 31 28 67
internal_value=0.000641377 0.000810903 -0.000279185 0.00702348 0.00915523 0.000981647 -0.0239746 -0.0579424 0.00586095 -0.00885669 -0.0444193 -0.024287 -0.0536309 0.00618104
internal_weight=1986.71 1980.16 1684.58 295.584 276.742 175.52 28.7045 15.1442 146.815 66.077 19.6372 18.8418 14.1307 46.4398
internal_count=7949 6899 6272 627 578 389 74 47 315 158 56 49 54 102
is_linear=0
shrinkage=0.05


Tree=91
num_leaves=15
num_cat=0
split_feature=0 10 10 14 10 11 11 14 8 3 5 0 0 1
split_gain=5.09285 9.06665 18.792 11.5075 13.7245 11.2499 10.5487 14.6937 13.6188 9.93811 5.97215 5.08508 5.7398 4.48628
threshold=4275.0000000000009 0.24869387941144847 0.03559568289302642 2.5000000000000004 0.1948366880493683 0.15427855229419665 0.046561697664729076 12.500000000000002 35.419028629500012 256.50000000000006 81.500000000000014 16630.000000000004 6507.5000000000009 1122.5000000000002
decision_type=2 2 2 2 2 2 2 2 2 2 2 2 2 2
left_child=-1 2 5 -4 6 13 -5 8 9 -8 -7 12 -9 -2
right_child=1 -3 3 4 -6 10 7 11 -10 -11 -12 -13 -14 -15
leaf_value=0.0017410149463860547 0.052424749251128812 0.046643499844037345 0.029923878103349667 0.060758363190158537 -0.12974347105685652 -0.091436308049328507 -0.13779923968402646 0.0015349813265776867 -0.2240670958795406 0.031826684374934293 0.021710914293613898 0.017659648685089319 -0.094800271806685432 0.017255388218610123
leaf_weight=1891.4324912659358 21.843006786890328 17.079016048461199 8.2209794565569592 3.1827016915194752 3.5214841729030004 2.7609165525063863 1.7080824167933344 3.2903361711651069 1.7252402454614637 1.7463156324811278 2.0191095471382141 7.3855830170214176 2.9169378052465618 15.503796175122259
leaf_count=7416 37 34 25 7 17 199 43 14 10 8 4 48 29 31
internal_value=0.0023024 0.0137318 0.0063186 -0.0215125 -0.0381104 0.028581 -0.023413 -0.0376834 -0.109344 -0.0520476 -0.0436423 -0.0103767 -0.0437351 0.0378249
internal_weight=1984.34 92.9035 75.8245 33.6977 25.4767 42.1268 21.9552 18.7725 5.17964 3.4544 4.78003 13.5929 6.20727 37.3468
internal_count=7922 506 472 201 176 271 159 152 61 51 203 91 43 68
is_linear=0
shrinkage=0.05


Tree=92
num_leaves=15
num_cat=0
split_feature=8 11 0 11 4 0 11 14 11 11 11 6 1 5
split_gain=6.2403 6.18677 9.10405 12.2382 9.77578 13.8122 12.9056 10.8576 10.7304 10.6472 8.59998 18.3495 7.63843 15.7923
threshold=85.005362194999989 0.5393543131360824 2126.0000000000005 0.96163105425419315 12.500000000000002 23.922000000000004 0.98219997246380875 21.500000000000004 0.54423314960281377 0.54623387399613177 0.53566317320038792 85.005359062500006 199.00000000000003 14.500000000000002
decision_type=2 2 2 2 2 2 2 2 2 2 2 2 2 2
left_child=1 10 4 -4 5 7 12 8 -3 -10 -1 -12 -6 -14
right_child=-2 2 3 -5 6 -7 -8 -9 9 -11 11 -13 13 -15
leaf_value=-0.00068987973174203037 0.01682562178323397 0.037214393731078807 -0.087465781580799901 0.014253147687338558 0.029463153406524008 -0.065482104347253725 -0.055085674905530624 -0.046455537259632002 -0.057873120995012489 0.0039359818668143086 -0.11889965191977413 0.0052135851962640265 -0.12312091543738997 0.011115028406382231
leaf_weight=1376.836547890678 61.504638731479645 23.989361740648746 6.0647933022119087 5.7705468104686588 87.6202578835655 7.4398602540604761 5.8723807185888282 10.569580309092997 7.1392481178045264 289.46601844578981 4.8161497083492559 7.8027861639857292 2.2984353427309534 46.884312318172306
leaf_count=5503 123 44 149 44 207 47 24 48 24 828 35 19 46 702
internal_value=0.00115313 0.0006411 0.00545253 -0.0378708 0.00651792 0.00189224 0.0174958 0.00340585 0.00504972 0.00244825 -0.00106647 -0.0421555 0.0206114 0.00484184
internal_weight=1944.07 1882.57 493.115 11.8353 481.279 338.604 142.675 331.164 320.595 296.605 1389.46 12.6189 136.803 49.1827
internal_count=7843 7720 2163 193 1970 991 979 944 896 852 5557 54 955 748
is_linear=0
shrinkage=0.05


Tree=93
num_leaves=15
num_cat=0
split_feature=14 14 12 3 0 3 0 4 17 5 1 10 14 4
split_gain=6.36848 9.73852 8.46885 9.99905 27.1197 14.9227 13.9454 17.0011 17.6301 13.1677 12.7042 12.102 8.19008 9.59373
threshold=18.500000000000004 16.500000000000004 -1.0000000180025095e-35 569.50000000000011 289.98300000000006 682.50000000000011 241.28350000000003 83.500000000000014 1.0000000180025095e-35 191.50000000000003 633.50000000000011 0.023259218194622011 19.500000000000004 919.00000000000011
decision_type=2 2 2 2 2 2 2 2 2 2 2 2 2 2
left_child=1 -1 -3 4 6 -5 7 -4 10 -6 -9 -7 -2 -14
right_child=12 2 3 5 9 11 -8 8 -10 -11 -12 -13 13 -15
leaf_value=0.00036424206001882224 0.017284133308538882 0.041570878830101049 -0.0063672127193803579 0.056322400896838043 -0.050430581259807587 0.029295206514928864 0.063385619759037254 -0.05799172221240332 0.0025989304845404088 -0.14717177317169181 -0.16248523554465524 -0.057369132871275985 0.0029595552929783707 -0.060201181533955685
leaf_weight=1318.8965494327713 113.38440772448666 6.9746212484315029 90.57940436154604 11.466827616095545 11.276221230626108 7.3563803583383587 5.8362016677856436 9.3362526670098323 8.1227054893970472 5.1121031567454329 4.2251371443271628 8.9039383381605131 359.71293724351563 6.1143905967473975
leaf_count=5370 388 191 367 15 35 13 7 30 17 23 21 28 1382 24
internal_value=0.000529891 -0.00108448 -0.0123778 -0.0146974 -0.0203339 0.0126423 -0.0119699 -0.0158874 -0.0556554 -0.0806076 -0.0905473 -0.0181611 0.00554295 0.00190389
internal_weight=1967.3 1488.09 169.19 162.215 134.488 27.7271 118.1 112.263 21.6841 16.3883 13.5614 16.2603 479.212 365.827
internal_count=7911 6117 747 556 500 56 442 435 68 58 51 41 1794 1406
is_linear=0
shrinkage=0.05


Tree=94
num_leaves=15
num_cat=0
split_feature=12 17 14 0 10 10 14 2 11 17 0 10 9 11
split_gain=8.61082 7.92432 7.19961 4.51534 10.473 14.4872 6.50068 9.67941 11.1445 4.21904 6.44208 5.96492 11.8749 12.0981
threshold=-0.73097753731019566 49.500000000000007 18.500000000000004 4275.0000000000009 0.038360049080798896 0.24869387941144847 4.5000000000000009 235.50000000000003 0.070964168678023173 1.0000000180025095e-35 1912.0000000000002 0.015627164383275265 1.1443120326092917 0.052182407670217507
decision_type=2 2 2 2 2 2 2 2 2 2 2 2 2 2
left_child=1 -1 -3 9 -5 6 -6 -8 -9 -2 11 -11 -13 -14
right_child=3 2 -4 4 5 -7 7 8 -10 10 -12 12 13 -15
leaf_value=-0.050940377373426951 0.002053648398726229 -0.050955091021312682 0.061596140179265901 0.031213975718446418 0.0079648280946260884 0.035001264540882024 0.0027567122195698455 -0.028819089742841881 -0.12250866550601194 -0.012517666990240884 -0.04102534724068152 0.037366763240259171 0.013866046189832807 -0.012380093967616669
leaf_weight=14.558967960765587 1533.8661296665668 2.3362956028431645 3.6261349602136761 40.877480123192072 12.680618099868296 17.330214902758598 9.2653227970004099 8.576455205678938 5.0389723479747763 105.88894969597459 11.477161958813666 21.375777177512646 72.591234996914864 111.11019863188267
leaf_count=1395 5227 198 80 73 28 31 22 23 21 314 33 45 140 291
internal_value=0.00116243 -0.0310568 0.0174945 0.00150148 0.0122064 -0.00248363 -0.0207512 -0.0366658 -0.0634929 0.000960738 -0.00423825 -0.00288051 0.00209551 -0.0020087
internal_weight=1970.6 20.5214 5.96243 1950.08 93.7691 52.8916 35.5614 22.8808 13.6154 1856.31 322.443 310.966 205.077 183.701
internal_count=7921 1673 278 6248 198 125 94 66 44 6050 823 790 476 431
is_linear=0
shrinkage=0.05


Tree=95
num_leaves=15
num_cat=0
split_feature=8 8 7 0 12 15 4 12 3 2 0 12 3 1
split_gain=6.35799 5.83418 9.59627 9.70246 9.49175 8.24597 20.2507 8.55394 7.36307 7.19806 7.87896 8.34023 12.4803 12.029
threshold=85.005362194999989 85.005359595500011 124.54437692450001 414.58150000000006 13.046143337666452 0.25881904510252091 679.50000000000011 13.69581411502662 517.50000000000011 1420.0000000000002 445.89550000000003 13.69581409585906 604.50000000000011 1060.5000000000002
decision_type=2 2 2 2 2 2 2 2 2 2 2 2 2 2
left_child=1 4 3 -3 -1 9 7 -7 -9 10 -4 -12 13 -13
right_child=-2 2 5 -5 -6 6 -8 8 -10 -11 11 12 -14 -15
leaf_value=-0.0004493001664649529 0.018033653027580705 -0.10072999734575259 0.0097075178466439135 0.00014769382178465019 0.0074759246828928821 -0.043083516257864801 -0.099299289174157021 0.048552668479938423 -0.01114999504940534 0.036802844272833875 0.027130811134905893 -0.026036693778411057 -0.0065104709192518864 -0.12471656421260909
leaf_weight=1209.8157212594524 57.688880160450935 5.3977147042751294 56.826401427388191 4.2685490846633911 549.35242784768343 11.311769187450407 7.3312410265207282 8.0454757809638995 14.420935913920401 13.256762906908987 7.9898884296417227 7.0500437021255475 21.504229217767715 5.4955788254737854
leaf_count=6184 115 30 114 11 1247 32 28 11 34 21 14 18 50 23
internal_value=0.00167821 0.00118732 -0.00786522 -0.0561832 0.00202559 -0.00481721 -0.0239727 -0.0076237 0.0102302 0.00220606 -0.00243295 -0.0188436 -0.0296316 -0.0692632
internal_weight=1979.76 1922.07 162.899 9.66626 1759.17 153.232 41.1094 33.7782 22.4664 112.123 98.8661 42.0397 34.0499 12.5456
internal_count=7932 7817 386 41 7431 345 105 77 45 240 219 105 91 41
is_linear=0
shrinkage=0.05


Tree=96
num_leaves=15
num_cat=0
split_feature=0 0 0 11 15 0 0 17 11 3 3 6 11 2
split_gain=5.51487 7.27984 7.14576 6.49098 12.3288 12.5646 6.26705 5.72465 5.23813 8.86278 7.75203 10.0056 7.3525 14.5836
threshold=0.76400000000000012 0.7915000000000002 0.83050000000000013 0.54091293803385654 0.60355339059327384 0.5375000000000002 0.88650000000000018 178.50000000000003 0.040085839990967147 1270.5000000000002 1489.5000000000002 3.5552659055000002 0.042090457230665297 656.50000000000011
decision_type=2 2 2 2 2 2 2 2 2 2 2 2 2 2
left_child=3 -2 -3 -1 -5 -6 -4 8 9 -8 11 -10 13 -13
right_child=1 2 6 4 5 -7 7 -9 10 -11 -12 12 -14 -15
leaf_value=-0.0012620974441743607 0.046454975778522194 -0.045564098772015636 0.033780075232779518 -0.044888115590618338 0.072369110787083843 -0.022604558552081423 0.0076197973070918391 -0.043954067720641615 -0.060415362564072587 0.049438220162699095 -0.042525349637063219 0.0070820286002156721 0.0031207756174014235 -0.05844434548787493
leaf_weight=571.10573493689299 9.6222807019948942 7.5912183448672286 16.424361012876034 23.648043900728226 5.5977051258087149 9.2155370563268644 175.53377911774442 6.5416296403855076 6.3767267300281665 13.655595391988752 9.843793645501135 20.410738721489906 1085.68111486407 14.54034587740898
leaf_count=2815 23 35 42 128 21 39 387 71 518 22 29 42 3673 47
internal_value=0.00135367 0.00311816 0.00281077 -0.00260106 -0.0224831 0.0132846 0.00308299 0.00270464 0.00293482 0.0106382 0.00165285 0.00203873 0.00239411 -0.0201782
internal_weight=1975.79 1366.22 1356.6 609.567 38.4613 14.8132 1349.01 1332.58 1326.04 189.189 1136.85 1127.01 1120.63 34.9511
internal_count=7892 4889 4866 3003 188 60 4831 4789 4718 409 4309 4280 3762 89
is_linear=0
shrinkage=0.05


Tree=97
num_leaves=15
num_cat=0
split_feature=7 4 4 0 1 11 2 9 11 3 10 16 10 11
split_gain=5.79291 12.7728 16.4277 51.6656 13.2605 28.0514 21.3307 18.2806 16.0221 13.0268 9.94193 9.82789 9.30858 13.0945
threshold=277.8394771455001 352.50000000000006 372.50000000000006 900.02100000000007 1020.5000000000001 0.050401864787121858 689.50000000000011 1.4147140203239907 0.069476098717721355 350.50000000000006 0.074236625660898517 -0.70710678118654757 0.13159204059171567 0.069476098717721355
decision_type=2 2 2 2 2 2 2 2 2 2 2 2 2 2
left_child=1 9 3 -3 -4 7 -7 10 -8 -1 -6 12 13 -11
right_child=-2 2 4 -5 5 6 8 -9 -10 11 -12 -13 -14 -15
leaf_value=0.0010802654820995389 0.0084193705446638997 -0.15359994081845418 0.015962109672082576 0.023567163346513008 0.032028176098542784 -0.1247899298163892 -0.077726584221327902 -0.048669261471482754 0.0035408343120361535 -0.21207709828899307 -0.014086817042790382 0.03452559112078623 0.06267889472730577 -0.014033814076207816
leaf_weight=1498.6379712317139 270.72574829310179 7.8090318143367794 42.102242454886436 8.6991690695285779 32.560890689492226 8.2518503963947278 10.759987682104112 14.216068834066389 13.899564772844313 1.2553441971540444 18.23192672431469 45.094185696449131 1.6319834589958189 2.4906475152820349
leaf_count=6724 574 36 83 16 55 34 38 51 30 7 44 177 2 58
internal_value=0.00162477 0.00054631 -0.0130654 -0.0602399 -0.00750363 -0.0175931 -0.0552048 0.00144827 -0.0319195 0.00192171 0.0154753 0.0269061 -0.0369827 -0.0804014
internal_weight=1976.37 1705.64 156.531 16.5082 140.023 97.9203 32.9114 65.0089 24.6596 1549.11 50.7928 50.4722 5.37798 3.74599
internal_count=7929 7355 387 52 335 252 102 150 68 6968 99 244 67 65
is_linear=0
shrinkage=0.05


Tree=98
num_leaves=15
num_cat=0
split_feature=8 8 6 16 11 12 12 15 8 1 13 14 14 10
split_gain=5.3479 7.48126 9.46309 13.4385 7.90236 7.30973 10.7015 6.95467 6.53667 7.31459 5.35605 4.59674 9.61682 12.6218
threshold=85.005361241000017 85.005360191000008 503.32276407850003 0.78656609248549303 0.049403179671036315 13.695814126654938 13.69581412052132 -0.78656609248549292 83.185544900500005 2552.0000000000005 410.88017670239378 18.500000000000004 16.500000000000004 0.71249989668144387
decision_type=2 2 2 2 2 2 2 2 2 2 2 2 2 2
left_child=1 5 3 4 7 6 11 -3 -7 -10 -2 12 -1 -14
right_child=10 2 -4 -5 -6 8 -8 -9 9 -11 -12 -13 13 -15
leaf_value=0.001226970277793268 0.021969050797023017 -0.033224840062945599 0.010939246007268567 0.012680139586657195 -0.018925898808134067 -0.02087664097173304 -0.071306899000648016 -0.10124436881823923 0.026025808183022883 -0.015715005323182839 -0.016540949581844166 0.0057653363236189175 -0.021027091180556109 0.012299053817970048
leaf_weight=1184.7934315013699 54.842817857861519 6.3369848057627669 20.950163453817368 12.302695006132124 11.511048443615435 11.110043361783026 5.1096619069576255 9.2336139455437678 71.856112658977509 12.290880277752875 10.808385901153086 413.28705814876594 108.77443928783759 38.455676078796387
leaf_count=5082 105 19 42 26 30 30 17 37 131 31 29 1665 593 103
internal_value=0.00159807 0.00111479 -0.0162109 -0.0306531 -0.0503387 0.00168116 0.000947115 -0.0735615 0.0151697 0.019929 0.015629 0.00115865 -0.000270667 -0.0123225
internal_weight=1971.66 1906.01 60.3345 39.3843 27.0816 1845.68 1750.42 15.5706 95.257 84.147 65.6512 1745.31 1332.02 147.23
internal_count=7940 7806 154 112 86 7652 7460 56 192 162 134 7443 5778 696
is_linear=0
shrinkage=0.05


Tree=99
num_leaves=15
num_cat=0
split_feature=10 10 1 17 13 2 11 11 7 13 8 8 7 8
split_gain=7.95945 15.8166 8.28737 7.81961 10.3694 41.8693 9.50204 15.4544 15.2655 12.6632 9.25672 11.9947 7.91749 9.66086
threshold=0.024282015473453638 0.03130050638487971 2214.5000000000005 1.5000000000000002 410.88017373347628 849.50000000000011 0.058832756773437217 0.036114346813113977 142.58643895450004 410.88016933369067 85.005359154500027 85.005359100500016 412.13556829700002 85.005359917999996
decision_type=2 2 2 2 2 2 2 2 2 2 2 2 2 2
left_child=3 2 -2 12 5 6 7 -5 9 10 11 -8 13 -1
right_child=1 -3 -4 4 -6 -7 8 -9 -10 -11 -12 -13 -14 -15
leaf_value=-0.00069199134483716163 0.037373763706429496 0.0027350691809995935 -0.013156287775625677 0.00094706303140625655 0.020292132568276187 -0.1486237002044305 -0.0084113574715272265 -0.10934057561872322 0.051636656140907261 -0.14511217410806207 0.05173363517619637 -0.075783198295474197 0.025592118727560443 -0.053548404056593751
leaf_weight=720.63978065457195 50.107477606972679 1025.1389665829483 9.6823769956827146 6.5464248508214933 18.691015124320984 5.9772596564143887 59.57850231975317 6.1703711748123169 10.04897744534537 1.7977359443902958 5.4753711223602286 7.4304553717374793 28.380068898200989 8.7498771846294385
leaf_count=3418 246 3137 24 20 35 28 820 24 16 8 7 25 55 27
internal_value=0.00132748 0.00419304 0.0291909 -0.00220745 -0.0139711 -0.0201872 -0.0122767 -0.0525661 -0.00620124 -0.0140256 -0.0107745 -0.0158821 -0.000317923 -0.00132607
internal_weight=1964.41 1084.93 59.7899 879.486 121.716 103.025 97.0478 12.7168 84.331 74.2821 72.4843 67.009 757.77 729.39
internal_count=7890 3407 270 4483 983 948 920 44 876 860 852 845 3500 3445
is_linear=0
shrinkage=0.05


end of trees

feature_importances:
time_to_migrate_s=195
price_return_pre=147
top_holder_share=133
n_buyers=104
mcap_at_t_sol=94
net_flow_sol=91
creator_prior_mints_24h=76
sniper_buy_share=75
buy_sol=67
hour_sin=65
hour_cos=57
hour_of_day=56
n_sellers=48
n_sells=45
n_bonding_trades=41
n_buys=38
sell_sol=37
buy_sell_ratio=31

parameters:
[boosting: gbdt]
[objective: binary]
[metric: binary_logloss]
[tree_learner: serial]
[device_type: cpu]
[data_sample_strategy: bagging]
[data: ]
[valid: ]
[num_iterations: 100]
[learning_rate: 0.05]
[num_leaves: 15]
[num_threads: 1]
[seed: 1]
[deterministic: 1]
[force_col_wise: 0]
[force_row_wise: 1]
[histogram_pool_size: -1]
[max_depth: -1]
[min_data_in_leaf: 20]
[min_sum_hessian_in_leaf: 0.001]
[bagging_fraction: 0.9]
[pos_bagging_fraction: 1]
[neg_bagging_fraction: 1]
[bagging_freq: 1]
[bagging_seed: 18467]
[bagging_by_query: 0]
[feature_fraction: 0.9]
[feature_fraction_bynode: 1]
[feature_fraction_seed: 26500]
[extra_trees: 0]
[extra_seed: 15724]
[early_stopping_round: 0]
[early_stopping_min_delta: 0]
[first_metric_only: 0]
[max_delta_step: 0]
[lambda_l1: 0]
[lambda_l2: 0]
[linear_lambda: 0]
[min_gain_to_split: 0]
[drop_rate: 0.1]
[max_drop: 50]
[skip_drop: 0.5]
[xgboost_dart_mode: 0]
[uniform_drop: 0]
[drop_seed: 6334]
[top_rate: 0.2]
[other_rate: 0.1]
[min_data_per_group: 100]
[max_cat_threshold: 32]
[cat_l2: 10]
[cat_smooth: 10]
[max_cat_to_onehot: 4]
[top_k: 20]
[monotone_constraints: ]
[monotone_constraints_method: basic]
[monotone_penalty: 0]
[feature_contri: ]
[forcedsplits_filename: ]
[refit_decay_rate: 0.9]
[cegb_tradeoff: 1]
[cegb_penalty_split: 0]
[cegb_penalty_feature_lazy: ]
[cegb_penalty_feature_coupled: ]
[path_smooth: 0]
[interaction_constraints: ]
[verbosity: -1]
[saved_feature_importance_type: 0]
[use_quantized_grad: 0]
[num_grad_quant_bins: 4]
[quant_train_renew_leaf: 0]
[stochastic_rounding: 1]
[linear_tree: 0]
[max_bin: 255]
[max_bin_by_feature: ]
[min_data_in_bin: 3]
[bin_construct_sample_cnt: 200000]
[data_random_seed: 41]
[is_enable_sparse: 1]
[enable_bundle: 1]
[use_missing: 1]
[zero_as_missing: 0]
[feature_pre_filter: 1]
[pre_partition: 0]
[two_round: 0]
[header: 0]
[label_column: ]
[weight_column: ]
[group_column: ]
[ignore_column: ]
[categorical_feature: ]
[forcedbins_filename: ]
[precise_float_parser: 0]
[parser_config_file: ]
[objective_seed: 19169]
[num_class: 1]
[is_unbalance: 0]
[scale_pos_weight: 5.08645]
[sigmoid: 1]
[boost_from_average: 1]
[reg_sqrt: 0]
[alpha: 0.9]
[fair_c: 1]
[poisson_max_delta_step: 0.7]
[tweedie_variance_power: 1.5]
[lambdarank_truncation_level: 30]
[lambdarank_norm: 1]
[label_gain: ]
[lambdarank_position_bias_regularization: 0]
[eval_at: ]
[multi_error_top_k: 1]
[auc_mu_weights: ]
[num_machines: 1]
[local_listen_port: 12400]
[time_out: 120]
[machine_list_filename: ]
[machines: ]
[gpu_platform_id: -1]
[gpu_device_id: -1]
[gpu_device_id_list: ]
[gpu_use_dp: 0]
[num_gpu: 1]

end of parameters

pandas_categorical:null
